reporting_period,entity,lhd,peer_group,attendances,pct_on_time,quarter_start,district_type
Apr-Jun 2010,Armidale,Hunter New England,District group 1,3661.0,83.3,2010-04-01,Regional
Apr-Jun 2010,Auburn,Western Sydney,Major,5893.0,64.6,2010-04-01,Metropolitan
Apr-Jun 2010,Bankstown-Lidcombe,South Western Sydney,Principal referral,10333.0,83.5,2010-04-01,Metropolitan
Apr-Jun 2010,Bathurst,Western NSW,District group 1,5865.0,74.5,2010-04-01,Regional
Apr-Jun 2010,Belmont,Hunter New England,District group 1,5569.0,73.3,2010-04-01,Regional
Apr-Jun 2010,Blacktown,Western Sydney,Major,8281.0,82.0,2010-04-01,Metropolitan
Apr-Jun 2010,Blue Mountains,Nepean Blue Mountains,District group 2,4148.0,71.6,2010-04-01,Metropolitan
Apr-Jun 2010,Bowral,South Western Sydney,District group 1,4228.0,72.8,2010-04-01,Metropolitan
Apr-Jun 2010,Calvary Mater,Hunter New England,Ungrouped acute - tertiary referral,7257.0,56.4,2010-04-01,Regional
Apr-Jun 2010,Campbelltown,South Western Sydney,Major,12534.0,70.4,2010-04-01,Metropolitan
Apr-Jun 2010,Canterbury,Sydney,Major,8063.0,63.6,2010-04-01,Metropolitan
Apr-Jun 2010,Cessnock,Hunter New England,District group 2,4163.0,79.5,2010-04-01,Regional
Apr-Jun 2010,Children's at Westmead,Sydney Children's Hospitals Network,Paediatric specialist,12442.0,73.9,2010-04-01,Specialty network
Apr-Jun 2010,Concord,Sydney,Principal referral,7856.0,79.0,2010-04-01,Metropolitan
Apr-Jun 2010,Fairfield,South Western Sydney,Major,7730.0,68.5,2010-04-01,Metropolitan
Apr-Jun 2010,Gosford,Central Coast,Principal referral,13394.0,67.9,2010-04-01,Metropolitan
Apr-Jun 2010,Grafton,Northern NSW,District group 1,5412.0,68.4,2010-04-01,Regional
Apr-Jun 2010,Griffith,Murrumbidgee,District group 1,4945.0,55.8,2010-04-01,Regional
Apr-Jun 2010,Gunnedah,Hunter New England,District group 2,2385.0,99.6,2010-04-01,Regional
Apr-Jun 2010,Hawkesbury,Nepean Blue Mountains,District group 1,4788.0,60.8,2010-04-01,Metropolitan
Apr-Jun 2010,Hornsby,Northern Sydney,Major,7669.0,77.9,2010-04-01,Metropolitan
Apr-Jun 2010,Inverell,Hunter New England,District group 2,2328.0,80.4,2010-04-01,Regional
Apr-Jun 2010,John Hunter,Hunter New England,Principal referral,15981.0,74.3,2010-04-01,Regional
Apr-Jun 2010,Kempsey,Mid North Coast,District group 2,4862.0,71.1,2010-04-01,Regional
Apr-Jun 2010,Kurri Kurri,Hunter New England,District group 2,1757.0,82.7,2010-04-01,Regional
Apr-Jun 2010,Lismore,Northern NSW,Major,7337.0,59.4,2010-04-01,Regional
Apr-Jun 2010,Lithgow,Nepean Blue Mountains,District group 2,3122.0,85.5,2010-04-01,Metropolitan
Apr-Jun 2010,Liverpool,South Western Sydney,Principal referral,15215.0,74.9,2010-04-01,Metropolitan
Apr-Jun 2010,Maitland,Hunter New England,Major,9885.0,63.8,2010-04-01,Regional
Apr-Jun 2010,Manly,Northern Sydney,Major,5227.0,94.3,2010-04-01,Metropolitan
Apr-Jun 2010,Manning,Hunter New England,Major,5421.0,53.8,2010-04-01,Regional
Apr-Jun 2010,Milton,Illawarra Shoalhaven,District group 2,3313.0,93.0,2010-04-01,Metropolitan
Apr-Jun 2010,Mona Vale,Northern Sydney,Major,6451.0,90.0,2010-04-01,Metropolitan
Apr-Jun 2010,Moree,Hunter New England,District group 2,2385.0,96.3,2010-04-01,Regional
Apr-Jun 2010,Mount Druitt,Western Sydney,District group 1,7662.0,74.5,2010-04-01,Metropolitan
Apr-Jun 2010,Murwillumbah,Northern NSW,District group 1,3725.0,75.7,2010-04-01,Regional
Apr-Jun 2010,Muswellbrook,Hunter New England,District group 2,1810.0,78.5,2010-04-01,Regional
Apr-Jun 2010,Narrabri,Hunter New England,District group 2,1461.0,96.9,2010-04-01,Regional
Apr-Jun 2010,Nepean,Nepean Blue Mountains,Principal referral,12566.0,59.7,2010-04-01,Metropolitan
Apr-Jun 2010,Orange,Western NSW,Major,6596.0,72.4,2010-04-01,Regional
Apr-Jun 2010,Port Macquarie,Mid North Coast,Major,7562.0,59.6,2010-04-01,Regional
Apr-Jun 2010,Royal North Shore,Northern Sydney,Principal referral,13741.0,82.5,2010-04-01,Metropolitan
Apr-Jun 2010,Royal Prince Alfred,Sydney,Principal referral,15255.0,69.6,2010-04-01,Metropolitan
Apr-Jun 2010,Ryde,Northern Sydney,District group 1,6005.0,84.9,2010-04-01,Metropolitan
Apr-Jun 2010,Shellharbour,Illawarra Shoalhaven,District group 1,6286.0,71.7,2010-04-01,Metropolitan
Apr-Jun 2010,Shoalhaven,Illawarra Shoalhaven,Major,7825.0,65.6,2010-04-01,Metropolitan
Apr-Jun 2010,Singleton,Hunter New England,District group 2,2972.0,76.0,2010-04-01,Regional
Apr-Jun 2010,St George,South Eastern Sydney,Principal referral,14575.0,57.9,2010-04-01,Metropolitan
Apr-Jun 2010,St Vincent's,St Vincent's Health Network,Principal referral,9873.0,78.6,2010-04-01,Specialty network
Apr-Jun 2010,Sutherland,South Eastern Sydney,Major,10412.0,65.3,2010-04-01,Metropolitan
Apr-Jun 2010,Sydney and Sydney Eye,South Eastern Sydney,Ungrouped acute - tertiary referral,8809.0,91.9,2010-04-01,Metropolitan
Apr-Jun 2010,Tamworth,Hunter New England,Major,10533.0,64.1,2010-04-01,Regional
Apr-Jun 2010,Tweed Valley,Northern NSW,Major,10145.0,67.7,2010-04-01,Regional
Apr-Jun 2010,Wagga Wagga,Murrumbidgee,Major,8251.0,80.1,2010-04-01,Regional
Apr-Jun 2010,Westmead,Western Sydney,Principal referral,13268.0,57.1,2010-04-01,Metropolitan
Apr-Jun 2010,Wollongong,Illawarra Shoalhaven,Principal referral,12697.0,64.8,2010-04-01,Metropolitan
Apr-Jun 2010,Wyong,Central Coast,Major,13378.0,70.2,2010-04-01,Metropolitan
Apr-Jun 2011,Armidale,Hunter New England,District group 1,4004.0,79.0,2011-04-01,Regional
Apr-Jun 2011,Auburn,Western Sydney,Major,6003.0,74.2,2011-04-01,Metropolitan
Apr-Jun 2011,Bankstown-Lidcombe,South Western Sydney,Principal referral,10890.0,78.4,2011-04-01,Metropolitan
Apr-Jun 2011,Bathurst,Western NSW,District group 1,5934.0,75.3,2011-04-01,Regional
Apr-Jun 2011,Belmont,Hunter New England,District group 1,5738.0,76.2,2011-04-01,Regional
Apr-Jun 2011,Blacktown,Western Sydney,Major,8666.0,70.6,2011-04-01,Metropolitan
Apr-Jun 2011,Blue Mountains,Nepean Blue Mountains,District group 2,4399.0,68.4,2011-04-01,Metropolitan
Apr-Jun 2011,Bowral,South Western Sydney,District group 1,4446.0,66.7,2011-04-01,Metropolitan
Apr-Jun 2011,Broken Hill,Far West,District group 1,6026.0,83.3,2011-04-01,Regional
Apr-Jun 2011,Calvary Mater,Hunter New England,Ungrouped acute - tertiary referral,7420.0,77.2,2011-04-01,Regional
Apr-Jun 2011,Campbelltown,South Western Sydney,Major,13766.0,73.3,2011-04-01,Metropolitan
Apr-Jun 2011,Canterbury,Sydney,Major,8407.0,60.6,2011-04-01,Metropolitan
Apr-Jun 2011,Cessnock,Hunter New England,District group 2,4359.0,81.0,2011-04-01,Regional
Apr-Jun 2011,Children's at Westmead,Sydney Children's Hospitals Network,Paediatric specialist,12339.0,75.1,2011-04-01,Specialty network
Apr-Jun 2011,Coffs Harbour,Mid North Coast,Major,7540.0,67.2,2011-04-01,Regional
Apr-Jun 2011,Concord,Sydney,Principal referral,8568.0,69.4,2011-04-01,Metropolitan
Apr-Jun 2011,Dubbo,Western NSW,Major,6730.0,64.9,2011-04-01,Regional
Apr-Jun 2011,Fairfield,South Western Sydney,Major,7740.0,66.1,2011-04-01,Metropolitan
Apr-Jun 2011,Goulburn,Southern NSW,District group 1,4355.0,57.7,2011-04-01,Regional
Apr-Jun 2011,Grafton,Northern NSW,District group 1,5759.0,67.1,2011-04-01,Regional
Apr-Jun 2011,Griffith,Murrumbidgee,District group 1,5059.0,74.9,2011-04-01,Regional
Apr-Jun 2011,Gunnedah,Hunter New England,District group 2,2625.0,72.4,2011-04-01,Regional
Apr-Jun 2011,Hawkesbury,Nepean Blue Mountains,District group 1,5075.0,64.8,2011-04-01,Metropolitan
Apr-Jun 2011,Hornsby,Northern Sydney,Major,8084.0,73.9,2011-04-01,Metropolitan
Apr-Jun 2011,Inverell,Hunter New England,District group 2,2360.0,63.3,2011-04-01,Regional
Apr-Jun 2011,John Hunter,Hunter New England,Principal referral,16477.0,74.7,2011-04-01,Regional
Apr-Jun 2011,Kempsey,Mid North Coast,District group 2,5124.0,72.5,2011-04-01,Regional
Apr-Jun 2011,Kurri Kurri,Hunter New England,District group 2,1832.0,88.8,2011-04-01,Regional
Apr-Jun 2011,Lismore,Northern NSW,Major,7066.0,62.8,2011-04-01,Regional
Apr-Jun 2011,Lithgow,Nepean Blue Mountains,District group 2,3201.0,85.5,2011-04-01,Metropolitan
Apr-Jun 2011,Liverpool,South Western Sydney,Principal referral,15377.0,71.0,2011-04-01,Metropolitan
Apr-Jun 2011,Maitland,Hunter New England,Major,10258.0,63.7,2011-04-01,Regional
Apr-Jun 2011,Manly,Northern Sydney,Major,5369.0,94.4,2011-04-01,Metropolitan
Apr-Jun 2011,Manning,Hunter New England,Major,5772.0,75.2,2011-04-01,Regional
Apr-Jun 2011,Milton,Illawarra Shoalhaven,District group 2,3291.0,87.4,2011-04-01,Metropolitan
Apr-Jun 2011,Mona Vale,Northern Sydney,Major,6926.0,87.8,2011-04-01,Metropolitan
Apr-Jun 2011,Moree,Hunter New England,District group 2,2496.0,82.6,2011-04-01,Regional
Apr-Jun 2011,Mount Druitt,Western Sydney,District group 1,7884.0,68.7,2011-04-01,Metropolitan
Apr-Jun 2011,Murwillumbah,Northern NSW,District group 1,3704.0,83.7,2011-04-01,Regional
Apr-Jun 2011,Muswellbrook,Hunter New England,District group 2,2005.0,74.8,2011-04-01,Regional
Apr-Jun 2011,Narrabri,Hunter New England,District group 2,1246.0,96.5,2011-04-01,Regional
Apr-Jun 2011,Nepean,Nepean Blue Mountains,Principal referral,13040.0,53.1,2011-04-01,Metropolitan
Apr-Jun 2011,Orange,Western NSW,Major,6799.0,72.4,2011-04-01,Regional
Apr-Jun 2011,Port Macquarie,Mid North Coast,Major,7654.0,63.9,2011-04-01,Regional
Apr-Jun 2011,Prince of Wales,South Eastern Sydney,Principal referral,10843.0,58.5,2011-04-01,Metropolitan
Apr-Jun 2011,Royal North Shore,Northern Sydney,Principal referral,14709.0,83.9,2011-04-01,Metropolitan
Apr-Jun 2011,Royal Prince Alfred,Sydney,Principal referral,15577.0,66.1,2011-04-01,Metropolitan
Apr-Jun 2011,Ryde,Northern Sydney,District group 1,6416.0,84.5,2011-04-01,Metropolitan
Apr-Jun 2011,Shellharbour,Illawarra Shoalhaven,District group 1,6297.0,64.9,2011-04-01,Metropolitan
Apr-Jun 2011,Shoalhaven,Illawarra Shoalhaven,Major,8329.0,67.7,2011-04-01,Metropolitan
Apr-Jun 2011,Singleton,Hunter New England,District group 2,2944.0,70.8,2011-04-01,Regional
Apr-Jun 2011,South East Regional,Southern NSW,District group 1,3028.0,65.3,2011-04-01,Regional
Apr-Jun 2011,St George,South Eastern Sydney,Principal referral,15101.0,62.2,2011-04-01,Metropolitan
Apr-Jun 2011,St Vincent's,St Vincent's Health Network,Principal referral,9936.0,78.5,2011-04-01,Specialty network
Apr-Jun 2011,Sutherland,South Eastern Sydney,Major,11042.0,74.1,2011-04-01,Metropolitan
Apr-Jun 2011,Sydney Children's Randwick,Sydney Children's Hospitals Network,Paediatric specialist,9252.0,67.8,2011-04-01,Specialty network
Apr-Jun 2011,Sydney and Sydney Eye,South Eastern Sydney,Ungrouped acute - tertiary referral,9012.0,91.7,2011-04-01,Metropolitan
Apr-Jun 2011,Tamworth,Hunter New England,Major,9896.0,74.4,2011-04-01,Regional
Apr-Jun 2011,Tweed Valley,Northern NSW,Major,9798.0,60.1,2011-04-01,Regional
Apr-Jun 2011,Wagga Wagga,Murrumbidgee,Major,8280.0,73.4,2011-04-01,Regional
Apr-Jun 2011,Westmead,Western Sydney,Principal referral,13821.0,65.3,2011-04-01,Metropolitan
Apr-Jun 2011,Wollongong,Illawarra Shoalhaven,Principal referral,13103.0,56.4,2011-04-01,Metropolitan
Apr-Jun 2012,Armidale,Hunter New England,District group 1,3976.0,73.1,2012-04-01,Regional
Apr-Jun 2012,Auburn,Western Sydney,Major,6382.0,76.3,2012-04-01,Metropolitan
Apr-Jun 2012,Ballina,Northern NSW,District group 2,3806.0,69.0,2012-04-01,Regional
Apr-Jun 2012,Bankstown-Lidcombe,South Western Sydney,Principal referral,11768.0,65.4,2012-04-01,Metropolitan
Apr-Jun 2012,Bathurst,Western NSW,District group 1,6253.0,75.3,2012-04-01,Regional
Apr-Jun 2012,Belmont,Hunter New England,District group 1,6141.0,70.3,2012-04-01,Regional
Apr-Jun 2012,Blacktown,Western Sydney,Major,9342.0,69.1,2012-04-01,Metropolitan
Apr-Jun 2012,Blue Mountains,Nepean Blue Mountains,District group 2,4529.0,69.9,2012-04-01,Metropolitan
Apr-Jun 2012,Bowral,South Western Sydney,District group 1,4543.0,74.9,2012-04-01,Metropolitan
Apr-Jun 2012,Broken Hill,Far West,District group 1,5807.0,83.4,2012-04-01,Regional
Apr-Jun 2012,Calvary Mater,Hunter New England,Ungrouped acute - tertiary referral,8145.0,83.4,2012-04-01,Regional
Apr-Jun 2012,Campbelltown,South Western Sydney,Major,14358.0,74.0,2012-04-01,Metropolitan
Apr-Jun 2012,Canterbury,Sydney,Major,9273.0,48.4,2012-04-01,Metropolitan
Apr-Jun 2012,Casino,Northern NSW,District group 2,3955.0,56.5,2012-04-01,Regional
Apr-Jun 2012,Cessnock,Hunter New England,District group 2,4591.0,77.8,2012-04-01,Regional
Apr-Jun 2012,Children's at Westmead,Sydney Children's Hospitals Network,Paediatric specialist,13896.0,63.9,2012-04-01,Specialty network
Apr-Jun 2012,Coffs Harbour,Mid North Coast,Major,8614.0,72.7,2012-04-01,Regional
Apr-Jun 2012,Concord,Sydney,Principal referral,8962.0,79.1,2012-04-01,Metropolitan
Apr-Jun 2012,Dubbo,Western NSW,Major,7194.0,63.5,2012-04-01,Regional
Apr-Jun 2012,Fairfield,South Western Sydney,Major,8511.0,69.7,2012-04-01,Metropolitan
Apr-Jun 2012,Gosford,Central Coast,Principal referral,14380.0,66.4,2012-04-01,Metropolitan
Apr-Jun 2012,Goulburn,Southern NSW,District group 1,4472.0,53.3,2012-04-01,Regional
Apr-Jun 2012,Grafton,Northern NSW,District group 1,5502.0,69.4,2012-04-01,Regional
Apr-Jun 2012,Griffith,Murrumbidgee,District group 1,4732.0,74.2,2012-04-01,Regional
Apr-Jun 2012,Gunnedah,Hunter New England,District group 2,2546.0,72.1,2012-04-01,Regional
Apr-Jun 2012,Hawkesbury,Nepean Blue Mountains,District group 1,5395.0,64.3,2012-04-01,Metropolitan
Apr-Jun 2012,Hornsby,Northern Sydney,Major,8298.0,62.7,2012-04-01,Metropolitan
Apr-Jun 2012,Inverell,Hunter New England,District group 2,2636.0,73.1,2012-04-01,Regional
Apr-Jun 2012,John Hunter,Hunter New England,Principal referral,17582.0,66.9,2012-04-01,Regional
Apr-Jun 2012,Kempsey,Mid North Coast,District group 2,5244.0,80.9,2012-04-01,Regional
Apr-Jun 2012,Kurri Kurri,Hunter New England,District group 2,1856.0,86.9,2012-04-01,Regional
Apr-Jun 2012,Lismore,Northern NSW,Major,7319.0,65.7,2012-04-01,Regional
Apr-Jun 2012,Lithgow,Nepean Blue Mountains,District group 2,3280.0,88.9,2012-04-01,Metropolitan
Apr-Jun 2012,Liverpool,South Western Sydney,Principal referral,16876.0,62.1,2012-04-01,Metropolitan
Apr-Jun 2012,Maclean,Northern NSW,District group 2,2654.0,80.6,2012-04-01,Regional
Apr-Jun 2012,Maitland,Hunter New England,Major,11484.0,62.9,2012-04-01,Regional
Apr-Jun 2012,Manly,Northern Sydney,Major,6166.0,78.9,2012-04-01,Metropolitan
Apr-Jun 2012,Manning,Hunter New England,Major,6171.0,68.3,2012-04-01,Regional
Apr-Jun 2012,Milton,Illawarra Shoalhaven,District group 2,3408.0,78.9,2012-04-01,Metropolitan
Apr-Jun 2012,Mona Vale,Northern Sydney,Major,7858.0,72.4,2012-04-01,Metropolitan
Apr-Jun 2012,Moree,Hunter New England,District group 2,2274.0,85.8,2012-04-01,Regional
Apr-Jun 2012,Mount Druitt,Western Sydney,District group 1,8301.0,62.3,2012-04-01,Metropolitan
Apr-Jun 2012,Murwillumbah,Northern NSW,District group 1,3821.0,87.0,2012-04-01,Regional
Apr-Jun 2012,Muswellbrook,Hunter New England,District group 2,1966.0,81.9,2012-04-01,Regional
Apr-Jun 2012,Narrabri,Hunter New England,District group 2,1598.0,92.6,2012-04-01,Regional
Apr-Jun 2012,Nepean,Nepean Blue Mountains,Principal referral,14476.0,79.5,2012-04-01,Metropolitan
Apr-Jun 2012,Orange,Western NSW,Major,6966.0,77.4,2012-04-01,Regional
Apr-Jun 2012,Port Macquarie,Mid North Coast,Major,7857.0,70.8,2012-04-01,Regional
Apr-Jun 2012,Prince of Wales,South Eastern Sydney,Principal referral,11476.0,71.6,2012-04-01,Metropolitan
Apr-Jun 2012,Royal North Shore,Northern Sydney,Principal referral,15804.0,76.5,2012-04-01,Metropolitan
Apr-Jun 2012,Royal Prince Alfred,Sydney,Principal referral,17086.0,56.2,2012-04-01,Metropolitan
Apr-Jun 2012,Ryde,Northern Sydney,District group 1,6492.0,82.0,2012-04-01,Metropolitan
Apr-Jun 2012,Shellharbour,Illawarra Shoalhaven,District group 1,6690.0,64.2,2012-04-01,Metropolitan
Apr-Jun 2012,Shoalhaven,Illawarra Shoalhaven,Major,8650.0,66.3,2012-04-01,Metropolitan
Apr-Jun 2012,Singleton,Hunter New England,District group 2,3117.0,68.9,2012-04-01,Regional
Apr-Jun 2012,South East Regional,Southern NSW,District group 1,2726.0,74.4,2012-04-01,Regional
Apr-Jun 2012,St George,South Eastern Sydney,Principal referral,16866.0,55.9,2012-04-01,Metropolitan
Apr-Jun 2012,St Vincent's,St Vincent's Health Network,Principal referral,10651.0,78.2,2012-04-01,Specialty network
Apr-Jun 2012,Sutherland,South Eastern Sydney,Major,12156.0,67.7,2012-04-01,Metropolitan
Apr-Jun 2012,Sydney Children's Randwick,Sydney Children's Hospitals Network,Paediatric specialist,9931.0,61.8,2012-04-01,Specialty network
Apr-Jun 2012,Sydney and Sydney Eye,South Eastern Sydney,Ungrouped acute - tertiary referral,9053.0,94.8,2012-04-01,Metropolitan
Apr-Jun 2012,Tamworth,Hunter New England,Major,9794.0,72.4,2012-04-01,Regional
Apr-Jun 2012,Tweed Valley,Northern NSW,Major,10143.0,71.7,2012-04-01,Regional
Apr-Jun 2012,Wagga Wagga,Murrumbidgee,Major,8769.0,80.6,2012-04-01,Regional
Apr-Jun 2012,Westmead,Western Sydney,Principal referral,15020.0,66.8,2012-04-01,Metropolitan
Apr-Jun 2012,Wollongong,Illawarra Shoalhaven,Principal referral,14072.0,51.7,2012-04-01,Metropolitan
Apr-Jun 2012,Wyong,Central Coast,Major,14441.0,77.9,2012-04-01,Metropolitan
Apr-Jun 2013,Armidale,Hunter New England,District group 1,3927.0,75.8,2013-04-01,Regional
Apr-Jun 2013,Auburn,Western Sydney,Major,6288.0,71.0,2013-04-01,Metropolitan
Apr-Jun 2013,Ballina,Northern NSW,District group 2,3832.0,74.5,2013-04-01,Regional
Apr-Jun 2013,Bankstown-Lidcombe,South Western Sydney,Principal referral,11356.0,68.9,2013-04-01,Metropolitan
Apr-Jun 2013,Batemans Bay,Southern NSW,District group 2,3553.0,72.8,2013-04-01,Regional
Apr-Jun 2013,Bathurst,Western NSW,District group 1,5852.0,85.3,2013-04-01,Regional
Apr-Jun 2013,Belmont,Hunter New England,District group 1,6122.0,85.7,2013-04-01,Regional
Apr-Jun 2013,Blacktown,Western Sydney,Major,8998.0,81.2,2013-04-01,Metropolitan
Apr-Jun 2013,Blue Mountains,Nepean Blue Mountains,District group 2,4090.0,69.7,2013-04-01,Metropolitan
Apr-Jun 2013,Bowral,South Western Sydney,District group 1,4311.0,77.5,2013-04-01,Metropolitan
Apr-Jun 2013,Broken Hill,Far West,District group 1,5356.0,67.0,2013-04-01,Regional
Apr-Jun 2013,Calvary Mater,Hunter New England,Ungrouped acute - tertiary referral,8153.0,81.0,2013-04-01,Regional
Apr-Jun 2013,Campbelltown,South Western Sydney,Major,14515.0,77.2,2013-04-01,Metropolitan
Apr-Jun 2013,Canterbury,Sydney,Major,9267.0,67.7,2013-04-01,Metropolitan
Apr-Jun 2013,Casino,Northern NSW,District group 2,3509.0,67.7,2013-04-01,Regional
Apr-Jun 2013,Cessnock,Hunter New England,District group 2,4194.0,81.3,2013-04-01,Regional
Apr-Jun 2013,Children's at Westmead,Sydney Children's Hospitals Network,Paediatric specialist,13146.0,61.8,2013-04-01,Specialty network
Apr-Jun 2013,Coffs Harbour,Mid North Coast,Major,8502.0,83.2,2013-04-01,Regional
Apr-Jun 2013,Concord,Sydney,Principal referral,8908.0,72.8,2013-04-01,Metropolitan
Apr-Jun 2013,Deniliquin,Murrumbidgee,District group 2,2180.0,80.4,2013-04-01,Regional
Apr-Jun 2013,Dubbo,Western NSW,Major,6804.0,74.7,2013-04-01,Regional
Apr-Jun 2013,Fairfield,South Western Sydney,Major,8214.0,80.3,2013-04-01,Metropolitan
Apr-Jun 2013,Gosford,Central Coast,Principal referral,14195.0,65.6,2013-04-01,Metropolitan
Apr-Jun 2013,Goulburn,Southern NSW,District group 1,4206.0,54.4,2013-04-01,Regional
Apr-Jun 2013,Grafton,Northern NSW,District group 1,5787.0,75.8,2013-04-01,Regional
Apr-Jun 2013,Griffith,Murrumbidgee,District group 1,4446.0,78.2,2013-04-01,Regional
Apr-Jun 2013,Gunnedah,Hunter New England,District group 2,1964.0,73.8,2013-04-01,Regional
Apr-Jun 2013,Hawkesbury,Nepean Blue Mountains,District group 1,5120.0,76.4,2013-04-01,Metropolitan
Apr-Jun 2013,Hornsby,Northern Sydney,Major,8700.0,86.7,2013-04-01,Metropolitan
Apr-Jun 2013,Inverell,Hunter New England,District group 2,2710.0,77.9,2013-04-01,Regional
Apr-Jun 2013,John Hunter,Hunter New England,Principal referral,17171.0,67.2,2013-04-01,Regional
Apr-Jun 2013,Kempsey,Mid North Coast,District group 2,5294.0,71.3,2013-04-01,Regional
Apr-Jun 2013,Kurri Kurri,Hunter New England,District group 2,1718.0,87.4,2013-04-01,Regional
Apr-Jun 2013,Lismore,Northern NSW,Major,7193.0,68.0,2013-04-01,Regional
Apr-Jun 2013,Lithgow,Nepean Blue Mountains,District group 2,3044.0,85.4,2013-04-01,Metropolitan
Apr-Jun 2013,Liverpool,South Western Sydney,Principal referral,17545.0,61.3,2013-04-01,Metropolitan
Apr-Jun 2013,Macksville,Mid North Coast,District group 2,2834.0,58.9,2013-04-01,Regional
Apr-Jun 2013,Maclean,Northern NSW,District group 2,2583.0,76.8,2013-04-01,Regional
Apr-Jun 2013,Maitland,Hunter New England,Major,11270.0,68.1,2013-04-01,Regional
Apr-Jun 2013,Manly,Northern Sydney,Major,6033.0,86.9,2013-04-01,Metropolitan
Apr-Jun 2013,Manning,Hunter New England,Major,6250.0,78.3,2013-04-01,Regional
Apr-Jun 2013,Milton,Illawarra Shoalhaven,District group 2,3272.0,75.6,2013-04-01,Metropolitan
Apr-Jun 2013,Mona Vale,Northern Sydney,Major,7883.0,79.1,2013-04-01,Metropolitan
Apr-Jun 2013,Moree,Hunter New England,District group 2,2027.0,86.0,2013-04-01,Regional
Apr-Jun 2013,Moruya,Southern NSW,District group 2,2453.0,74.7,2013-04-01,Regional
Apr-Jun 2013,Mount Druitt,Western Sydney,District group 1,8019.0,62.1,2013-04-01,Metropolitan
Apr-Jun 2013,Murwillumbah,Northern NSW,District group 1,3960.0,92.7,2013-04-01,Regional
Apr-Jun 2013,Muswellbrook,Hunter New England,District group 2,2011.0,81.6,2013-04-01,Regional
Apr-Jun 2013,Narrabri,Hunter New England,District group 2,1346.0,95.7,2013-04-01,Regional
Apr-Jun 2013,Nepean,Nepean Blue Mountains,Principal referral,14729.0,82.3,2013-04-01,Metropolitan
Apr-Jun 2013,Orange,Western NSW,Major,6526.0,81.2,2013-04-01,Regional
Apr-Jun 2013,Port Macquarie,Mid North Coast,Major,6829.0,73.2,2013-04-01,Regional
Apr-Jun 2013,Prince of Wales,South Eastern Sydney,Principal referral,12662.0,76.5,2013-04-01,Metropolitan
Apr-Jun 2013,Queanbeyan,Southern NSW,District group 2,4305.0,62.9,2013-04-01,Regional
Apr-Jun 2013,Royal North Shore,Northern Sydney,Principal referral,17243.0,80.0,2013-04-01,Metropolitan
Apr-Jun 2013,Royal Prince Alfred,Sydney,Principal referral,17460.0,53.4,2013-04-01,Metropolitan
Apr-Jun 2013,Ryde,Northern Sydney,District group 1,6431.0,88.2,2013-04-01,Metropolitan
Apr-Jun 2013,Shellharbour,Illawarra Shoalhaven,District group 1,6375.0,69.8,2013-04-01,Metropolitan
Apr-Jun 2013,Shoalhaven,Illawarra Shoalhaven,Major,8893.0,64.1,2013-04-01,Metropolitan
Apr-Jun 2013,Singleton,Hunter New England,District group 2,2939.0,71.9,2013-04-01,Regional
Apr-Jun 2013,South East Regional,Southern NSW,District group 1,2709.0,78.0,2013-04-01,Regional
Apr-Jun 2013,St George,South Eastern Sydney,Principal referral,16508.0,64.9,2013-04-01,Metropolitan
Apr-Jun 2013,St Vincent's,St Vincent's Health Network,Principal referral,10866.0,82.3,2013-04-01,Specialty network
Apr-Jun 2013,Sutherland,South Eastern Sydney,Major,11810.0,63.7,2013-04-01,Metropolitan
Apr-Jun 2013,Sydney Children's Randwick,Sydney Children's Hospitals Network,Paediatric specialist,9424.0,69.4,2013-04-01,Specialty network
Apr-Jun 2013,Sydney and Sydney Eye,South Eastern Sydney,Ungrouped acute - tertiary referral,8957.0,93.7,2013-04-01,Metropolitan
Apr-Jun 2013,Tamworth,Hunter New England,Major,9979.0,67.4,2013-04-01,Regional
Apr-Jun 2013,Tweed Valley,Northern NSW,Major,10483.0,78.8,2013-04-01,Regional
Apr-Jun 2013,Wagga Wagga,Murrumbidgee,Major,8441.0,81.7,2013-04-01,Regional
Apr-Jun 2013,Westmead,Western Sydney,Principal referral,15217.0,65.9,2013-04-01,Metropolitan
Apr-Jun 2013,Wollongong,Illawarra Shoalhaven,Principal referral,14166.0,63.2,2013-04-01,Metropolitan
Apr-Jun 2013,Wyong,Central Coast,Major,14442.0,72.0,2013-04-01,Metropolitan
Apr-Jun 2013,Young,Murrumbidgee,District group 2,2117.0,78.3,2013-04-01,Regional
Apr-Jun 2014,Armidale,Hunter New England,District group 1,3933.0,78.6,2014-04-01,Regional
Apr-Jun 2014,Auburn,Western Sydney,Major,6220.0,76.1,2014-04-01,Metropolitan
Apr-Jun 2014,Ballina,Northern NSW,District group 2,3970.0,73.9,2014-04-01,Regional
Apr-Jun 2014,Bankstown-Lidcombe,South Western Sydney,Principal referral,12306.0,71.4,2014-04-01,Metropolitan
Apr-Jun 2014,Batemans Bay,Southern NSW,District group 2,3335.0,74.5,2014-04-01,Regional
Apr-Jun 2014,Bathurst,Western NSW,District group 1,5901.0,86.7,2014-04-01,Regional
Apr-Jun 2014,Belmont,Hunter New England,District group 1,6205.0,80.7,2014-04-01,Regional
Apr-Jun 2014,Blacktown,Western Sydney,Major,9687.0,79.3,2014-04-01,Metropolitan
Apr-Jun 2014,Blue Mountains,Nepean Blue Mountains,District group 2,3883.0,78.7,2014-04-01,Metropolitan
Apr-Jun 2014,Bowral,South Western Sydney,District group 1,4327.0,74.0,2014-04-01,Metropolitan
Apr-Jun 2014,Broken Hill,Far West,District group 1,5432.0,69.7,2014-04-01,Regional
Apr-Jun 2014,Calvary Mater,Hunter New England,Ungrouped acute - tertiary referral,8344.0,82.3,2014-04-01,Regional
Apr-Jun 2014,Campbelltown,South Western Sydney,Major,14773.0,73.7,2014-04-01,Metropolitan
Apr-Jun 2014,Canterbury,Sydney,Major,9787.0,74.5,2014-04-01,Metropolitan
Apr-Jun 2014,Casino,Northern NSW,District group 2,3498.0,75.4,2014-04-01,Regional
Apr-Jun 2014,Cessnock,Hunter New England,District group 2,4122.0,73.2,2014-04-01,Regional
Apr-Jun 2014,Children's at Westmead,Sydney Children's Hospitals Network,Paediatric specialist,14030.0,62.7,2014-04-01,Specialty network
Apr-Jun 2014,Coffs Harbour,Mid North Coast,Major,8688.0,86.2,2014-04-01,Regional
Apr-Jun 2014,Concord,Sydney,Principal referral,9156.0,78.5,2014-04-01,Metropolitan
Apr-Jun 2014,Deniliquin,Murrumbidgee,District group 2,1961.0,91.2,2014-04-01,Regional
Apr-Jun 2014,Dubbo,Western NSW,Major,7356.0,77.0,2014-04-01,Regional
Apr-Jun 2014,Fairfield,South Western Sydney,Major,8505.0,76.5,2014-04-01,Metropolitan
Apr-Jun 2014,Forbes,Western NSW,District group 2,2091.0,79.6,2014-04-01,Regional
Apr-Jun 2014,Gosford,Central Coast,Principal referral,14970.0,68.5,2014-04-01,Metropolitan
Apr-Jun 2014,Goulburn,Southern NSW,District group 1,4195.0,64.2,2014-04-01,Regional
Apr-Jun 2014,Grafton,Northern NSW,District group 1,5699.0,69.8,2014-04-01,Regional
Apr-Jun 2014,Griffith,Murrumbidgee,District group 1,4357.0,76.4,2014-04-01,Regional
Apr-Jun 2014,Gunnedah,Hunter New England,District group 2,2174.0,75.5,2014-04-01,Regional
Apr-Jun 2014,Hawkesbury,Nepean Blue Mountains,District group 1,5441.0,86.6,2014-04-01,Metropolitan
Apr-Jun 2014,Hornsby,Northern Sydney,Major,9111.0,91.6,2014-04-01,Metropolitan
Apr-Jun 2014,Inverell,Hunter New England,District group 2,2381.0,79.6,2014-04-01,Regional
Apr-Jun 2014,John Hunter,Hunter New England,Principal referral,18459.0,72.9,2014-04-01,Regional
Apr-Jun 2014,Kempsey,Mid North Coast,District group 2,5207.0,81.7,2014-04-01,Regional
Apr-Jun 2014,Kurri Kurri,Hunter New England,District group 2,1718.0,86.0,2014-04-01,Regional
Apr-Jun 2014,Lismore,Northern NSW,Major,7289.0,72.4,2014-04-01,Regional
Apr-Jun 2014,Lithgow,Nepean Blue Mountains,District group 2,2980.0,92.7,2014-04-01,Metropolitan
Apr-Jun 2014,Liverpool,South Western Sydney,Principal referral,18995.0,67.5,2014-04-01,Metropolitan
Apr-Jun 2014,Macksville,Mid North Coast,District group 2,3092.0,67.0,2014-04-01,Regional
Apr-Jun 2014,Maclean,Northern NSW,District group 2,2683.0,69.1,2014-04-01,Regional
Apr-Jun 2014,Maitland,Hunter New England,Major,11522.0,67.0,2014-04-01,Regional
Apr-Jun 2014,Manly,Northern Sydney,Major,6098.0,86.7,2014-04-01,Metropolitan
Apr-Jun 2014,Manning,Hunter New England,Major,6536.0,83.5,2014-04-01,Regional
Apr-Jun 2014,Milton,Illawarra Shoalhaven,District group 2,3278.0,77.6,2014-04-01,Metropolitan
Apr-Jun 2014,Mona Vale,Northern Sydney,Major,8255.0,80.6,2014-04-01,Metropolitan
Apr-Jun 2014,Moree,Hunter New England,District group 2,1924.0,95.3,2014-04-01,Regional
Apr-Jun 2014,Moruya,Southern NSW,District group 2,2413.0,76.7,2014-04-01,Regional
Apr-Jun 2014,Mount Druitt,Western Sydney,District group 1,8221.0,53.8,2014-04-01,Metropolitan
Apr-Jun 2014,Mudgee,Western NSW,District group 2,3353.0,67.0,2014-04-01,Regional
Apr-Jun 2014,Murwillumbah,Northern NSW,District group 1,3838.0,92.9,2014-04-01,Regional
Apr-Jun 2014,Muswellbrook,Hunter New England,District group 2,2002.0,86.6,2014-04-01,Regional
Apr-Jun 2014,Narrabri,Hunter New England,District group 2,1460.0,93.7,2014-04-01,Regional
Apr-Jun 2014,Nepean,Nepean Blue Mountains,Principal referral,16008.0,72.2,2014-04-01,Metropolitan
Apr-Jun 2014,Orange,Western NSW,Major,6763.0,86.0,2014-04-01,Regional
Apr-Jun 2014,Port Macquarie,Mid North Coast,Major,7475.0,76.0,2014-04-01,Regional
Apr-Jun 2014,Prince of Wales,South Eastern Sydney,Principal referral,13091.0,78.4,2014-04-01,Metropolitan
Apr-Jun 2014,Queanbeyan,Southern NSW,District group 2,4154.0,66.6,2014-04-01,Regional
Apr-Jun 2014,Royal North Shore,Northern Sydney,Principal referral,18135.0,81.6,2014-04-01,Metropolitan
Apr-Jun 2014,Royal Prince Alfred,Sydney,Principal referral,18303.0,55.1,2014-04-01,Metropolitan
Apr-Jun 2014,Ryde,Northern Sydney,District group 1,6462.0,87.6,2014-04-01,Metropolitan
Apr-Jun 2014,Shellharbour,Illawarra Shoalhaven,District group 1,6789.0,72.9,2014-04-01,Metropolitan
Apr-Jun 2014,Shoalhaven,Illawarra Shoalhaven,Major,8537.0,66.4,2014-04-01,Metropolitan
Apr-Jun 2014,Singleton,Hunter New England,District group 2,2809.0,70.1,2014-04-01,Regional
Apr-Jun 2014,South East Regional,Southern NSW,District group 1,2850.0,81.7,2014-04-01,Regional
Apr-Jun 2014,St George,South Eastern Sydney,Principal referral,17069.0,68.0,2014-04-01,Metropolitan
Apr-Jun 2014,St Vincent's,St Vincent's Health Network,Principal referral,11154.0,82.6,2014-04-01,Specialty network
Apr-Jun 2014,Sutherland,South Eastern Sydney,Major,12337.0,70.1,2014-04-01,Metropolitan
Apr-Jun 2014,Sydney Children's Randwick,Sydney Children's Hospitals Network,Paediatric specialist,9918.0,67.1,2014-04-01,Specialty network
Apr-Jun 2014,Sydney and Sydney Eye,South Eastern Sydney,Ungrouped acute - tertiary referral,8520.0,95.5,2014-04-01,Metropolitan
Apr-Jun 2014,Tamworth,Hunter New England,Major,10293.0,73.8,2014-04-01,Regional
Apr-Jun 2014,Tweed Valley,Northern NSW,Major,11174.0,90.0,2014-04-01,Regional
Apr-Jun 2014,Wagga Wagga,Murrumbidgee,Major,8888.0,73.3,2014-04-01,Regional
Apr-Jun 2014,Westmead,Western Sydney,Principal referral,16695.0,64.4,2014-04-01,Metropolitan
Apr-Jun 2014,Wollongong,Illawarra Shoalhaven,Principal referral,14668.0,63.9,2014-04-01,Metropolitan
Apr-Jun 2014,Wyong,Central Coast,Major,14042.0,81.7,2014-04-01,Metropolitan
Apr-Jun 2014,Young,Murrumbidgee,District group 2,2019.0,94.0,2014-04-01,Regional
Apr-Jun 2015,Armidale,Hunter New England,District group 1,4161.0,74.5,2015-04-01,Regional
Apr-Jun 2015,Auburn,Western Sydney,Major,6348.0,69.9,2015-04-01,Metropolitan
Apr-Jun 2015,Ballina,Northern NSW,District group 2,3998.0,74.6,2015-04-01,Regional
Apr-Jun 2015,Bankstown-Lidcombe,South Western Sydney,Principal referral,12663.0,73.7,2015-04-01,Metropolitan
Apr-Jun 2015,Batemans Bay,Southern NSW,District group 2,3071.0,77.0,2015-04-01,Regional
Apr-Jun 2015,Bathurst,Western NSW,District group 1,6284.0,85.7,2015-04-01,Regional
Apr-Jun 2015,Belmont,Hunter New England,District group 1,5779.0,83.1,2015-04-01,Regional
Apr-Jun 2015,Blacktown,Western Sydney,Major,10447.0,67.4,2015-04-01,Metropolitan
Apr-Jun 2015,Blue Mountains,Nepean Blue Mountains,District group 2,3962.0,83.4,2015-04-01,Metropolitan
Apr-Jun 2015,Bowral,South Western Sydney,District group 1,4327.0,77.0,2015-04-01,Metropolitan
Apr-Jun 2015,Broken Hill,Far West,District group 1,4799.0,81.7,2015-04-01,Regional
Apr-Jun 2015,Calvary Mater,Hunter New England,Ungrouped acute - tertiary referral,8213.0,78.1,2015-04-01,Regional
Apr-Jun 2015,Campbelltown,South Western Sydney,Major,16164.0,78.7,2015-04-01,Metropolitan
Apr-Jun 2015,Canterbury,Sydney,Major,10268.0,78.7,2015-04-01,Metropolitan
Apr-Jun 2015,Casino,Northern NSW,District group 2,3380.0,69.6,2015-04-01,Regional
Apr-Jun 2015,Cessnock,Hunter New England,District group 2,4306.0,78.2,2015-04-01,Regional
Apr-Jun 2015,Children's at Westmead,Sydney Children's Hospitals Network,Paediatric specialist,14449.0,61.7,2015-04-01,Specialty network
Apr-Jun 2015,Coffs Harbour,Mid North Coast,Major,9051.0,84.2,2015-04-01,Regional
Apr-Jun 2015,Concord,Sydney,Principal referral,9278.0,71.5,2015-04-01,Metropolitan
Apr-Jun 2015,Deniliquin,Murrumbidgee,District group 2,2336.0,96.1,2015-04-01,Regional
Apr-Jun 2015,Dubbo,Western NSW,Major,7415.0,73.8,2015-04-01,Regional
Apr-Jun 2015,Fairfield,South Western Sydney,Major,8160.0,72.7,2015-04-01,Metropolitan
Apr-Jun 2015,Forbes,Western NSW,District group 2,2232.0,88.6,2015-04-01,Regional
Apr-Jun 2015,Gosford,Central Coast,Principal referral,15259.0,67.2,2015-04-01,Metropolitan
Apr-Jun 2015,Goulburn,Southern NSW,District group 1,4210.0,66.2,2015-04-01,Regional
Apr-Jun 2015,Grafton,Northern NSW,District group 1,5692.0,67.0,2015-04-01,Regional
Apr-Jun 2015,Griffith,Murrumbidgee,District group 1,4481.0,77.7,2015-04-01,Regional
Apr-Jun 2015,Gunnedah,Hunter New England,District group 2,2076.0,79.7,2015-04-01,Regional
Apr-Jun 2015,Hawkesbury,Nepean Blue Mountains,District group 1,5536.0,86.8,2015-04-01,Metropolitan
Apr-Jun 2015,Hornsby,Northern Sydney,Major,9401.0,88.1,2015-04-01,Metropolitan
Apr-Jun 2015,Inverell,Hunter New England,District group 2,2158.0,81.9,2015-04-01,Regional
Apr-Jun 2015,John Hunter,Hunter New England,Principal referral,18729.0,69.8,2015-04-01,Regional
Apr-Jun 2015,Kempsey,Mid North Coast,District group 2,5808.0,78.6,2015-04-01,Regional
Apr-Jun 2015,Kurri Kurri,Hunter New England,District group 2,1446.0,86.7,2015-04-01,Regional
Apr-Jun 2015,Lismore,Northern NSW,Major,7692.0,65.5,2015-04-01,Regional
Apr-Jun 2015,Lithgow,Nepean Blue Mountains,District group 2,2983.0,92.6,2015-04-01,Metropolitan
Apr-Jun 2015,Liverpool,South Western Sydney,Principal referral,19224.0,67.6,2015-04-01,Metropolitan
Apr-Jun 2015,Macksville,Mid North Coast,District group 2,3117.0,73.3,2015-04-01,Regional
Apr-Jun 2015,Maclean,Northern NSW,District group 2,2621.0,62.8,2015-04-01,Regional
Apr-Jun 2015,Maitland,Hunter New England,Major,11396.0,66.4,2015-04-01,Regional
Apr-Jun 2015,Manly,Northern Sydney,Major,5762.0,85.1,2015-04-01,Metropolitan
Apr-Jun 2015,Manning,Hunter New England,Major,6907.0,77.4,2015-04-01,Regional
Apr-Jun 2015,Milton,Illawarra Shoalhaven,District group 2,3625.0,73.6,2015-04-01,Metropolitan
Apr-Jun 2015,Mona Vale,Northern Sydney,Major,8257.0,80.1,2015-04-01,Metropolitan
Apr-Jun 2015,Moree,Hunter New England,District group 2,1993.0,93.6,2015-04-01,Regional
Apr-Jun 2015,Moruya,Southern NSW,District group 2,2327.0,80.3,2015-04-01,Regional
Apr-Jun 2015,Mount Druitt,Western Sydney,District group 1,7875.0,64.5,2015-04-01,Metropolitan
Apr-Jun 2015,Mudgee,Western NSW,District group 2,3094.0,72.8,2015-04-01,Regional
Apr-Jun 2015,Murwillumbah,Northern NSW,District group 1,4012.0,88.6,2015-04-01,Regional
Apr-Jun 2015,Muswellbrook,Hunter New England,District group 2,2179.0,86.0,2015-04-01,Regional
Apr-Jun 2015,Narrabri,Hunter New England,District group 2,1368.0,94.4,2015-04-01,Regional
Apr-Jun 2015,Nepean,Nepean Blue Mountains,Principal referral,16821.0,59.9,2015-04-01,Metropolitan
Apr-Jun 2015,Orange,Western NSW,Major,6859.0,86.7,2015-04-01,Regional
Apr-Jun 2015,Port Macquarie,Mid North Coast,Major,7328.0,78.6,2015-04-01,Regional
Apr-Jun 2015,Prince of Wales,South Eastern Sydney,Principal referral,13729.0,77.6,2015-04-01,Metropolitan
Apr-Jun 2015,Queanbeyan,Southern NSW,District group 2,4323.0,73.5,2015-04-01,Regional
Apr-Jun 2015,Royal North Shore,Northern Sydney,Principal referral,18886.0,78.0,2015-04-01,Metropolitan
Apr-Jun 2015,Royal Prince Alfred,Sydney,Principal referral,17770.0,54.3,2015-04-01,Metropolitan
Apr-Jun 2015,Ryde,Northern Sydney,District group 1,6746.0,87.3,2015-04-01,Metropolitan
Apr-Jun 2015,Shellharbour,Illawarra Shoalhaven,District group 1,7102.0,74.2,2015-04-01,Metropolitan
Apr-Jun 2015,Shoalhaven,Illawarra Shoalhaven,Major,8713.0,62.5,2015-04-01,Metropolitan
Apr-Jun 2015,Singleton,Hunter New England,District group 2,2838.0,70.4,2015-04-01,Regional
Apr-Jun 2015,South East Regional,Southern NSW,District group 1,2992.0,74.4,2015-04-01,Regional
Apr-Jun 2015,St George,South Eastern Sydney,Principal referral,18296.0,70.3,2015-04-01,Metropolitan
Apr-Jun 2015,St Vincent's,St Vincent's Health Network,Principal referral,11373.0,82.7,2015-04-01,Specialty network
Apr-Jun 2015,Sutherland,South Eastern Sydney,Major,12223.0,65.9,2015-04-01,Metropolitan
Apr-Jun 2015,Sydney Children's Randwick,Sydney Children's Hospitals Network,Paediatric specialist,9469.0,69.3,2015-04-01,Specialty network
Apr-Jun 2015,Sydney and Sydney Eye,South Eastern Sydney,Ungrouped acute - tertiary referral,9033.0,91.6,2015-04-01,Metropolitan
Apr-Jun 2015,Tamworth,Hunter New England,Major,10095.0,63.4,2015-04-01,Regional
Apr-Jun 2015,Tweed Valley,Northern NSW,Major,11546.0,88.7,2015-04-01,Regional
Apr-Jun 2015,Wagga Wagga,Murrumbidgee,Major,9337.0,79.4,2015-04-01,Regional
Apr-Jun 2015,Westmead,Western Sydney,Principal referral,17590.0,56.1,2015-04-01,Metropolitan
Apr-Jun 2015,Wollongong,Illawarra Shoalhaven,Principal referral,15106.0,59.0,2015-04-01,Metropolitan
Apr-Jun 2015,Wyong,Central Coast,Major,15006.0,79.1,2015-04-01,Metropolitan
Apr-Jun 2015,Young,Murrumbidgee,District group 2,2511.0,94.7,2015-04-01,Regional
Apr-Jun 2016,Armidale,Hunter New England,District group 1,4016.0,66.2,2016-04-01,Regional
Apr-Jun 2016,Auburn,Western Sydney,Major,6152.0,76.9,2016-04-01,Metropolitan
Apr-Jun 2016,Ballina,Northern NSW,District group 2,3823.0,79.2,2016-04-01,Regional
Apr-Jun 2016,Bankstown-Lidcombe,South Western Sydney,Principal referral,13037.0,75.4,2016-04-01,Metropolitan
Apr-Jun 2016,Batemans Bay,Southern NSW,District group 2,3113.0,75.9,2016-04-01,Regional
Apr-Jun 2016,Bathurst,Western NSW,District group 1,5933.0,87.9,2016-04-01,Regional
Apr-Jun 2016,Belmont,Hunter New England,District group 1,5746.0,88.6,2016-04-01,Regional
Apr-Jun 2016,Blacktown,Western Sydney,Major,10812.0,59.7,2016-04-01,Metropolitan
Apr-Jun 2016,Blue Mountains,Nepean Blue Mountains,District group 2,4172.0,82.9,2016-04-01,Metropolitan
Apr-Jun 2016,Bowral,South Western Sydney,District group 1,4423.0,80.5,2016-04-01,Metropolitan
Apr-Jun 2016,Broken Hill,Far West,District group 1,5420.0,87.8,2016-04-01,Regional
Apr-Jun 2016,Calvary Mater,Hunter New England,Ungrouped acute - tertiary referral,8665.0,84.6,2016-04-01,Regional
Apr-Jun 2016,Campbelltown,South Western Sydney,Major,16151.0,76.8,2016-04-01,Metropolitan
Apr-Jun 2016,Canterbury,Sydney,Major,10415.0,85.5,2016-04-01,Metropolitan
Apr-Jun 2016,Casino,Northern NSW,District group 2,3282.0,65.4,2016-04-01,Regional
Apr-Jun 2016,Cessnock,Hunter New England,District group 2,4040.0,77.0,2016-04-01,Regional
Apr-Jun 2016,Children's at Westmead,Sydney Children's Hospitals Network,Paediatric specialist,14389.0,64.7,2016-04-01,Specialty network
Apr-Jun 2016,Coffs Harbour,Mid North Coast,Major,9155.0,85.4,2016-04-01,Regional
Apr-Jun 2016,Concord,Sydney,Principal referral,9268.0,78.8,2016-04-01,Metropolitan
Apr-Jun 2016,Deniliquin,Murrumbidgee,District group 2,2066.0,97.3,2016-04-01,Regional
Apr-Jun 2016,Dubbo,Western NSW,Major,7809.0,73.1,2016-04-01,Regional
Apr-Jun 2016,Fairfield,South Western Sydney,Major,8024.0,81.8,2016-04-01,Metropolitan
Apr-Jun 2016,Forbes,Western NSW,District group 2,2377.0,83.8,2016-04-01,Regional
Apr-Jun 2016,Gosford,Central Coast,Principal referral,15984.0,77.1,2016-04-01,Metropolitan
Apr-Jun 2016,Goulburn,Southern NSW,District group 1,4133.0,60.9,2016-04-01,Regional
Apr-Jun 2016,Grafton,Northern NSW,District group 1,5728.0,68.0,2016-04-01,Regional
Apr-Jun 2016,Griffith,Murrumbidgee,District group 1,4721.0,81.2,2016-04-01,Regional
Apr-Jun 2016,Gunnedah,Hunter New England,District group 2,1820.0,79.3,2016-04-01,Regional
Apr-Jun 2016,Hawkesbury,Nepean Blue Mountains,District group 1,5378.0,78.8,2016-04-01,Metropolitan
Apr-Jun 2016,Hornsby,Northern Sydney,Major,9206.0,88.7,2016-04-01,Metropolitan
Apr-Jun 2016,Inverell,Hunter New England,District group 2,2076.0,84.0,2016-04-01,Regional
Apr-Jun 2016,John Hunter,Hunter New England,Principal referral,18760.0,73.0,2016-04-01,Regional
Apr-Jun 2016,Kempsey,Mid North Coast,District group 2,6412.0,71.7,2016-04-01,Regional
Apr-Jun 2016,Kurri Kurri,Hunter New England,District group 2,1057.0,94.0,2016-04-01,Regional
Apr-Jun 2016,Lismore,Northern NSW,Major,7477.0,72.9,2016-04-01,Regional
Apr-Jun 2016,Lithgow,Nepean Blue Mountains,District group 2,2808.0,91.0,2016-04-01,Metropolitan
Apr-Jun 2016,Liverpool,South Western Sydney,Principal referral,19974.0,76.7,2016-04-01,Metropolitan
Apr-Jun 2016,Macksville,Mid North Coast,District group 2,3293.0,70.5,2016-04-01,Regional
Apr-Jun 2016,Maclean,Northern NSW,District group 2,2697.0,66.5,2016-04-01,Regional
Apr-Jun 2016,Maitland,Hunter New England,Major,11882.0,70.6,2016-04-01,Regional
Apr-Jun 2016,Manly,Northern Sydney,Major,5706.0,89.4,2016-04-01,Metropolitan
Apr-Jun 2016,Manning,Hunter New England,Major,6946.0,79.8,2016-04-01,Regional
Apr-Jun 2016,Milton,Illawarra Shoalhaven,District group 2,3427.0,74.3,2016-04-01,Metropolitan
Apr-Jun 2016,Mona Vale,Northern Sydney,Major,8334.0,84.5,2016-04-01,Metropolitan
Apr-Jun 2016,Moree,Hunter New England,District group 2,1904.0,90.3,2016-04-01,Regional
Apr-Jun 2016,Moruya,Southern NSW,District group 2,2325.0,75.7,2016-04-01,Regional
Apr-Jun 2016,Mount Druitt,Western Sydney,District group 1,7786.0,63.8,2016-04-01,Metropolitan
Apr-Jun 2016,Mudgee,Western NSW,District group 2,2919.0,76.5,2016-04-01,Regional
Apr-Jun 2016,Murwillumbah,Northern NSW,District group 1,4092.0,89.1,2016-04-01,Regional
Apr-Jun 2016,Muswellbrook,Hunter New England,District group 2,2380.0,75.1,2016-04-01,Regional
Apr-Jun 2016,Narrabri,Hunter New England,District group 2,1477.0,90.9,2016-04-01,Regional
Apr-Jun 2016,Nepean,Nepean Blue Mountains,Principal referral,16672.0,63.7,2016-04-01,Metropolitan
Apr-Jun 2016,Orange,Western NSW,Major,6990.0,88.2,2016-04-01,Regional
Apr-Jun 2016,Port Macquarie,Mid North Coast,Major,7953.0,73.9,2016-04-01,Regional
Apr-Jun 2016,Prince of Wales,South Eastern Sydney,Principal referral,14225.0,77.2,2016-04-01,Metropolitan
Apr-Jun 2016,Queanbeyan,Southern NSW,District group 2,4254.0,76.2,2016-04-01,Regional
Apr-Jun 2016,Royal North Shore,Northern Sydney,Principal referral,20009.0,82.8,2016-04-01,Metropolitan
Apr-Jun 2016,Royal Prince Alfred,Sydney,Principal referral,18443.0,65.9,2016-04-01,Metropolitan
Apr-Jun 2016,Ryde,Northern Sydney,District group 1,6241.0,87.9,2016-04-01,Metropolitan
Apr-Jun 2016,Shellharbour,Illawarra Shoalhaven,District group 1,7224.0,74.5,2016-04-01,Metropolitan
Apr-Jun 2016,Shoalhaven,Illawarra Shoalhaven,Major,9081.0,63.0,2016-04-01,Metropolitan
Apr-Jun 2016,Singleton,Hunter New England,District group 2,2841.0,69.6,2016-04-01,Regional
Apr-Jun 2016,South East Regional,Southern NSW,District group 1,4003.0,68.4,2016-04-01,Regional
Apr-Jun 2016,St George,South Eastern Sydney,Principal referral,18395.0,73.0,2016-04-01,Metropolitan
Apr-Jun 2016,St Vincent's,St Vincent's Health Network,Principal referral,11504.0,81.1,2016-04-01,Specialty network
Apr-Jun 2016,Sutherland,South Eastern Sydney,Major,12051.0,66.0,2016-04-01,Metropolitan
Apr-Jun 2016,Sydney Children's Randwick,Sydney Children's Hospitals Network,Paediatric specialist,9298.0,68.0,2016-04-01,Specialty network
Apr-Jun 2016,Sydney and Sydney Eye,South Eastern Sydney,Ungrouped acute - tertiary referral,9924.0,84.1,2016-04-01,Metropolitan
Apr-Jun 2016,Tamworth,Hunter New England,Major,10273.0,74.3,2016-04-01,Regional
Apr-Jun 2016,Tweed Valley,Northern NSW,Major,12602.0,89.9,2016-04-01,Regional
Apr-Jun 2016,Wagga Wagga,Murrumbidgee,Major,9836.0,77.3,2016-04-01,Regional
Apr-Jun 2016,Westmead,Western Sydney,Principal referral,18054.0,54.2,2016-04-01,Metropolitan
Apr-Jun 2016,Wollongong,Illawarra Shoalhaven,Principal referral,15163.0,69.4,2016-04-01,Metropolitan
Apr-Jun 2016,Wyong,Central Coast,Major,15493.0,80.0,2016-04-01,Metropolitan
Apr-Jun 2016,Young,Murrumbidgee,District group 2,2265.0,92.0,2016-04-01,Regional
Apr-Jun 2017,Armidale,Hunter New England,District group 1,3923.0,62.7,2017-04-01,Regional
Apr-Jun 2017,Auburn,Western Sydney,Major,6682.0,66.8,2017-04-01,Metropolitan
Apr-Jun 2017,Ballina,Northern NSW,District group 2,3992.0,78.9,2017-04-01,Regional
Apr-Jun 2017,Bankstown-Lidcombe,South Western Sydney,Principal referral,13220.0,69.9,2017-04-01,Metropolitan
Apr-Jun 2017,Batemans Bay,Southern NSW,District group 2,3925.0,71.6,2017-04-01,Regional
Apr-Jun 2017,Bathurst,Western NSW,District group 1,6272.0,85.2,2017-04-01,Regional
Apr-Jun 2017,Belmont,Hunter New England,District group 1,5920.0,86.9,2017-04-01,Regional
Apr-Jun 2017,Blacktown,Western Sydney,Major,12002.0,46.2,2017-04-01,Metropolitan
Apr-Jun 2017,Blue Mountains,Nepean Blue Mountains,District group 2,4142.0,75.7,2017-04-01,Metropolitan
Apr-Jun 2017,Bowral,South Western Sydney,District group 1,4775.0,78.9,2017-04-01,Metropolitan
Apr-Jun 2017,Broken Hill,Far West,District group 1,5531.0,86.4,2017-04-01,Regional
Apr-Jun 2017,Byron Central,Northern NSW,District group 2,4370.0,79.1,2017-04-01,Regional
Apr-Jun 2017,Calvary Mater,Hunter New England,Ungrouped acute - tertiary referral,9033.0,85.6,2017-04-01,Regional
Apr-Jun 2017,Campbelltown,South Western Sydney,Major,16982.0,79.2,2017-04-01,Metropolitan
Apr-Jun 2017,Canterbury,Sydney,Major,10863.0,77.7,2017-04-01,Metropolitan
Apr-Jun 2017,Casino,Northern NSW,District group 2,3576.0,68.3,2017-04-01,Regional
Apr-Jun 2017,Cessnock,Hunter New England,District group 2,4374.0,74.7,2017-04-01,Regional
Apr-Jun 2017,Children's at Westmead,Sydney Children's Hospitals Network,Paediatric specialist,14664.0,59.3,2017-04-01,Specialty network
Apr-Jun 2017,Coffs Harbour,Mid North Coast,Major,9602.0,84.5,2017-04-01,Regional
Apr-Jun 2017,Concord,Sydney,Principal referral,9661.0,81.8,2017-04-01,Metropolitan
Apr-Jun 2017,Cooma,Southern NSW,District group 2,2278.0,81.6,2017-04-01,Regional
Apr-Jun 2017,Cowra,Western NSW,District group 2,1806.0,93.0,2017-04-01,Regional
Apr-Jun 2017,Deniliquin,Murrumbidgee,District group 2,2197.0,96.3,2017-04-01,Regional
Apr-Jun 2017,Dubbo,Western NSW,Major,8346.0,65.3,2017-04-01,Regional
Apr-Jun 2017,Fairfield,South Western Sydney,Major,8905.0,68.7,2017-04-01,Metropolitan
Apr-Jun 2017,Forbes,Western NSW,District group 2,1950.0,88.0,2017-04-01,Regional
Apr-Jun 2017,Gosford,Central Coast,Principal referral,16520.0,71.2,2017-04-01,Metropolitan
Apr-Jun 2017,Goulburn,Southern NSW,District group 1,4301.0,76.1,2017-04-01,Regional
Apr-Jun 2017,Grafton,Northern NSW,District group 1,6251.0,76.5,2017-04-01,Regional
Apr-Jun 2017,Griffith,Murrumbidgee,District group 1,4891.0,81.7,2017-04-01,Regional
Apr-Jun 2017,Gunnedah,Hunter New England,District group 2,1973.0,76.1,2017-04-01,Regional
Apr-Jun 2017,Hawkesbury,Nepean Blue Mountains,District group 1,5965.0,79.7,2017-04-01,Metropolitan
Apr-Jun 2017,Hornsby,Northern Sydney,Major,10057.0,87.8,2017-04-01,Metropolitan
Apr-Jun 2017,Inverell,Hunter New England,District group 2,2230.0,85.3,2017-04-01,Regional
Apr-Jun 2017,John Hunter,Hunter New England,Principal referral,19734.0,71.9,2017-04-01,Regional
Apr-Jun 2017,Kempsey,Mid North Coast,District group 2,6553.0,78.0,2017-04-01,Regional
Apr-Jun 2017,Kurri Kurri,Hunter New England,District group 2,944.0,91.6,2017-04-01,Regional
Apr-Jun 2017,Lismore,Northern NSW,Major,8618.0,73.7,2017-04-01,Regional
Apr-Jun 2017,Lithgow,Nepean Blue Mountains,District group 2,3058.0,87.7,2017-04-01,Metropolitan
Apr-Jun 2017,Liverpool,South Western Sydney,Principal referral,20491.0,86.6,2017-04-01,Metropolitan
Apr-Jun 2017,Macksville,Mid North Coast,District group 2,3414.0,77.3,2017-04-01,Regional
Apr-Jun 2017,Maclean,Northern NSW,District group 2,2823.0,77.6,2017-04-01,Regional
Apr-Jun 2017,Maitland,Hunter New England,Major,11850.0,70.7,2017-04-01,Regional
Apr-Jun 2017,Manly,Northern Sydney,Major,6031.0,91.1,2017-04-01,Metropolitan
Apr-Jun 2017,Manning,Hunter New England,Major,7616.0,76.3,2017-04-01,Regional
Apr-Jun 2017,Milton,Illawarra Shoalhaven,District group 2,3189.0,77.0,2017-04-01,Metropolitan
Apr-Jun 2017,Mona Vale,Northern Sydney,Major,8681.0,84.8,2017-04-01,Metropolitan
Apr-Jun 2017,Moree,Hunter New England,District group 2,2188.0,86.5,2017-04-01,Regional
Apr-Jun 2017,Moruya,Southern NSW,District group 2,2536.0,77.5,2017-04-01,Regional
Apr-Jun 2017,Mount Druitt,Western Sydney,District group 1,8331.0,60.7,2017-04-01,Metropolitan
Apr-Jun 2017,Mudgee,Western NSW,District group 2,2797.0,75.5,2017-04-01,Regional
Apr-Jun 2017,Murwillumbah,Northern NSW,District group 1,4359.0,89.1,2017-04-01,Regional
Apr-Jun 2017,Muswellbrook,Hunter New England,District group 2,2439.0,83.3,2017-04-01,Regional
Apr-Jun 2017,Narrabri,Hunter New England,District group 2,1355.0,92.3,2017-04-01,Regional
Apr-Jun 2017,Nepean,Nepean Blue Mountains,Principal referral,17281.0,67.9,2017-04-01,Metropolitan
Apr-Jun 2017,Orange,Western NSW,Major,7160.0,88.6,2017-04-01,Regional
Apr-Jun 2017,Port Macquarie,Mid North Coast,Major,8683.0,73.1,2017-04-01,Regional
Apr-Jun 2017,Prince of Wales,South Eastern Sydney,Principal referral,14289.0,75.5,2017-04-01,Metropolitan
Apr-Jun 2017,Queanbeyan,Southern NSW,District group 2,4691.0,81.2,2017-04-01,Regional
Apr-Jun 2017,Royal North Shore,Northern Sydney,Principal referral,21125.0,83.2,2017-04-01,Metropolitan
Apr-Jun 2017,Royal Prince Alfred,Sydney,Principal referral,18644.0,61.1,2017-04-01,Metropolitan
Apr-Jun 2017,Ryde,Northern Sydney,District group 1,6543.0,92.2,2017-04-01,Metropolitan
Apr-Jun 2017,Shellharbour,Illawarra Shoalhaven,District group 1,7333.0,76.0,2017-04-01,Metropolitan
Apr-Jun 2017,Shoalhaven,Illawarra Shoalhaven,Major,9398.0,62.1,2017-04-01,Metropolitan
Apr-Jun 2017,Singleton,Hunter New England,District group 2,2808.0,71.3,2017-04-01,Regional
Apr-Jun 2017,South East Regional,Southern NSW,District group 1,4109.0,78.4,2017-04-01,Regional
Apr-Jun 2017,St George,South Eastern Sydney,Principal referral,19248.0,71.6,2017-04-01,Metropolitan
Apr-Jun 2017,St Vincent's,St Vincent's Health Network,Principal referral,11676.0,78.2,2017-04-01,Specialty network
Apr-Jun 2017,Sutherland,South Eastern Sydney,Major,12700.0,63.6,2017-04-01,Metropolitan
Apr-Jun 2017,Sydney Children's Randwick,Sydney Children's Hospitals Network,Paediatric specialist,9248.0,66.5,2017-04-01,Specialty network
Apr-Jun 2017,Sydney and Sydney Eye,South Eastern Sydney,Ungrouped acute - tertiary referral,7838.0,88.1,2017-04-01,Metropolitan
Apr-Jun 2017,Tamworth,Hunter New England,Major,11474.0,68.4,2017-04-01,Regional
Apr-Jun 2017,Tweed Valley,Northern NSW,Major,12622.0,83.5,2017-04-01,Regional
Apr-Jun 2017,Wagga Wagga,Murrumbidgee,Major,10016.0,86.1,2017-04-01,Regional
Apr-Jun 2017,Westmead,Western Sydney,Principal referral,18621.0,39.9,2017-04-01,Metropolitan
Apr-Jun 2017,Wollongong,Illawarra Shoalhaven,Principal referral,15918.0,77.2,2017-04-01,Metropolitan
Apr-Jun 2017,Wyong,Central Coast,Major,16264.0,84.2,2017-04-01,Metropolitan
Apr-Jun 2017,Young,Murrumbidgee,District group 2,2370.0,92.4,2017-04-01,Regional
Apr-Jun 2018,Armidale,Hunter New England,District group 1,4072.0,68.9,2018-04-01,Regional
Apr-Jun 2018,Auburn,Western Sydney,Major,6885.0,70.0,2018-04-01,Metropolitan
Apr-Jun 2018,Ballina,Northern NSW,District group 2,4035.0,85.8,2018-04-01,Regional
Apr-Jun 2018,Bankstown-Lidcombe,South Western Sydney,Principal referral,13231.0,68.8,2018-04-01,Metropolitan
Apr-Jun 2018,Batemans Bay,Southern NSW,District group 2,4049.0,76.1,2018-04-01,Regional
Apr-Jun 2018,Bathurst,Western NSW,District group 1,6455.0,86.3,2018-04-01,Regional
Apr-Jun 2018,Belmont,Hunter New England,District group 1,5965.0,84.6,2018-04-01,Regional
Apr-Jun 2018,Blacktown,Western Sydney,Major,12879.0,72.7,2018-04-01,Metropolitan
Apr-Jun 2018,Blue Mountains,Nepean Blue Mountains,District group 2,4123.0,73.1,2018-04-01,Metropolitan
Apr-Jun 2018,Bowral,South Western Sydney,District group 1,4657.0,78.1,2018-04-01,Metropolitan
Apr-Jun 2018,Broken Hill,Far West,District group 1,5154.0,82.2,2018-04-01,Regional
Apr-Jun 2018,Byron Central,Northern NSW,District group 2,4739.0,86.0,2018-04-01,Regional
Apr-Jun 2018,Calvary Mater,Hunter New England,Ungrouped acute - tertiary referral,9253.0,87.0,2018-04-01,Regional
Apr-Jun 2018,Campbelltown,South Western Sydney,Major,18133.0,83.0,2018-04-01,Metropolitan
Apr-Jun 2018,Canterbury,Sydney,Major,10943.0,80.7,2018-04-01,Metropolitan
Apr-Jun 2018,Casino,Northern NSW,District group 2,3111.0,74.1,2018-04-01,Regional
Apr-Jun 2018,Cessnock,Hunter New England,District group 2,4340.0,71.4,2018-04-01,Regional
Apr-Jun 2018,Children's at Westmead,Sydney Children's Hospitals Network,Paediatric specialist,14303.0,57.4,2018-04-01,Specialty network
Apr-Jun 2018,Coffs Harbour,Mid North Coast,Major,9726.0,79.2,2018-04-01,Regional
Apr-Jun 2018,Concord,Sydney,Principal referral,9783.0,80.9,2018-04-01,Metropolitan
Apr-Jun 2018,Cooma,Southern NSW,District group 2,2450.0,78.0,2018-04-01,Regional
Apr-Jun 2018,Cowra,Western NSW,District group 2,1619.0,90.0,2018-04-01,Regional
Apr-Jun 2018,Deniliquin,Murrumbidgee,District group 2,2148.0,96.5,2018-04-01,Regional
Apr-Jun 2018,Dubbo,Western NSW,Major,8387.0,69.9,2018-04-01,Regional
Apr-Jun 2018,Fairfield,South Western Sydney,Major,8511.0,77.7,2018-04-01,Metropolitan
Apr-Jun 2018,Forbes,Western NSW,District group 2,1828.0,87.2,2018-04-01,Regional
Apr-Jun 2018,Gosford,Central Coast,Principal referral,16576.0,68.5,2018-04-01,Metropolitan
Apr-Jun 2018,Goulburn,Southern NSW,District group 1,4664.0,64.9,2018-04-01,Regional
Apr-Jun 2018,Grafton,Northern NSW,District group 1,6311.0,80.3,2018-04-01,Regional
Apr-Jun 2018,Griffith,Murrumbidgee,District group 1,5150.0,85.0,2018-04-01,Regional
Apr-Jun 2018,Gunnedah,Hunter New England,District group 2,1959.0,75.2,2018-04-01,Regional
Apr-Jun 2018,Hawkesbury,Nepean Blue Mountains,District group 1,6279.0,76.4,2018-04-01,Metropolitan
Apr-Jun 2018,Hornsby,Northern Sydney,Major,9855.0,90.0,2018-04-01,Metropolitan
Apr-Jun 2018,Inverell,Hunter New England,District group 2,2055.0,87.1,2018-04-01,Regional
Apr-Jun 2018,John Hunter,Hunter New England,Principal referral,19881.0,77.3,2018-04-01,Regional
Apr-Jun 2018,Kempsey,Mid North Coast,District group 2,7014.0,74.3,2018-04-01,Regional
Apr-Jun 2018,Kurri Kurri,Hunter New England,District group 2,1009.0,89.6,2018-04-01,Regional
Apr-Jun 2018,Lismore,Northern NSW,Major,8952.0,81.0,2018-04-01,Regional
Apr-Jun 2018,Lithgow,Nepean Blue Mountains,District group 2,3094.0,91.2,2018-04-01,Metropolitan
Apr-Jun 2018,Liverpool,South Western Sydney,Principal referral,21903.0,81.3,2018-04-01,Metropolitan
Apr-Jun 2018,Macksville,Mid North Coast,District group 2,3532.0,79.1,2018-04-01,Regional
Apr-Jun 2018,Maclean,Northern NSW,District group 2,2929.0,80.1,2018-04-01,Regional
Apr-Jun 2018,Maitland,Hunter New England,Major,12164.0,72.0,2018-04-01,Regional
Apr-Jun 2018,Manly,Northern Sydney,Major,5999.0,90.4,2018-04-01,Metropolitan
Apr-Jun 2018,Manning,Hunter New England,Major,7876.0,73.3,2018-04-01,Regional
Apr-Jun 2018,Milton,Illawarra Shoalhaven,District group 2,2869.0,75.6,2018-04-01,Metropolitan
Apr-Jun 2018,Mona Vale,Northern Sydney,Major,8290.0,89.1,2018-04-01,Metropolitan
Apr-Jun 2018,Moree,Hunter New England,District group 2,2100.0,88.0,2018-04-01,Regional
Apr-Jun 2018,Moruya,Southern NSW,District group 2,2554.0,77.6,2018-04-01,Regional
Apr-Jun 2018,Mount Druitt,Western Sydney,District group 1,8615.0,75.9,2018-04-01,Metropolitan
Apr-Jun 2018,Mudgee,Western NSW,District group 2,2801.0,72.6,2018-04-01,Regional
Apr-Jun 2018,Murwillumbah,Northern NSW,District group 1,4311.0,90.1,2018-04-01,Regional
Apr-Jun 2018,Muswellbrook,Hunter New England,District group 2,2457.0,81.5,2018-04-01,Regional
Apr-Jun 2018,Narrabri,Hunter New England,District group 2,1430.0,93.4,2018-04-01,Regional
Apr-Jun 2018,Nepean,Nepean Blue Mountains,Principal referral,17712.0,56.1,2018-04-01,Metropolitan
Apr-Jun 2018,Orange,Western NSW,Major,7297.0,86.1,2018-04-01,Regional
Apr-Jun 2018,Port Macquarie,Mid North Coast,Major,8590.0,83.8,2018-04-01,Regional
Apr-Jun 2018,Prince of Wales,South Eastern Sydney,Principal referral,15056.0,72.8,2018-04-01,Metropolitan
Apr-Jun 2018,Queanbeyan,Southern NSW,District group 2,5319.0,74.4,2018-04-01,Regional
Apr-Jun 2018,Royal North Shore,Northern Sydney,Principal referral,22074.0,80.9,2018-04-01,Metropolitan
Apr-Jun 2018,Royal Prince Alfred,Sydney,Principal referral,19487.0,65.7,2018-04-01,Metropolitan
Apr-Jun 2018,Ryde,Northern Sydney,District group 1,6553.0,86.0,2018-04-01,Metropolitan
Apr-Jun 2018,Shellharbour,Illawarra Shoalhaven,District group 1,7659.0,70.5,2018-04-01,Metropolitan
Apr-Jun 2018,Shoalhaven,Illawarra Shoalhaven,Major,9714.0,62.8,2018-04-01,Metropolitan
Apr-Jun 2018,Singleton,Hunter New England,District group 2,2962.0,75.4,2018-04-01,Regional
Apr-Jun 2018,South East Regional,Southern NSW,District group 1,4230.0,75.5,2018-04-01,Regional
Apr-Jun 2018,St George,South Eastern Sydney,Principal referral,19692.0,75.8,2018-04-01,Metropolitan
Apr-Jun 2018,St Vincent's,St Vincent's Health Network,Principal referral,11647.0,77.9,2018-04-01,Specialty network
Apr-Jun 2018,Sutherland,South Eastern Sydney,Major,13274.0,64.7,2018-04-01,Metropolitan
Apr-Jun 2018,Sydney Children's Randwick,Sydney Children's Hospitals Network,Paediatric specialist,8739.0,70.2,2018-04-01,Specialty network
Apr-Jun 2018,Sydney and Sydney Eye,South Eastern Sydney,Ungrouped acute - tertiary referral,7663.0,84.9,2018-04-01,Metropolitan
Apr-Jun 2018,Tamworth,Hunter New England,Major,10541.0,69.7,2018-04-01,Regional
Apr-Jun 2018,Tweed Valley,Northern NSW,Major,12475.0,86.6,2018-04-01,Regional
Apr-Jun 2018,Wagga Wagga,Murrumbidgee,Major,10658.0,79.7,2018-04-01,Regional
Apr-Jun 2018,Westmead,Western Sydney,Principal referral,18977.0,50.6,2018-04-01,Metropolitan
Apr-Jun 2018,Wollongong,Illawarra Shoalhaven,Principal referral,17068.0,71.9,2018-04-01,Metropolitan
Apr-Jun 2018,Wyong,Central Coast,Major,16184.0,75.6,2018-04-01,Metropolitan
Apr-Jun 2018,Young,Murrumbidgee,District group 2,1979.0,93.7,2018-04-01,Regional
Apr-Jun 2019,Armidale,Hunter New England,District group 1,4171.0,64.3,2019-04-01,Regional
Apr-Jun 2019,Auburn,Western Sydney,Major,7536.0,56.9,2019-04-01,Metropolitan
Apr-Jun 2019,Ballina,Northern NSW,District group 2,4574.0,72.8,2019-04-01,Regional
Apr-Jun 2019,Bankstown-Lidcombe,South Western Sydney,Principal referral,14746.0,53.5,2019-04-01,Metropolitan
Apr-Jun 2019,Batemans Bay,Southern NSW,District group 2,4000.0,72.4,2019-04-01,Regional
Apr-Jun 2019,Bathurst,Western NSW,District group 1,7341.0,83.9,2019-04-01,Regional
Apr-Jun 2019,Belmont,Hunter New England,District group 1,6988.0,76.0,2019-04-01,Regional
Apr-Jun 2019,Blacktown,Western Sydney,Major,14072.0,73.6,2019-04-01,Metropolitan
Apr-Jun 2019,Blue Mountains,Nepean Blue Mountains,District group 2,4559.0,75.0,2019-04-01,Metropolitan
Apr-Jun 2019,Bowral,South Western Sydney,District group 1,5049.0,62.9,2019-04-01,Metropolitan
Apr-Jun 2019,Broken Hill,Far West,District group 1,5496.0,75.4,2019-04-01,Regional
Apr-Jun 2019,Byron Central,Northern NSW,District group 2,5220.0,87.4,2019-04-01,Regional
Apr-Jun 2019,Calvary Mater,Hunter New England,Ungrouped acute - tertiary referral,10035.0,83.1,2019-04-01,Regional
Apr-Jun 2019,Campbelltown,South Western Sydney,Major,20744.0,75.5,2019-04-01,Metropolitan
Apr-Jun 2019,Canterbury,Sydney,Major,11726.0,74.7,2019-04-01,Metropolitan
Apr-Jun 2019,Casino,Northern NSW,District group 2,3414.0,68.7,2019-04-01,Regional
Apr-Jun 2019,Cessnock,Hunter New England,District group 2,4397.0,69.6,2019-04-01,Regional
Apr-Jun 2019,Children's at Westmead,Sydney Children's Hospitals Network,Paediatric specialist,16325.0,69.0,2019-04-01,Specialty network
Apr-Jun 2019,Coffs Harbour,Mid North Coast,Major,10400.0,74.3,2019-04-01,Regional
Apr-Jun 2019,Concord,Sydney,Principal referral,10688.0,70.9,2019-04-01,Metropolitan
Apr-Jun 2019,Cooma,Southern NSW,District group 2,2704.0,83.6,2019-04-01,Regional
Apr-Jun 2019,Cowra,Western NSW,District group 2,1878.0,91.1,2019-04-01,Regional
Apr-Jun 2019,Deniliquin,Murrumbidgee,District group 2,2733.0,93.3,2019-04-01,Regional
Apr-Jun 2019,Dubbo,Western NSW,Major,9223.0,64.8,2019-04-01,Regional
Apr-Jun 2019,Fairfield,South Western Sydney,Major,9929.0,60.0,2019-04-01,Metropolitan
Apr-Jun 2019,Forbes,Western NSW,District group 2,2127.0,85.1,2019-04-01,Regional
Apr-Jun 2019,Gosford,Central Coast,Principal referral,18777.0,62.9,2019-04-01,Metropolitan
Apr-Jun 2019,Goulburn,Southern NSW,District group 1,4859.0,72.7,2019-04-01,Regional
Apr-Jun 2019,Grafton,Northern NSW,District group 1,6699.0,77.0,2019-04-01,Regional
Apr-Jun 2019,Griffith,Murrumbidgee,District group 1,5883.0,88.6,2019-04-01,Regional
Apr-Jun 2019,Gunnedah,Hunter New England,District group 2,2322.0,72.9,2019-04-01,Regional
Apr-Jun 2019,Hawkesbury,Nepean Blue Mountains,District group 1,6950.0,78.0,2019-04-01,Metropolitan
Apr-Jun 2019,Hornsby,Northern Sydney,Major,10894.0,84.6,2019-04-01,Metropolitan
Apr-Jun 2019,Inverell,Hunter New England,District group 2,2349.0,83.0,2019-04-01,Regional
Apr-Jun 2019,John Hunter,Hunter New England,Principal referral,21480.0,71.5,2019-04-01,Regional
Apr-Jun 2019,Kempsey,Mid North Coast,District group 2,7443.0,75.2,2019-04-01,Regional
Apr-Jun 2019,Kurri Kurri,Hunter New England,District group 2,789.0,93.9,2019-04-01,Regional
Apr-Jun 2019,Lismore,Northern NSW,Major,9804.0,68.9,2019-04-01,Regional
Apr-Jun 2019,Lithgow,Nepean Blue Mountains,District group 2,3283.0,90.2,2019-04-01,Metropolitan
Apr-Jun 2019,Liverpool,South Western Sydney,Principal referral,23699.0,70.5,2019-04-01,Metropolitan
Apr-Jun 2019,Macksville,Mid North Coast,District group 2,3523.0,76.0,2019-04-01,Regional
Apr-Jun 2019,Maclean,Northern NSW,District group 2,3311.0,76.9,2019-04-01,Regional
Apr-Jun 2019,Maitland,Hunter New England,Major,12978.0,64.4,2019-04-01,Regional
Apr-Jun 2019,Manning,Hunter New England,Major,8195.0,71.2,2019-04-01,Regional
Apr-Jun 2019,Milton,Illawarra Shoalhaven,District group 2,3346.0,73.6,2019-04-01,Metropolitan
Apr-Jun 2019,Moree,Hunter New England,District group 2,2566.0,77.3,2019-04-01,Regional
Apr-Jun 2019,Moruya,Southern NSW,District group 2,2962.0,64.6,2019-04-01,Regional
Apr-Jun 2019,Mount Druitt,Western Sydney,District group 1,9933.0,63.5,2019-04-01,Metropolitan
Apr-Jun 2019,Mudgee,Western NSW,District group 2,3321.0,69.0,2019-04-01,Regional
Apr-Jun 2019,Murwillumbah,Northern NSW,District group 1,4358.0,84.3,2019-04-01,Regional
Apr-Jun 2019,Muswellbrook,Hunter New England,District group 2,2657.0,77.5,2019-04-01,Regional
Apr-Jun 2019,Narrabri,Hunter New England,District group 2,1391.0,90.7,2019-04-01,Regional
Apr-Jun 2019,Nepean,Nepean Blue Mountains,Principal referral,18526.0,49.1,2019-04-01,Metropolitan
Apr-Jun 2019,Northern Beaches,Northern Sydney,Major,15670.0,67.9,2019-04-01,Metropolitan
Apr-Jun 2019,Orange,Western NSW,Major,8187.0,73.9,2019-04-01,Regional
Apr-Jun 2019,Port Macquarie,Mid North Coast,Major,10437.0,76.7,2019-04-01,Regional
Apr-Jun 2019,Prince of Wales,South Eastern Sydney,Principal referral,15284.0,67.8,2019-04-01,Metropolitan
Apr-Jun 2019,Queanbeyan,Southern NSW,District group 2,6159.0,80.4,2019-04-01,Regional
Apr-Jun 2019,Royal North Shore,Northern Sydney,Principal referral,22094.0,82.0,2019-04-01,Metropolitan
Apr-Jun 2019,Royal Prince Alfred,Sydney,Principal referral,20877.0,60.9,2019-04-01,Metropolitan
Apr-Jun 2019,Ryde,Northern Sydney,District group 1,7558.0,81.9,2019-04-01,Metropolitan
Apr-Jun 2019,Shellharbour,Illawarra Shoalhaven,District group 1,8090.0,68.6,2019-04-01,Metropolitan
Apr-Jun 2019,Shoalhaven,Illawarra Shoalhaven,Major,10283.0,54.6,2019-04-01,Metropolitan
Apr-Jun 2019,Singleton,Hunter New England,District group 2,3308.0,72.4,2019-04-01,Regional
Apr-Jun 2019,South East Regional,Southern NSW,District group 1,4941.0,77.2,2019-04-01,Regional
Apr-Jun 2019,St George,South Eastern Sydney,Principal referral,20642.0,64.9,2019-04-01,Metropolitan
Apr-Jun 2019,St Vincent's,St Vincent's Health Network,Principal referral,12406.0,78.2,2019-04-01,Specialty network
Apr-Jun 2019,Sutherland,South Eastern Sydney,Major,14745.0,59.3,2019-04-01,Metropolitan
Apr-Jun 2019,Sydney Children's Randwick,Sydney Children's Hospitals Network,Paediatric specialist,9591.0,60.7,2019-04-01,Specialty network
Apr-Jun 2019,Sydney and Sydney Eye,South Eastern Sydney,Ungrouped acute - tertiary referral,7813.0,86.9,2019-04-01,Metropolitan
Apr-Jun 2019,Tamworth,Hunter New England,Major,10704.0,69.1,2019-04-01,Regional
Apr-Jun 2019,Tweed Valley,Northern NSW,Major,13081.0,82.0,2019-04-01,Regional
Apr-Jun 2019,Wagga Wagga,Murrumbidgee,Major,11821.0,78.5,2019-04-01,Regional
Apr-Jun 2019,Westmead,Western Sydney,Principal referral,19282.0,54.6,2019-04-01,Metropolitan
Apr-Jun 2019,Wollongong,Illawarra Shoalhaven,Principal referral,18061.0,70.0,2019-04-01,Metropolitan
Apr-Jun 2019,Wyong,Central Coast,Major,18104.0,69.8,2019-04-01,Metropolitan
Apr-Jun 2019,Young,Murrumbidgee,District group 2,2273.0,95.3,2019-04-01,Regional
Apr-Jun 2020,Armidale,Hunter New England,District group 1,3241.0,71.6,2020-04-01,Regional
Apr-Jun 2020,Auburn,Western Sydney,Major,5812.0,80.6,2020-04-01,Metropolitan
Apr-Jun 2020,Ballina,Northern NSW,District group 2,3670.0,82.7,2020-04-01,Regional
Apr-Jun 2020,Bankstown-Lidcombe,South Western Sydney,Principal referral,10755.0,79.4,2020-04-01,Metropolitan
Apr-Jun 2020,Batemans Bay,Southern NSW,District group 2,2562.0,82.0,2020-04-01,Regional
Apr-Jun 2020,Bathurst,Western NSW,District group 1,7455.0,96.4,2020-04-01,Regional
Apr-Jun 2020,Belmont,Hunter New England,District group 1,5447.0,77.7,2020-04-01,Regional
Apr-Jun 2020,Blacktown,Western Sydney,Major,12955.0,80.7,2020-04-01,Metropolitan
Apr-Jun 2020,Blue Mountains,Nepean Blue Mountains,District group 2,3601.0,78.3,2020-04-01,Metropolitan
Apr-Jun 2020,Bowral,South Western Sydney,District group 1,3756.0,81.2,2020-04-01,Metropolitan
Apr-Jun 2020,Broken Hill,Far West,District group 1,3707.0,71.3,2020-04-01,Regional
Apr-Jun 2020,Byron Central,Northern NSW,District group 2,3931.0,85.8,2020-04-01,Regional
Apr-Jun 2020,Calvary Mater,Hunter New England,Ungrouped acute - tertiary referral,7801.0,86.1,2020-04-01,Regional
Apr-Jun 2020,Campbelltown,South Western Sydney,Major,16688.0,89.8,2020-04-01,Metropolitan
Apr-Jun 2020,Canterbury,Sydney,Major,7977.0,87.9,2020-04-01,Metropolitan
Apr-Jun 2020,Casino,Northern NSW,District group 2,2549.0,78.0,2020-04-01,Regional
Apr-Jun 2020,Cessnock,Hunter New England,District group 2,3292.0,70.9,2020-04-01,Regional
Apr-Jun 2020,Children's at Westmead,Sydney Children's Hospitals Network,Paediatric specialist,8803.0,87.3,2020-04-01,Specialty network
Apr-Jun 2020,Coffs Harbour,Mid North Coast,Major,8486.0,83.7,2020-04-01,Regional
Apr-Jun 2020,Concord,Sydney,Principal referral,8263.0,82.6,2020-04-01,Metropolitan
Apr-Jun 2020,Cooma,Southern NSW,District group 2,2028.0,83.8,2020-04-01,Regional
Apr-Jun 2020,Cowra,Western NSW,District group 2,1387.0,91.4,2020-04-01,Regional
Apr-Jun 2020,Deniliquin,Murrumbidgee,District group 2,1630.0,98.4,2020-04-01,Regional
Apr-Jun 2020,Dubbo,Western NSW,Major,8824.0,87.8,2020-04-01,Regional
Apr-Jun 2020,Fairfield,South Western Sydney,Major,6338.0,85.1,2020-04-01,Metropolitan
Apr-Jun 2020,Forbes,Western NSW,District group 2,1702.0,89.3,2020-04-01,Regional
Apr-Jun 2020,Gosford,Central Coast,Principal referral,14899.0,76.9,2020-04-01,Metropolitan
Apr-Jun 2020,Goulburn,Southern NSW,District group 1,3742.0,75.3,2020-04-01,Regional
Apr-Jun 2020,Grafton,Northern NSW,District group 1,5183.0,80.1,2020-04-01,Regional
Apr-Jun 2020,Griffith,Murrumbidgee,District group 1,4018.0,91.7,2020-04-01,Regional
Apr-Jun 2020,Gunnedah,Hunter New England,District group 2,2296.0,83.9,2020-04-01,Regional
Apr-Jun 2020,Hawkesbury,Nepean Blue Mountains,District group 1,5515.0,73.8,2020-04-01,Metropolitan
Apr-Jun 2020,Hornsby,Northern Sydney,Major,8855.0,94.5,2020-04-01,Metropolitan
Apr-Jun 2020,Inverell,Hunter New England,District group 2,1861.0,80.2,2020-04-01,Regional
Apr-Jun 2020,John Hunter,Hunter New England,Principal referral,17544.0,86.2,2020-04-01,Regional
Apr-Jun 2020,Kempsey,Mid North Coast,District group 2,6039.0,82.3,2020-04-01,Regional
Apr-Jun 2020,Kurri Kurri,Hunter New England,District group 2,485.0,95.9,2020-04-01,Regional
Apr-Jun 2020,Lismore,Northern NSW,Major,8543.0,82.2,2020-04-01,Regional
Apr-Jun 2020,Lithgow,Nepean Blue Mountains,District group 2,2239.0,92.3,2020-04-01,Metropolitan
Apr-Jun 2020,Liverpool,South Western Sydney,Principal referral,18480.0,86.6,2020-04-01,Metropolitan
Apr-Jun 2020,Macksville,Mid North Coast,District group 2,2692.0,88.4,2020-04-01,Regional
Apr-Jun 2020,Maclean,Northern NSW,District group 2,2374.0,77.1,2020-04-01,Regional
Apr-Jun 2020,Maitland,Hunter New England,Major,10347.0,75.4,2020-04-01,Regional
Apr-Jun 2020,Manning,Hunter New England,Major,6739.0,86.7,2020-04-01,Regional
Apr-Jun 2020,Milton,Illawarra Shoalhaven,District group 2,3321.0,88.1,2020-04-01,Metropolitan
Apr-Jun 2020,Moree,Hunter New England,District group 2,1953.0,81.9,2020-04-01,Regional
Apr-Jun 2020,Moruya,Southern NSW,District group 2,2197.0,77.7,2020-04-01,Regional
Apr-Jun 2020,Mount Druitt,Western Sydney,District group 1,6412.0,78.1,2020-04-01,Metropolitan
Apr-Jun 2020,Mudgee,Western NSW,District group 2,2397.0,81.5,2020-04-01,Regional
Apr-Jun 2020,Murwillumbah,Northern NSW,District group 1,3378.0,93.2,2020-04-01,Regional
Apr-Jun 2020,Muswellbrook,Hunter New England,District group 2,2184.0,78.0,2020-04-01,Regional
Apr-Jun 2020,Narrabri,Hunter New England,District group 2,1420.0,91.9,2020-04-01,Regional
Apr-Jun 2020,Nepean,Nepean Blue Mountains,Principal referral,15217.0,65.0,2020-04-01,Metropolitan
Apr-Jun 2020,Northern Beaches,Northern Sydney,Major,26025.0,92.0,2020-04-01,Metropolitan
Apr-Jun 2020,Orange,Western NSW,Major,7299.0,91.7,2020-04-01,Regional
Apr-Jun 2020,Port Macquarie,Mid North Coast,Major,9236.0,81.8,2020-04-01,Regional
Apr-Jun 2020,Prince of Wales,South Eastern Sydney,Principal referral,11334.0,79.0,2020-04-01,Metropolitan
Apr-Jun 2020,Queanbeyan,Southern NSW,District group 2,4509.0,88.2,2020-04-01,Regional
Apr-Jun 2020,Royal North Shore,Northern Sydney,Principal referral,16726.0,88.5,2020-04-01,Metropolitan
Apr-Jun 2020,Royal Prince Alfred,Sydney,Principal referral,15590.0,83.2,2020-04-01,Metropolitan
Apr-Jun 2020,Ryde,Northern Sydney,District group 1,4527.0,90.7,2020-04-01,Metropolitan
Apr-Jun 2020,Shellharbour,Illawarra Shoalhaven,District group 1,6613.0,76.4,2020-04-01,Metropolitan
Apr-Jun 2020,Shoalhaven,Illawarra Shoalhaven,Major,7917.0,67.4,2020-04-01,Metropolitan
Apr-Jun 2020,Singleton,Hunter New England,District group 2,2571.0,74.0,2020-04-01,Regional
Apr-Jun 2020,South East Regional,Southern NSW,District group 1,3785.0,85.5,2020-04-01,Regional
Apr-Jun 2020,St George,South Eastern Sydney,Principal referral,19956.0,85.0,2020-04-01,Metropolitan
Apr-Jun 2020,St Vincent's,St Vincent's Health Network,Principal referral,9474.0,89.7,2020-04-01,Specialty network
Apr-Jun 2020,Sutherland,South Eastern Sydney,Major,23857.0,89.5,2020-04-01,Metropolitan
Apr-Jun 2020,Sydney Children's Randwick,Sydney Children's Hospitals Network,Paediatric specialist,5574.0,89.2,2020-04-01,Specialty network
Apr-Jun 2020,Sydney and Sydney Eye,South Eastern Sydney,Ungrouped acute - tertiary referral,6081.0,96.3,2020-04-01,Metropolitan
Apr-Jun 2020,Tamworth,Hunter New England,Major,8364.0,78.6,2020-04-01,Regional
Apr-Jun 2020,Tweed Valley,Northern NSW,Major,10157.0,88.7,2020-04-01,Regional
Apr-Jun 2020,Wagga Wagga,Murrumbidgee,Major,9297.0,93.4,2020-04-01,Regional
Apr-Jun 2020,Westmead,Western Sydney,Principal referral,15712.0,67.6,2020-04-01,Metropolitan
Apr-Jun 2020,Wollongong,Illawarra Shoalhaven,Principal referral,14356.0,84.7,2020-04-01,Metropolitan
Apr-Jun 2020,Wyong,Central Coast,Major,14536.0,77.5,2020-04-01,Metropolitan
Apr-Jun 2020,Young,Murrumbidgee,District group 2,1356.0,97.1,2020-04-01,Regional
Apr-Jun 2021,Armidale,Hunter New England,District group 1,4597.0,61.3,2021-04-01,Regional
Apr-Jun 2021,Auburn,Western Sydney,Major,7579.0,77.3,2021-04-01,Metropolitan
Apr-Jun 2021,Ballina,Northern NSW,District group 2,4615.0,66.3,2021-04-01,Regional
Apr-Jun 2021,Bankstown-Lidcombe,South Western Sydney,Principal referral,14061.0,62.7,2021-04-01,Metropolitan
Apr-Jun 2021,Batemans Bay,Southern NSW,District group 2,3557.0,65.6,2021-04-01,Regional
Apr-Jun 2021,Bathurst,Western NSW,District group 1,12507.0,81.3,2021-04-01,Regional
Apr-Jun 2021,Belmont,Hunter New England,District group 1,7678.0,64.2,2021-04-01,Regional
Apr-Jun 2021,Blacktown,Western Sydney,Major,14875.0,35.4,2021-04-01,Metropolitan
Apr-Jun 2021,Blue Mountains,Nepean Blue Mountains,District group 2,5159.0,78.9,2021-04-01,Metropolitan
Apr-Jun 2021,Bowral,South Western Sydney,District group 1,5872.0,82.8,2021-04-01,Metropolitan
Apr-Jun 2021,Broken Hill,Far West,District group 1,5591.0,57.7,2021-04-01,Regional
Apr-Jun 2021,Byron Central,Northern NSW,District group 2,5231.0,77.8,2021-04-01,Regional
Apr-Jun 2021,Calvary Mater,Hunter New England,Ungrouped acute - tertiary referral,10743.0,78.0,2021-04-01,Regional
Apr-Jun 2021,Campbelltown,South Western Sydney,Major,21682.0,79.9,2021-04-01,Metropolitan
Apr-Jun 2021,Canterbury,Sydney,Major,11877.0,69.0,2021-04-01,Metropolitan
Apr-Jun 2021,Casino,Northern NSW,District group 2,3168.0,69.6,2021-04-01,Regional
Apr-Jun 2021,Cessnock,Hunter New England,District group 2,4504.0,63.4,2021-04-01,Regional
Apr-Jun 2021,Children's at Westmead,Sydney Children's Hospitals Network,Paediatric specialist,17542.0,61.1,2021-04-01,Specialty network
Apr-Jun 2021,Coffs Harbour,Mid North Coast,Major,11368.0,64.1,2021-04-01,Regional
Apr-Jun 2021,Concord,Sydney,Principal referral,11185.0,63.4,2021-04-01,Metropolitan
Apr-Jun 2021,Cooma,Southern NSW,District group 2,2843.0,78.1,2021-04-01,Regional
Apr-Jun 2021,Cowra,Western NSW,District group 2,1999.0,92.5,2021-04-01,Regional
Apr-Jun 2021,Deniliquin,Murrumbidgee,District group 2,2272.0,97.8,2021-04-01,Regional
Apr-Jun 2021,Dubbo,Western NSW,Major,13622.0,70.2,2021-04-01,Regional
Apr-Jun 2021,Fairfield,South Western Sydney,Major,9292.0,71.1,2021-04-01,Metropolitan
Apr-Jun 2021,Forbes,Western NSW,District group 2,2165.0,84.8,2021-04-01,Regional
Apr-Jun 2021,Gosford,Central Coast,Principal referral,21565.0,51.0,2021-04-01,Metropolitan
Apr-Jun 2021,Goulburn,Southern NSW,District group 1,5104.0,57.6,2021-04-01,Regional
Apr-Jun 2021,Grafton,Northern NSW,District group 1,6732.0,72.8,2021-04-01,Regional
Apr-Jun 2021,Griffith,Murrumbidgee,District group 1,5396.0,81.1,2021-04-01,Regional
Apr-Jun 2021,Gunnedah,Hunter New England,District group 2,2464.0,74.5,2021-04-01,Regional
Apr-Jun 2021,Hawkesbury,Nepean Blue Mountains,District group 1,7360.0,66.3,2021-04-01,Metropolitan
Apr-Jun 2021,Hornsby,Northern Sydney,Major,11880.0,81.2,2021-04-01,Metropolitan
Apr-Jun 2021,Inverell,Hunter New England,District group 2,2660.0,82.0,2021-04-01,Regional
Apr-Jun 2021,John Hunter,Hunter New England,Principal referral,23456.0,67.4,2021-04-01,Regional
Apr-Jun 2021,Kempsey,Mid North Coast,District group 2,7574.0,67.2,2021-04-01,Regional
Apr-Jun 2021,Kurri Kurri,Hunter New England,District group 2,566.0,97.9,2021-04-01,Regional
Apr-Jun 2021,Lismore,Northern NSW,Major,10077.0,67.4,2021-04-01,Regional
Apr-Jun 2021,Lithgow,Nepean Blue Mountains,District group 2,3117.0,84.0,2021-04-01,Metropolitan
Apr-Jun 2021,Liverpool,South Western Sydney,Principal referral,22988.0,67.9,2021-04-01,Metropolitan
Apr-Jun 2021,Macksville,Mid North Coast,District group 2,3485.0,84.2,2021-04-01,Regional
Apr-Jun 2021,Maclean,Northern NSW,District group 2,3547.0,66.1,2021-04-01,Regional
Apr-Jun 2021,Maitland,Hunter New England,Major,13702.0,59.5,2021-04-01,Regional
Apr-Jun 2021,Manning,Hunter New England,Major,8987.0,80.9,2021-04-01,Regional
Apr-Jun 2021,Milton,Illawarra Shoalhaven,District group 2,3709.0,70.0,2021-04-01,Metropolitan
Apr-Jun 2021,Moree,Hunter New England,District group 2,2848.0,79.2,2021-04-01,Regional
Apr-Jun 2021,Moruya,Southern NSW,District group 2,2814.0,62.7,2021-04-01,Regional
Apr-Jun 2021,Mount Druitt,Western Sydney,District group 1,9747.0,55.1,2021-04-01,Metropolitan
Apr-Jun 2021,Mudgee,Western NSW,District group 2,3674.0,67.9,2021-04-01,Regional
Apr-Jun 2021,Murwillumbah,Northern NSW,District group 1,4398.0,86.3,2021-04-01,Regional
Apr-Jun 2021,Muswellbrook,Hunter New England,District group 2,3011.0,65.8,2021-04-01,Regional
Apr-Jun 2021,Narrabri,Hunter New England,District group 2,1324.0,89.8,2021-04-01,Regional
Apr-Jun 2021,Nepean,Nepean Blue Mountains,Principal referral,19481.0,49.5,2021-04-01,Metropolitan
Apr-Jun 2021,Northern Beaches,Northern Sydney,Major,28030.0,81.1,2021-04-01,Metropolitan
Apr-Jun 2021,Orange,Western NSW,Major,8779.0,76.7,2021-04-01,Regional
Apr-Jun 2021,Port Macquarie,Mid North Coast,Major,12484.0,61.4,2021-04-01,Regional
Apr-Jun 2021,Prince of Wales,South Eastern Sydney,Principal referral,15510.0,64.9,2021-04-01,Metropolitan
Apr-Jun 2021,Queanbeyan,Southern NSW,District group 2,6427.0,85.7,2021-04-01,Regional
Apr-Jun 2021,Royal North Shore,Northern Sydney,Principal referral,22540.0,67.4,2021-04-01,Metropolitan
Apr-Jun 2021,Royal Prince Alfred,Sydney,Principal referral,21576.0,58.3,2021-04-01,Metropolitan
Apr-Jun 2021,Ryde,Northern Sydney,District group 1,7644.0,78.8,2021-04-01,Metropolitan
Apr-Jun 2021,Shellharbour,Illawarra Shoalhaven,District group 1,9118.0,68.6,2021-04-01,Metropolitan
Apr-Jun 2021,Shoalhaven,Illawarra Shoalhaven,Major,10846.0,60.1,2021-04-01,Metropolitan
Apr-Jun 2021,Singleton,Hunter New England,District group 2,3934.0,73.1,2021-04-01,Regional
Apr-Jun 2021,South East Regional,Southern NSW,District group 1,5357.0,58.8,2021-04-01,Regional
Apr-Jun 2021,St George,South Eastern Sydney,Principal referral,21498.0,52.4,2021-04-01,Metropolitan
Apr-Jun 2021,St Vincent's,St Vincent's Health Network,Principal referral,12356.0,69.8,2021-04-01,Specialty network
Apr-Jun 2021,Sutherland,South Eastern Sydney,Major,16850.0,58.2,2021-04-01,Metropolitan
Apr-Jun 2021,Sydney Children's Randwick,Sydney Children's Hospitals Network,Paediatric specialist,11222.0,49.1,2021-04-01,Specialty network
Apr-Jun 2021,Sydney and Sydney Eye,South Eastern Sydney,Ungrouped acute - tertiary referral,6939.0,82.8,2021-04-01,Metropolitan
Apr-Jun 2021,Tamworth,Hunter New England,Major,11727.0,52.0,2021-04-01,Regional
Apr-Jun 2021,Tweed Valley,Northern NSW,Major,13560.0,71.8,2021-04-01,Regional
Apr-Jun 2021,Wagga Wagga,Murrumbidgee,Major,12131.0,78.6,2021-04-01,Regional
Apr-Jun 2021,Westmead,Western Sydney,Principal referral,19502.0,35.9,2021-04-01,Metropolitan
Apr-Jun 2021,Wollongong,Illawarra Shoalhaven,Principal referral,19405.0,66.2,2021-04-01,Metropolitan
Apr-Jun 2021,Wyong,Central Coast,Major,18769.0,51.7,2021-04-01,Metropolitan
Apr-Jun 2021,Young,Murrumbidgee,District group 2,1983.0,95.3,2021-04-01,Regional
Apr-Jun 2022,Armidale,Hunter New England,District group 1,4783.0,49.3,2022-04-01,Regional
Apr-Jun 2022,Auburn,Western Sydney,Major,8074.0,67.7,2022-04-01,Metropolitan
Apr-Jun 2022,Ballina,Northern NSW,District group 2,4697.0,63.6,2022-04-01,Regional
Apr-Jun 2022,Bankstown-Lidcombe,South Western Sydney,Principal referral,15121.0,52.5,2022-04-01,Metropolitan
Apr-Jun 2022,Batemans Bay,Southern NSW,District group 2,3176.0,73.8,2022-04-01,Regional
Apr-Jun 2022,Bathurst,Western NSW,District group 1,6956.0,74.8,2022-04-01,Regional
Apr-Jun 2022,Belmont,Hunter New England,District group 1,7528.0,61.5,2022-04-01,Regional
Apr-Jun 2022,Blacktown,Western Sydney,Major,15466.0,26.2,2022-04-01,Metropolitan
Apr-Jun 2022,Blue Mountains,Nepean Blue Mountains,District group 2,5203.0,57.3,2022-04-01,Metropolitan
Apr-Jun 2022,Bowral,South Western Sydney,District group 1,6142.0,85.0,2022-04-01,Metropolitan
Apr-Jun 2022,Broken Hill,Far West,District group 1,4980.0,73.5,2022-04-01,Regional
Apr-Jun 2022,Byron Central,Northern NSW,District group 2,5515.0,88.0,2022-04-01,Regional
Apr-Jun 2022,Calvary Mater,Hunter New England,Ungrouped acute - tertiary referral,10094.0,77.6,2022-04-01,Regional
Apr-Jun 2022,Campbelltown,South Western Sydney,Major,23378.0,70.4,2022-04-01,Metropolitan
Apr-Jun 2022,Canterbury,Sydney,Major,12735.0,68.9,2022-04-01,Metropolitan
Apr-Jun 2022,Casino,Northern NSW,District group 2,3736.0,53.8,2022-04-01,Regional
Apr-Jun 2022,Cessnock,Hunter New England,District group 2,4505.0,62.0,2022-04-01,Regional
Apr-Jun 2022,Children's at Westmead,Sydney Children's Hospitals Network,Paediatric specialist,18696.0,54.7,2022-04-01,Specialty network
Apr-Jun 2022,Coffs Harbour,Mid North Coast,Major,11507.0,60.2,2022-04-01,Regional
Apr-Jun 2022,Concord,Sydney,Principal referral,10598.0,82.6,2022-04-01,Metropolitan
Apr-Jun 2022,Cooma,Southern NSW,District group 2,2814.0,88.7,2022-04-01,Regional
Apr-Jun 2022,Cowra,Western NSW,District group 2,2219.0,92.9,2022-04-01,Regional
Apr-Jun 2022,Deniliquin,Murrumbidgee,District group 2,2596.0,98.6,2022-04-01,Regional
Apr-Jun 2022,Dubbo,Western NSW,Major,10304.0,81.6,2022-04-01,Regional
Apr-Jun 2022,Fairfield,South Western Sydney,Major,10002.0,68.5,2022-04-01,Metropolitan
Apr-Jun 2022,Forbes,Western NSW,District group 2,2035.0,89.1,2022-04-01,Regional
Apr-Jun 2022,Gosford,Central Coast,Principal referral,21079.0,38.2,2022-04-01,Metropolitan
Apr-Jun 2022,Goulburn,Southern NSW,District group 1,5249.0,57.3,2022-04-01,Regional
Apr-Jun 2022,Grafton,Northern NSW,District group 1,6911.0,64.7,2022-04-01,Regional
Apr-Jun 2022,Griffith,Murrumbidgee,District group 1,6053.0,73.3,2022-04-01,Regional
Apr-Jun 2022,Gunnedah,Hunter New England,District group 2,2247.0,99.4,2022-04-01,Regional
Apr-Jun 2022,Hawkesbury,Nepean Blue Mountains,District group 1,7857.0,60.5,2022-04-01,Metropolitan
Apr-Jun 2022,Hornsby,Northern Sydney,Major,12194.0,74.5,2022-04-01,Metropolitan
Apr-Jun 2022,Inverell,Hunter New England,District group 2,2420.0,76.6,2022-04-01,Regional
Apr-Jun 2022,John Hunter,Hunter New England,Principal referral,22851.0,59.7,2022-04-01,Regional
Apr-Jun 2022,Kempsey,Mid North Coast,District group 2,6877.0,70.7,2022-04-01,Regional
Apr-Jun 2022,Kurri Kurri,Hunter New England,District group 2,537.0,96.6,2022-04-01,Regional
Apr-Jun 2022,Lismore,Northern NSW,Major,9524.0,57.6,2022-04-01,Regional
Apr-Jun 2022,Lithgow,Nepean Blue Mountains,District group 2,3141.0,77.3,2022-04-01,Metropolitan
Apr-Jun 2022,Liverpool,South Western Sydney,Principal referral,23392.0,63.3,2022-04-01,Metropolitan
Apr-Jun 2022,Macksville,Mid North Coast,District group 2,3382.0,84.7,2022-04-01,Regional
Apr-Jun 2022,Maclean,Northern NSW,District group 2,3993.0,81.0,2022-04-01,Regional
Apr-Jun 2022,Maitland,Hunter New England,Major,14241.0,43.3,2022-04-01,Regional
Apr-Jun 2022,Manning,Hunter New England,Major,8774.0,63.0,2022-04-01,Regional
Apr-Jun 2022,Milton,Illawarra Shoalhaven,District group 2,3788.0,77.9,2022-04-01,Metropolitan
Apr-Jun 2022,Moree,Hunter New England,District group 2,2844.0,69.0,2022-04-01,Regional
Apr-Jun 2022,Moruya,Southern NSW,District group 2,2813.0,67.0,2022-04-01,Regional
Apr-Jun 2022,Mount Druitt,Western Sydney,District group 1,10784.0,39.1,2022-04-01,Metropolitan
Apr-Jun 2022,Mudgee,Western NSW,District group 2,3705.0,70.2,2022-04-01,Regional
Apr-Jun 2022,Murwillumbah,Northern NSW,District group 1,4379.0,74.5,2022-04-01,Regional
Apr-Jun 2022,Muswellbrook,Hunter New England,District group 2,3210.0,67.3,2022-04-01,Regional
Apr-Jun 2022,Narrabri,Hunter New England,District group 2,1487.0,89.0,2022-04-01,Regional
Apr-Jun 2022,Nepean,Nepean Blue Mountains,Principal referral,19237.0,39.3,2022-04-01,Metropolitan
Apr-Jun 2022,Northern Beaches,Northern Sydney,Major,17896.0,74.8,2022-04-01,Metropolitan
Apr-Jun 2022,Orange,Western NSW,Major,8380.0,69.9,2022-04-01,Regional
Apr-Jun 2022,Port Macquarie,Mid North Coast,Major,13047.0,67.1,2022-04-01,Regional
Apr-Jun 2022,Prince of Wales,South Eastern Sydney,Principal referral,15283.0,52.7,2022-04-01,Metropolitan
Apr-Jun 2022,Queanbeyan,Southern NSW,District group 2,6635.0,81.2,2022-04-01,Regional
Apr-Jun 2022,Royal North Shore,Northern Sydney,Principal referral,21674.0,66.8,2022-04-01,Metropolitan
Apr-Jun 2022,Royal Prince Alfred,Sydney,Principal referral,22082.0,60.8,2022-04-01,Metropolitan
Apr-Jun 2022,Ryde,Northern Sydney,District group 1,7528.0,81.5,2022-04-01,Metropolitan
Apr-Jun 2022,Shellharbour,Illawarra Shoalhaven,District group 1,9652.0,50.3,2022-04-01,Metropolitan
Apr-Jun 2022,Shoalhaven,Illawarra Shoalhaven,Major,10483.0,46.3,2022-04-01,Metropolitan
Apr-Jun 2022,Singleton,Hunter New England,District group 2,4552.0,79.8,2022-04-01,Regional
Apr-Jun 2022,South East Regional,Southern NSW,District group 1,5329.0,67.3,2022-04-01,Regional
Apr-Jun 2022,St George,South Eastern Sydney,Principal referral,21785.0,44.1,2022-04-01,Metropolitan
Apr-Jun 2022,St Vincent's,St Vincent's Health Network,Principal referral,12723.0,66.6,2022-04-01,Specialty network
Apr-Jun 2022,Sutherland,South Eastern Sydney,Major,17318.0,49.8,2022-04-01,Metropolitan
Apr-Jun 2022,Sydney Children's Randwick,Sydney Children's Hospitals Network,Paediatric specialist,11573.0,37.3,2022-04-01,Specialty network
Apr-Jun 2022,Sydney and Sydney Eye,South Eastern Sydney,Ungrouped acute - tertiary referral,7126.0,74.6,2022-04-01,Metropolitan
Apr-Jun 2022,Tamworth,Hunter New England,Major,10843.0,58.0,2022-04-01,Regional
Apr-Jun 2022,Tweed Valley,Northern NSW,Major,14139.0,70.7,2022-04-01,Regional
Apr-Jun 2022,Wagga Wagga,Murrumbidgee,Major,11928.0,66.8,2022-04-01,Regional
Apr-Jun 2022,Westmead,Western Sydney,Principal referral,18877.0,40.4,2022-04-01,Metropolitan
Apr-Jun 2022,Wollongong,Illawarra Shoalhaven,Principal referral,19884.0,60.4,2022-04-01,Metropolitan
Apr-Jun 2022,Wyong,Central Coast,Major,19703.0,42.4,2022-04-01,Metropolitan
Apr-Jun 2022,Young,Murrumbidgee,District group 2,2095.0,92.7,2022-04-01,Regional
Apr-Jun 2023,Armidale,Hunter New England,District group 1,5088.0,63.0,2023-04-01,Regional
Apr-Jun 2023,Auburn,Western Sydney,Major,8352.0,70.6,2023-04-01,Metropolitan
Apr-Jun 2023,Ballina,Northern NSW,District group 2,4441.0,70.8,2023-04-01,Regional
Apr-Jun 2023,Bankstown-Lidcombe,South Western Sydney,Principal referral,14217.0,65.6,2023-04-01,Metropolitan
Apr-Jun 2023,Batemans Bay,Southern NSW,District group 2,3410.0,83.7,2023-04-01,Regional
Apr-Jun 2023,Bathurst,Western NSW,District group 1,6606.0,83.0,2023-04-01,Regional
Apr-Jun 2023,Belmont,Hunter New England,District group 1,7360.0,74.6,2023-04-01,Regional
Apr-Jun 2023,Blacktown,Western Sydney,Major,15392.0,30.4,2023-04-01,Metropolitan
Apr-Jun 2023,Blue Mountains,Nepean Blue Mountains,District group 2,5005.0,62.0,2023-04-01,Metropolitan
Apr-Jun 2023,Bowral,South Western Sydney,District group 1,6006.0,88.8,2023-04-01,Metropolitan
Apr-Jun 2023,Broken Hill,Far West,District group 1,5005.0,71.6,2023-04-01,Regional
Apr-Jun 2023,Byron Central,Northern NSW,District group 2,5301.0,85.5,2023-04-01,Regional
Apr-Jun 2023,Calvary Mater,Hunter New England,Ungrouped acute - tertiary referral,9867.0,80.0,2023-04-01,Regional
Apr-Jun 2023,Campbelltown,South Western Sydney,Major,22042.0,60.2,2023-04-01,Metropolitan
Apr-Jun 2023,Canterbury,Sydney,Major,11954.0,37.2,2023-04-01,Metropolitan
Apr-Jun 2023,Casino,Northern NSW,District group 2,3539.0,68.6,2023-04-01,Regional
Apr-Jun 2023,Cessnock,Hunter New England,District group 2,4181.0,75.1,2023-04-01,Regional
Apr-Jun 2023,Children's at Westmead,Sydney Children's Hospitals Network,Paediatric specialist,16798.0,68.0,2023-04-01,Specialty network
Apr-Jun 2023,Coffs Harbour,Mid North Coast,Major,11395.0,57.3,2023-04-01,Regional
Apr-Jun 2023,Concord,Sydney,Principal referral,10783.0,76.6,2023-04-01,Metropolitan
Apr-Jun 2023,Cooma,Southern NSW,District group 2,2822.0,87.8,2023-04-01,Regional
Apr-Jun 2023,Cowra,Western NSW,District group 2,2217.0,88.5,2023-04-01,Regional
Apr-Jun 2023,Deniliquin,Murrumbidgee,District group 2,2780.0,97.2,2023-04-01,Regional
Apr-Jun 2023,Dubbo,Western NSW,Major,10051.0,73.9,2023-04-01,Regional
Apr-Jun 2023,Fairfield,South Western Sydney,Major,9762.0,57.3,2023-04-01,Metropolitan
Apr-Jun 2023,Forbes,Western NSW,District group 2,2232.0,84.3,2023-04-01,Regional
Apr-Jun 2023,Gosford,Central Coast,Principal referral,19291.0,55.3,2023-04-01,Metropolitan
Apr-Jun 2023,Goulburn,Southern NSW,District group 1,5357.0,62.6,2023-04-01,Regional
Apr-Jun 2023,Grafton,Northern NSW,District group 1,6942.0,63.2,2023-04-01,Regional
Apr-Jun 2023,Griffith,Murrumbidgee,District group 1,5992.0,79.1,2023-04-01,Regional
Apr-Jun 2023,Gunnedah,Hunter New England,District group 2,1953.0,82.0,2023-04-01,Regional
Apr-Jun 2023,Hawkesbury,Nepean Blue Mountains,District group 1,7832.0,56.0,2023-04-01,Metropolitan
Apr-Jun 2023,Hornsby,Northern Sydney,Major,12084.0,83.4,2023-04-01,Metropolitan
Apr-Jun 2023,Inverell,Hunter New England,District group 2,2345.0,86.2,2023-04-01,Regional
Apr-Jun 2023,John Hunter,Hunter New England,Principal referral,21170.0,62.9,2023-04-01,Regional
Apr-Jun 2023,Kempsey,Mid North Coast,District group 2,6426.0,76.2,2023-04-01,Regional
Apr-Jun 2023,Kurri Kurri,Hunter New England,District group 2,746.0,94.3,2023-04-01,Regional
Apr-Jun 2023,Lismore,Northern NSW,Major,9934.0,56.1,2023-04-01,Regional
Apr-Jun 2023,Lithgow,Nepean Blue Mountains,District group 2,3112.0,76.9,2023-04-01,Metropolitan
Apr-Jun 2023,Liverpool,South Western Sydney,Principal referral,21306.0,50.8,2023-04-01,Metropolitan
Apr-Jun 2023,Macksville,Mid North Coast,District group 2,3554.0,85.8,2023-04-01,Regional
Apr-Jun 2023,Maclean,Northern NSW,District group 2,3732.0,81.1,2023-04-01,Regional
Apr-Jun 2023,Maitland,Hunter New England,Major,13459.0,53.0,2023-04-01,Regional
Apr-Jun 2023,Manning,Hunter New England,Major,9116.0,56.8,2023-04-01,Regional
Apr-Jun 2023,Milton,Illawarra Shoalhaven,District group 2,3725.0,75.0,2023-04-01,Metropolitan
Apr-Jun 2023,Moree,Hunter New England,District group 2,2659.0,61.9,2023-04-01,Regional
Apr-Jun 2023,Moruya,Southern NSW,District group 2,3055.0,85.9,2023-04-01,Regional
Apr-Jun 2023,Mount Druitt,Western Sydney,District group 1,10038.0,46.7,2023-04-01,Metropolitan
Apr-Jun 2023,Mudgee,Western NSW,District group 2,3773.0,72.4,2023-04-01,Regional
Apr-Jun 2023,Murwillumbah,Northern NSW,District group 1,4749.0,84.2,2023-04-01,Regional
Apr-Jun 2023,Muswellbrook,Hunter New England,District group 2,2871.0,68.8,2023-04-01,Regional
Apr-Jun 2023,Narrabri,Hunter New England,District group 2,1652.0,89.0,2023-04-01,Regional
Apr-Jun 2023,Nepean,Nepean Blue Mountains,Principal referral,20015.0,56.5,2023-04-01,Metropolitan
Apr-Jun 2023,Northern Beaches,Northern Sydney,Major,16388.0,76.9,2023-04-01,Metropolitan
Apr-Jun 2023,Orange,Western NSW,Major,8230.0,78.2,2023-04-01,Regional
Apr-Jun 2023,Port Macquarie,Mid North Coast,Major,12128.0,66.8,2023-04-01,Regional
Apr-Jun 2023,Prince of Wales,South Eastern Sydney,Principal referral,14871.0,54.6,2023-04-01,Metropolitan
Apr-Jun 2023,Queanbeyan,Southern NSW,District group 2,6592.0,81.0,2023-04-01,Regional
Apr-Jun 2023,Royal North Shore,Northern Sydney,Principal referral,21428.0,80.9,2023-04-01,Metropolitan
Apr-Jun 2023,Royal Prince Alfred,Sydney,Principal referral,20499.0,57.3,2023-04-01,Metropolitan
Apr-Jun 2023,Ryde,Northern Sydney,District group 1,7303.0,85.9,2023-04-01,Metropolitan
Apr-Jun 2023,Shellharbour,Illawarra Shoalhaven,District group 1,9380.0,60.9,2023-04-01,Metropolitan
Apr-Jun 2023,Shoalhaven,Illawarra Shoalhaven,Major,10017.0,55.2,2023-04-01,Metropolitan
Apr-Jun 2023,Singleton,Hunter New England,District group 2,4452.0,72.6,2023-04-01,Regional
Apr-Jun 2023,South East Regional,Southern NSW,District group 1,5305.0,79.3,2023-04-01,Regional
Apr-Jun 2023,St George,South Eastern Sydney,Principal referral,20282.0,42.9,2023-04-01,Metropolitan
Apr-Jun 2023,St Vincent's,St Vincent's Health Network,Principal referral,12489.0,72.2,2023-04-01,Specialty network
Apr-Jun 2023,Sutherland,South Eastern Sydney,Major,16353.0,56.1,2023-04-01,Metropolitan
Apr-Jun 2023,Sydney Children's Randwick,Sydney Children's Hospitals Network,Paediatric specialist,10085.0,54.9,2023-04-01,Specialty network
Apr-Jun 2023,Sydney and Sydney Eye,South Eastern Sydney,Ungrouped acute - tertiary referral,7133.0,73.5,2023-04-01,Metropolitan
Apr-Jun 2023,Tamworth,Hunter New England,Major,11023.0,52.8,2023-04-01,Regional
Apr-Jun 2023,Tweed Valley,Northern NSW,Major,13842.0,80.5,2023-04-01,Regional
Apr-Jun 2023,Wagga Wagga,Murrumbidgee,Major,11914.0,72.4,2023-04-01,Regional
Apr-Jun 2023,Westmead,Western Sydney,Principal referral,19020.0,37.0,2023-04-01,Metropolitan
Apr-Jun 2023,Wollongong,Illawarra Shoalhaven,Principal referral,18466.0,62.1,2023-04-01,Metropolitan
Apr-Jun 2023,Wyong,Central Coast,Major,18810.0,55.1,2023-04-01,Metropolitan
Apr-Jun 2023,Young,Murrumbidgee,District group 2,2363.0,92.9,2023-04-01,Regional
Apr-Jun 2024,Armidale,Hunter New England,District group 1,5373.0,65.2,2024-04-01,Regional
Apr-Jun 2024,Auburn,Western Sydney,Major,8880.0,68.3,2024-04-01,Metropolitan
Apr-Jun 2024,Ballina,Northern NSW,District group 2,4808.0,63.2,2024-04-01,Regional
Apr-Jun 2024,Bankstown-Lidcombe,South Western Sydney,Principal referral,14633.0,58.0,2024-04-01,Metropolitan
Apr-Jun 2024,Batemans Bay,Southern NSW,District group 2,2947.0,83.2,2024-04-01,Regional
Apr-Jun 2024,Bathurst,Western NSW,District group 1,6492.0,81.8,2024-04-01,Regional
Apr-Jun 2024,Belmont,Hunter New England,District group 1,7231.0,71.6,2024-04-01,Regional
Apr-Jun 2024,Blacktown,Western Sydney,Major,16881.0,29.7,2024-04-01,Metropolitan
Apr-Jun 2024,Blue Mountains,Nepean Blue Mountains,District group 2,5125.0,62.2,2024-04-01,Metropolitan
Apr-Jun 2024,Bowral,South Western Sydney,District group 1,6280.0,83.7,2024-04-01,Metropolitan
Apr-Jun 2024,Broken Hill,Far West,District group 1,4824.0,82.7,2024-04-01,Regional
Apr-Jun 2024,Byron Central,Northern NSW,District group 2,5463.0,85.1,2024-04-01,Regional
Apr-Jun 2024,Calvary Mater,Hunter New England,Ungrouped acute - tertiary referral,10116.0,84.0,2024-04-01,Regional
Apr-Jun 2024,Campbelltown,South Western Sydney,Major,23239.0,37.9,2024-04-01,Metropolitan
Apr-Jun 2024,Canterbury,Sydney,Major,12665.0,56.1,2024-04-01,Metropolitan
Apr-Jun 2024,Casino,Northern NSW,District group 2,3532.0,66.3,2024-04-01,Regional
Apr-Jun 2024,Cessnock,Hunter New England,District group 2,4132.0,70.5,2024-04-01,Regional
Apr-Jun 2024,Children's at Westmead,Sydney Children's Hospitals Network,Paediatric specialist,17354.0,66.1,2024-04-01,Specialty network
Apr-Jun 2024,Coffs Harbour,Mid North Coast,Major,11434.0,53.5,2024-04-01,Regional
Apr-Jun 2024,Concord,Sydney,Principal referral,11018.0,73.4,2024-04-01,Metropolitan
Apr-Jun 2024,Cooma,Southern NSW,District group 2,2704.0,88.7,2024-04-01,Regional
Apr-Jun 2024,Cowra,Western NSW,District group 2,2282.0,89.6,2024-04-01,Regional
Apr-Jun 2024,Deniliquin,Murrumbidgee,District group 2,2693.0,95.5,2024-04-01,Regional
Apr-Jun 2024,Dubbo,Western NSW,Major,10488.0,76.8,2024-04-01,Regional
Apr-Jun 2024,Fairfield,South Western Sydney,Major,9920.0,68.7,2024-04-01,Metropolitan
Apr-Jun 2024,Forbes,Western NSW,District group 2,2134.0,88.9,2024-04-01,Regional
Apr-Jun 2024,Gosford,Central Coast,Principal referral,19576.0,47.2,2024-04-01,Metropolitan
Apr-Jun 2024,Goulburn,Southern NSW,District group 1,5771.0,66.9,2024-04-01,Regional
Apr-Jun 2024,Grafton,Northern NSW,District group 1,7197.0,56.6,2024-04-01,Regional
Apr-Jun 2024,Griffith,Murrumbidgee,District group 1,5991.0,76.3,2024-04-01,Regional
Apr-Jun 2024,Gunnedah,Hunter New England,District group 2,2155.0,77.7,2024-04-01,Regional
Apr-Jun 2024,Hawkesbury,Nepean Blue Mountains,District group 1,7654.0,54.6,2024-04-01,Metropolitan
Apr-Jun 2024,Hornsby,Northern Sydney,Major,13052.0,76.1,2024-04-01,Metropolitan
Apr-Jun 2024,Inverell,Hunter New England,District group 2,3021.0,80.9,2024-04-01,Regional
Apr-Jun 2024,John Hunter,Hunter New England,Principal referral,21296.0,48.9,2024-04-01,Regional
Apr-Jun 2024,Kempsey,Mid North Coast,District group 2,7175.0,74.4,2024-04-01,Regional
Apr-Jun 2024,Kurri Kurri,Hunter New England,District group 2,791.0,95.3,2024-04-01,Regional
Apr-Jun 2024,Lismore,Northern NSW,Major,10103.0,52.0,2024-04-01,Regional
Apr-Jun 2024,Lithgow,Nepean Blue Mountains,District group 2,3452.0,79.4,2024-04-01,Metropolitan
Apr-Jun 2024,Liverpool,South Western Sydney,Principal referral,22529.0,55.8,2024-04-01,Metropolitan
Apr-Jun 2024,Macksville,Mid North Coast,District group 2,3431.0,88.4,2024-04-01,Regional
Apr-Jun 2024,Maclean,Northern NSW,District group 2,4073.0,81.2,2024-04-01,Regional
Apr-Jun 2024,Maitland,Hunter New England,Major,13695.0,45.4,2024-04-01,Regional
Apr-Jun 2024,Manning,Hunter New England,Major,9363.0,44.4,2024-04-01,Regional
Apr-Jun 2024,Milton,Illawarra Shoalhaven,District group 2,3974.0,64.7,2024-04-01,Metropolitan
Apr-Jun 2024,Moree,Hunter New England,District group 2,2898.0,76.7,2024-04-01,Regional
Apr-Jun 2024,Moruya,Southern NSW,District group 2,3156.0,80.6,2024-04-01,Regional
Apr-Jun 2024,Mount Druitt,Western Sydney,District group 1,10687.0,45.6,2024-04-01,Metropolitan
Apr-Jun 2024,Mudgee,Western NSW,District group 2,4315.0,72.1,2024-04-01,Regional
Apr-Jun 2024,Murwillumbah,Northern NSW,District group 1,5042.0,85.0,2024-04-01,Regional
Apr-Jun 2024,Muswellbrook,Hunter New England,District group 2,2853.0,69.8,2024-04-01,Regional
Apr-Jun 2024,Narrabri,Hunter New England,District group 2,1872.0,89.8,2024-04-01,Regional
Apr-Jun 2024,Nepean,Nepean Blue Mountains,Principal referral,21362.0,58.6,2024-04-01,Metropolitan
Apr-Jun 2024,Northern Beaches,Northern Sydney,Major,16147.0,71.0,2024-04-01,Metropolitan
Apr-Jun 2024,Orange,Western NSW,Major,8386.0,70.2,2024-04-01,Regional
Apr-Jun 2024,Port Macquarie,Mid North Coast,Major,13180.0,63.3,2024-04-01,Regional
Apr-Jun 2024,Prince of Wales,South Eastern Sydney,Principal referral,15485.0,53.9,2024-04-01,Metropolitan
Apr-Jun 2024,Queanbeyan,Southern NSW,District group 2,6874.0,81.9,2024-04-01,Regional
Apr-Jun 2024,Royal North Shore,Northern Sydney,Principal referral,21985.0,68.4,2024-04-01,Metropolitan
Apr-Jun 2024,Royal Prince Alfred,Sydney,Principal referral,21163.0,56.9,2024-04-01,Metropolitan
Apr-Jun 2024,Ryde,Northern Sydney,District group 1,7352.0,85.8,2024-04-01,Metropolitan
Apr-Jun 2024,Shellharbour,Illawarra Shoalhaven,District group 1,9656.0,66.2,2024-04-01,Metropolitan
Apr-Jun 2024,Shoalhaven,Illawarra Shoalhaven,Major,10614.0,58.2,2024-04-01,Metropolitan
Apr-Jun 2024,Singleton,Hunter New England,District group 2,4351.0,71.4,2024-04-01,Regional
Apr-Jun 2024,South East Regional,Southern NSW,District group 1,5529.0,73.5,2024-04-01,Regional
Apr-Jun 2024,St George,South Eastern Sydney,Principal referral,20424.0,44.9,2024-04-01,Metropolitan
Apr-Jun 2024,St Vincent's,St Vincent's Health Network,Principal referral,13420.0,62.0,2024-04-01,Specialty network
Apr-Jun 2024,Sutherland,South Eastern Sydney,Major,16161.0,53.1,2024-04-01,Metropolitan
Apr-Jun 2024,Sydney Children's Randwick,Sydney Children's Hospitals Network,Paediatric specialist,9668.0,55.6,2024-04-01,Specialty network
Apr-Jun 2024,Sydney and Sydney Eye,South Eastern Sydney,Ungrouped acute - tertiary referral,7372.0,76.0,2024-04-01,Metropolitan
Apr-Jun 2024,Tamworth,Hunter New England,Major,10773.0,54.5,2024-04-01,Regional
Apr-Jun 2024,Tweed Valley,Northern NSW,Major,13920.0,74.7,2024-04-01,Regional
Apr-Jun 2024,Wagga Wagga,Murrumbidgee,Major,12114.0,68.3,2024-04-01,Regional
Apr-Jun 2024,Westmead,Western Sydney,Principal referral,19477.0,42.9,2024-04-01,Metropolitan
Apr-Jun 2024,Wollongong,Illawarra Shoalhaven,Principal referral,18288.0,69.5,2024-04-01,Metropolitan
Apr-Jun 2024,Wyong,Central Coast,Major,18946.0,52.8,2024-04-01,Metropolitan
Apr-Jun 2024,Young,Murrumbidgee,District group 2,2539.0,79.7,2024-04-01,Regional
Apr-Jun 2025,Armidale,Hunter New England,District group 1,5402.0,54.8,2025-04-01,Regional
Apr-Jun 2025,Auburn,Western Sydney,Major,8543.0,83.8,2025-04-01,Metropolitan
Apr-Jun 2025,Ballina,Northern NSW,District group 2,4653.0,60.0,2025-04-01,Regional
Apr-Jun 2025,Bankstown-Lidcombe,South Western Sydney,Principal referral,14261.0,55.3,2025-04-01,Metropolitan
Apr-Jun 2025,Batemans Bay,Southern NSW,District group 2,2869.0,78.5,2025-04-01,Regional
Apr-Jun 2025,Bathurst,Western NSW,District group 1,6244.0,81.4,2025-04-01,Regional
Apr-Jun 2025,Belmont,Hunter New England,District group 1,6728.0,71.8,2025-04-01,Regional
Apr-Jun 2025,Blacktown,Western Sydney,Major,16858.0,39.7,2025-04-01,Metropolitan
Apr-Jun 2025,Blue Mountains,Nepean Blue Mountains,District group 2,4797.0,72.9,2025-04-01,Metropolitan
Apr-Jun 2025,Bowral,South Western Sydney,District group 1,6166.0,88.6,2025-04-01,Metropolitan
Apr-Jun 2025,Broken Hill,Far West,District group 1,5036.0,82.3,2025-04-01,Regional
Apr-Jun 2025,Byron Central,Northern NSW,District group 2,5221.0,89.9,2025-04-01,Regional
Apr-Jun 2025,Calvary Mater,Hunter New England,Ungrouped acute - tertiary referral,9477.0,83.1,2025-04-01,Regional
Apr-Jun 2025,Campbelltown,South Western Sydney,Major,23390.0,53.8,2025-04-01,Metropolitan
Apr-Jun 2025,Canterbury,Sydney,Major,12705.0,62.4,2025-04-01,Metropolitan
Apr-Jun 2025,Casino,Northern NSW,District group 2,3563.0,72.6,2025-04-01,Regional
Apr-Jun 2025,Cessnock,Hunter New England,District group 2,3607.0,75.9,2025-04-01,Regional
Apr-Jun 2025,Children's at Westmead,Sydney Children's Hospitals Network,Paediatric specialist,16025.0,68.5,2025-04-01,Specialty network
Apr-Jun 2025,Coffs Harbour,Mid North Coast,Major,11823.0,48.8,2025-04-01,Regional
Apr-Jun 2025,Concord,Sydney,Principal referral,10890.0,70.2,2025-04-01,Metropolitan
Apr-Jun 2025,Cooma,Southern NSW,District group 2,2869.0,93.7,2025-04-01,Regional
Apr-Jun 2025,Cowra,Western NSW,District group 2,2382.0,86.8,2025-04-01,Regional
Apr-Jun 2025,Deniliquin,Murrumbidgee,District group 2,2702.0,96.6,2025-04-01,Regional
Apr-Jun 2025,Dubbo,Western NSW,Major,9635.0,75.1,2025-04-01,Regional
Apr-Jun 2025,Fairfield,South Western Sydney,Major,9541.0,54.4,2025-04-01,Metropolitan
Apr-Jun 2025,Forbes,Western NSW,District group 2,1890.0,90.7,2025-04-01,Regional
Apr-Jun 2025,Gosford,Central Coast,Principal referral,19156.0,56.2,2025-04-01,Metropolitan
Apr-Jun 2025,Goulburn,Southern NSW,District group 1,6002.0,59.8,2025-04-01,Regional
Apr-Jun 2025,Grafton,Northern NSW,District group 1,7171.0,64.1,2025-04-01,Regional
Apr-Jun 2025,Griffith,Murrumbidgee,District group 1,5310.0,82.4,2025-04-01,Regional
Apr-Jun 2025,Gunnedah,Hunter New England,District group 2,2026.0,84.0,2025-04-01,Regional
Apr-Jun 2025,Hawkesbury,Nepean Blue Mountains,District group 1,7798.0,69.8,2025-04-01,Metropolitan
Apr-Jun 2025,Hornsby,Northern Sydney,Major,12279.0,79.7,2025-04-01,Metropolitan
Apr-Jun 2025,Inverell,Hunter New England,District group 2,2577.0,84.2,2025-04-01,Regional
Apr-Jun 2025,John Hunter,Hunter New England,Principal referral,20944.0,54.5,2025-04-01,Regional
Apr-Jun 2025,Kempsey,Mid North Coast,District group 2,6765.0,76.1,2025-04-01,Regional
Apr-Jun 2025,Kurri Kurri,Hunter New England,District group 2,501.0,98.8,2025-04-01,Regional
Apr-Jun 2025,Lismore,Northern NSW,Major,10057.0,65.2,2025-04-01,Regional
Apr-Jun 2025,Lithgow,Nepean Blue Mountains,District group 2,3300.0,81.3,2025-04-01,Metropolitan
Apr-Jun 2025,Liverpool,South Western Sydney,Principal referral,22660.0,69.7,2025-04-01,Metropolitan
Apr-Jun 2025,Macksville,Mid North Coast,District group 2,3448.0,87.9,2025-04-01,Regional
Apr-Jun 2025,Maclean,Northern NSW,District group 2,3502.0,75.3,2025-04-01,Regional
Apr-Jun 2025,Maitland,Hunter New England,Major,14375.0,47.5,2025-04-01,Regional
Apr-Jun 2025,Manning,Hunter New England,Major,9487.0,49.1,2025-04-01,Regional
Apr-Jun 2025,Milton,Illawarra Shoalhaven,District group 2,4319.0,76.4,2025-04-01,Metropolitan
Apr-Jun 2025,Moree,Hunter New England,District group 2,2952.0,73.8,2025-04-01,Regional
Apr-Jun 2025,Moruya,Southern NSW,District group 2,3113.0,74.4,2025-04-01,Regional
Apr-Jun 2025,Mount Druitt,Western Sydney,District group 1,10113.0,57.5,2025-04-01,Metropolitan
Apr-Jun 2025,Mudgee,Western NSW,District group 2,4333.0,71.9,2025-04-01,Regional
Apr-Jun 2025,Murwillumbah,Northern NSW,District group 1,4828.0,89.3,2025-04-01,Regional
Apr-Jun 2025,Muswellbrook,Hunter New England,District group 2,2882.0,65.4,2025-04-01,Regional
Apr-Jun 2025,Narrabri,Hunter New England,District group 2,1752.0,85.4,2025-04-01,Regional
Apr-Jun 2025,Nepean,Nepean Blue Mountains,Principal referral,22336.0,57.0,2025-04-01,Metropolitan
Apr-Jun 2025,Northern Beaches,Northern Sydney,Major,15083.0,72.0,2025-04-01,Metropolitan
Apr-Jun 2025,Orange,Western NSW,Major,8044.0,64.0,2025-04-01,Regional
Apr-Jun 2025,Port Macquarie,Mid North Coast,Major,12905.0,65.0,2025-04-01,Regional
Apr-Jun 2025,Prince of Wales,South Eastern Sydney,Principal referral,15760.0,49.5,2025-04-01,Metropolitan
Apr-Jun 2025,Queanbeyan,Southern NSW,District group 2,6589.0,82.0,2025-04-01,Regional
Apr-Jun 2025,Royal North Shore,Northern Sydney,Principal referral,22765.0,67.5,2025-04-01,Metropolitan
Apr-Jun 2025,Royal Prince Alfred,Sydney,Principal referral,20865.0,59.0,2025-04-01,Metropolitan
Apr-Jun 2025,Ryde,Northern Sydney,District group 1,6959.0,84.3,2025-04-01,Metropolitan
Apr-Jun 2025,Shellharbour,Illawarra Shoalhaven,District group 1,9061.0,70.7,2025-04-01,Metropolitan
Apr-Jun 2025,Shoalhaven,Illawarra Shoalhaven,Major,10417.0,47.4,2025-04-01,Metropolitan
Apr-Jun 2025,Singleton,Hunter New England,District group 2,4152.0,72.0,2025-04-01,Regional
Apr-Jun 2025,South East Regional,Southern NSW,District group 1,5814.0,65.9,2025-04-01,Regional
Apr-Jun 2025,St George,South Eastern Sydney,Principal referral,21143.0,65.0,2025-04-01,Metropolitan
Apr-Jun 2025,St Vincent's,St Vincent's Health Network,Principal referral,13771.0,62.4,2025-04-01,Specialty network
Apr-Jun 2025,Sutherland,South Eastern Sydney,Major,16096.0,49.0,2025-04-01,Metropolitan
Apr-Jun 2025,Sydney Children's Randwick,Sydney Children's Hospitals Network,Paediatric specialist,9225.0,69.0,2025-04-01,Specialty network
Apr-Jun 2025,Sydney and Sydney Eye,South Eastern Sydney,Ungrouped acute - tertiary referral,7820.0,67.4,2025-04-01,Metropolitan
Apr-Jun 2025,Tamworth,Hunter New England,Major,10452.0,64.0,2025-04-01,Regional
Apr-Jun 2025,Tweed Valley,Northern NSW,Major,14713.0,79.5,2025-04-01,Regional
Apr-Jun 2025,Wagga Wagga,Murrumbidgee,Major,12054.0,72.4,2025-04-01,Regional
Apr-Jun 2025,Westmead,Western Sydney,Principal referral,20009.0,41.4,2025-04-01,Metropolitan
Apr-Jun 2025,Wollongong,Illawarra Shoalhaven,Principal referral,18338.0,73.9,2025-04-01,Metropolitan
Apr-Jun 2025,Wyong,Central Coast,Major,17996.0,46.7,2025-04-01,Metropolitan
Apr-Jun 2025,Young,Murrumbidgee,District group 2,2179.0,81.7,2025-04-01,Regional
Jan-Mar 2010,Armidale,Hunter New England,District group 1,3941.0,86.2,2010-01-01,Regional
Jan-Mar 2010,Auburn,Western Sydney,Major,6169.0,64.8,2010-01-01,Metropolitan
Jan-Mar 2010,Bankstown-Lidcombe,South Western Sydney,Principal referral,10780.0,83.8,2010-01-01,Metropolitan
Jan-Mar 2010,Bathurst,Western NSW,District group 1,5768.0,77.5,2010-01-01,Regional
Jan-Mar 2010,Belmont,Hunter New England,District group 1,5895.0,69.3,2010-01-01,Regional
Jan-Mar 2010,Blacktown,Western Sydney,Major,8794.0,84.5,2010-01-01,Metropolitan
Jan-Mar 2010,Blue Mountains,Nepean Blue Mountains,District group 2,4219.0,74.5,2010-01-01,Metropolitan
Jan-Mar 2010,Bowral,South Western Sydney,District group 1,4464.0,68.6,2010-01-01,Metropolitan
Jan-Mar 2010,Broken Hill,Far West,District group 1,4787.0,89.9,2010-01-01,Regional
Jan-Mar 2010,Calvary Mater,Hunter New England,Ungrouped acute - tertiary referral,7597.0,57.3,2010-01-01,Regional
Jan-Mar 2010,Campbelltown,South Western Sydney,Major,12652.0,69.7,2010-01-01,Metropolitan
Jan-Mar 2010,Canterbury,Sydney,Major,8612.0,62.8,2010-01-01,Metropolitan
Jan-Mar 2010,Cessnock,Hunter New England,District group 2,4397.0,81.1,2010-01-01,Regional
Jan-Mar 2010,Children's at Westmead,Sydney Children's Hospitals Network,Paediatric specialist,11932.0,76.4,2010-01-01,Specialty network
Jan-Mar 2010,Coffs Harbour,Mid North Coast,Major,8932.0,63.3,2010-01-01,Regional
Jan-Mar 2010,Concord,Sydney,Principal referral,7844.0,78.4,2010-01-01,Metropolitan
Jan-Mar 2010,Dubbo,Western NSW,Major,6843.0,74.3,2010-01-01,Regional
Jan-Mar 2010,Fairfield,South Western Sydney,Major,8000.0,74.6,2010-01-01,Metropolitan
Jan-Mar 2010,Gosford,Central Coast,Principal referral,13940.0,65.6,2010-01-01,Metropolitan
Jan-Mar 2010,Goulburn,Southern NSW,District group 1,4403.0,73.5,2010-01-01,Regional
Jan-Mar 2010,Griffith,Murrumbidgee,District group 1,4798.0,62.8,2010-01-01,Regional
Jan-Mar 2010,Gunnedah,Hunter New England,District group 2,2120.0,99.9,2010-01-01,Regional
Jan-Mar 2010,Hawkesbury,Nepean Blue Mountains,District group 1,4802.0,61.9,2010-01-01,Metropolitan
Jan-Mar 2010,Hornsby,Northern Sydney,Major,7595.0,77.6,2010-01-01,Metropolitan
Jan-Mar 2010,Inverell,Hunter New England,District group 2,2313.0,81.8,2010-01-01,Regional
Jan-Mar 2010,John Hunter,Hunter New England,Principal referral,15978.0,71.6,2010-01-01,Regional
Jan-Mar 2010,Kempsey,Mid North Coast,District group 2,4486.0,67.6,2010-01-01,Regional
Jan-Mar 2010,Kurri Kurri,Hunter New England,District group 2,1700.0,87.7,2010-01-01,Regional
Jan-Mar 2010,Lismore,Northern NSW,Major,7519.0,54.5,2010-01-01,Regional
Jan-Mar 2010,Lithgow,Nepean Blue Mountains,District group 2,3310.0,84.8,2010-01-01,Metropolitan
Jan-Mar 2010,Liverpool,South Western Sydney,Principal referral,15416.0,78.7,2010-01-01,Metropolitan
Jan-Mar 2010,Maitland,Hunter New England,Major,10334.0,66.7,2010-01-01,Regional
Jan-Mar 2010,Manly,Northern Sydney,Major,5656.0,85.5,2010-01-01,Metropolitan
Jan-Mar 2010,Manning,Hunter New England,Major,5661.0,45.8,2010-01-01,Regional
Jan-Mar 2010,Milton,Illawarra Shoalhaven,District group 2,3958.0,90.6,2010-01-01,Metropolitan
Jan-Mar 2010,Mona Vale,Northern Sydney,Major,6631.0,89.8,2010-01-01,Metropolitan
Jan-Mar 2010,Moree,Hunter New England,District group 2,2305.0,97.1,2010-01-01,Regional
Jan-Mar 2010,Mount Druitt,Western Sydney,District group 1,7322.0,84.9,2010-01-01,Metropolitan
Jan-Mar 2010,Murwillumbah,Northern NSW,District group 1,3863.0,76.8,2010-01-01,Regional
Jan-Mar 2010,Muswellbrook,Hunter New England,District group 2,1910.0,80.6,2010-01-01,Regional
Jan-Mar 2010,Narrabri,Hunter New England,District group 2,1329.0,94.8,2010-01-01,Regional
Jan-Mar 2010,Nepean,Nepean Blue Mountains,Principal referral,12847.0,53.2,2010-01-01,Metropolitan
Jan-Mar 2010,Orange,Western NSW,Major,6559.0,77.0,2010-01-01,Regional
Jan-Mar 2010,Royal North Shore,Northern Sydney,Principal referral,13720.0,78.1,2010-01-01,Metropolitan
Jan-Mar 2010,Royal Prince Alfred,Sydney,Principal referral,15976.0,69.3,2010-01-01,Metropolitan
Jan-Mar 2010,Ryde,Northern Sydney,District group 1,5998.0,80.4,2010-01-01,Metropolitan
Jan-Mar 2010,Shellharbour,Illawarra Shoalhaven,District group 1,6569.0,68.0,2010-01-01,Metropolitan
Jan-Mar 2010,Shoalhaven,Illawarra Shoalhaven,Major,8459.0,63.6,2010-01-01,Metropolitan
Jan-Mar 2010,Singleton,Hunter New England,District group 2,2973.0,75.1,2010-01-01,Regional
Jan-Mar 2010,St George,South Eastern Sydney,Principal referral,14587.0,55.5,2010-01-01,Metropolitan
Jan-Mar 2010,St Vincent's,St Vincent's Health Network,Principal referral,10828.0,77.8,2010-01-01,Specialty network
Jan-Mar 2010,Sutherland,South Eastern Sydney,Major,9957.0,68.7,2010-01-01,Metropolitan
Jan-Mar 2010,Sydney and Sydney Eye,South Eastern Sydney,Ungrouped acute - tertiary referral,9849.0,88.8,2010-01-01,Metropolitan
Jan-Mar 2010,Tamworth,Hunter New England,Major,10982.0,66.7,2010-01-01,Regional
Jan-Mar 2010,Tweed Valley,Northern NSW,Major,10486.0,65.7,2010-01-01,Regional
Jan-Mar 2010,Wagga Wagga,Murrumbidgee,Major,8049.0,80.0,2010-01-01,Regional
Jan-Mar 2010,Westmead,Western Sydney,Principal referral,13722.0,54.8,2010-01-01,Metropolitan
Jan-Mar 2010,Wollongong,Illawarra Shoalhaven,Principal referral,12756.0,62.0,2010-01-01,Metropolitan
Jan-Mar 2010,Wyong,Central Coast,Major,13168.0,71.3,2010-01-01,Metropolitan
Jan-Mar 2011,Armidale,Hunter New England,District group 1,3985.0,84.7,2011-01-01,Regional
Jan-Mar 2011,Auburn,Western Sydney,Major,5985.0,60.8,2011-01-01,Metropolitan
Jan-Mar 2011,Bankstown-Lidcombe,South Western Sydney,Principal referral,11315.0,78.9,2011-01-01,Metropolitan
Jan-Mar 2011,Bathurst,Western NSW,District group 1,5862.0,65.8,2011-01-01,Regional
Jan-Mar 2011,Belmont,Hunter New England,District group 1,6065.0,78.0,2011-01-01,Regional
Jan-Mar 2011,Blacktown,Western Sydney,Major,8697.0,73.2,2011-01-01,Metropolitan
Jan-Mar 2011,Blue Mountains,Nepean Blue Mountains,District group 2,4352.0,75.1,2011-01-01,Metropolitan
Jan-Mar 2011,Bowral,South Western Sydney,District group 1,4456.0,65.4,2011-01-01,Metropolitan
Jan-Mar 2011,Broken Hill,Far West,District group 1,6379.0,86.0,2011-01-01,Regional
Jan-Mar 2011,Calvary Mater,Hunter New England,Ungrouped acute - tertiary referral,7972.0,77.0,2011-01-01,Regional
Jan-Mar 2011,Campbelltown,South Western Sydney,Major,13703.0,71.0,2011-01-01,Metropolitan
Jan-Mar 2011,Canterbury,Sydney,Major,8755.0,61.8,2011-01-01,Metropolitan
Jan-Mar 2011,Cessnock,Hunter New England,District group 2,4434.0,77.7,2011-01-01,Regional
Jan-Mar 2011,Children's at Westmead,Sydney Children's Hospitals Network,Paediatric specialist,11411.0,74.5,2011-01-01,Specialty network
Jan-Mar 2011,Coffs Harbour,Mid North Coast,Major,8248.0,62.2,2011-01-01,Regional
Jan-Mar 2011,Concord,Sydney,Principal referral,8740.0,71.3,2011-01-01,Metropolitan
Jan-Mar 2011,Dubbo,Western NSW,Major,6905.0,68.4,2011-01-01,Regional
Jan-Mar 2011,Fairfield,South Western Sydney,Major,8064.0,63.3,2011-01-01,Metropolitan
Jan-Mar 2011,Gosford,Central Coast,Principal referral,13868.0,58.9,2011-01-01,Metropolitan
Jan-Mar 2011,Goulburn,Southern NSW,District group 1,4619.0,65.8,2011-01-01,Regional
Jan-Mar 2011,Grafton,Northern NSW,District group 1,5810.0,54.7,2011-01-01,Regional
Jan-Mar 2011,Griffith,Murrumbidgee,District group 1,5039.0,75.7,2011-01-01,Regional
Jan-Mar 2011,Gunnedah,Hunter New England,District group 2,2477.0,72.2,2011-01-01,Regional
Jan-Mar 2011,Hawkesbury,Nepean Blue Mountains,District group 1,5138.0,64.1,2011-01-01,Metropolitan
Jan-Mar 2011,Hornsby,Northern Sydney,Major,7805.0,78.2,2011-01-01,Metropolitan
Jan-Mar 2011,Inverell,Hunter New England,District group 2,2393.0,67.6,2011-01-01,Regional
Jan-Mar 2011,John Hunter,Hunter New England,Principal referral,16377.0,71.6,2011-01-01,Regional
Jan-Mar 2011,Kempsey,Mid North Coast,District group 2,5348.0,66.9,2011-01-01,Regional
Jan-Mar 2011,Kurri Kurri,Hunter New England,District group 2,2021.0,89.3,2011-01-01,Regional
Jan-Mar 2011,Lismore,Northern NSW,Major,7295.0,63.3,2011-01-01,Regional
Jan-Mar 2011,Lithgow,Nepean Blue Mountains,District group 2,3546.0,85.9,2011-01-01,Metropolitan
Jan-Mar 2011,Liverpool,South Western Sydney,Principal referral,15667.0,66.2,2011-01-01,Metropolitan
Jan-Mar 2011,Maitland,Hunter New England,Major,10480.0,61.2,2011-01-01,Regional
Jan-Mar 2011,Manly,Northern Sydney,Major,5767.0,89.9,2011-01-01,Metropolitan
Jan-Mar 2011,Manning,Hunter New England,Major,5985.0,59.6,2011-01-01,Regional
Jan-Mar 2011,Milton,Illawarra Shoalhaven,District group 2,4028.0,87.8,2011-01-01,Metropolitan
Jan-Mar 2011,Mona Vale,Northern Sydney,Major,6912.0,87.6,2011-01-01,Metropolitan
Jan-Mar 2011,Moree,Hunter New England,District group 2,2411.0,86.3,2011-01-01,Regional
Jan-Mar 2011,Mount Druitt,Western Sydney,District group 1,7770.0,76.8,2011-01-01,Metropolitan
Jan-Mar 2011,Murwillumbah,Northern NSW,District group 1,3841.0,83.4,2011-01-01,Regional
Jan-Mar 2011,Muswellbrook,Hunter New England,District group 2,2018.0,76.9,2011-01-01,Regional
Jan-Mar 2011,Narrabri,Hunter New England,District group 2,1263.0,94.4,2011-01-01,Regional
Jan-Mar 2011,Nepean,Nepean Blue Mountains,Principal referral,13256.0,52.3,2011-01-01,Metropolitan
Jan-Mar 2011,Orange,Western NSW,Major,6820.0,74.0,2011-01-01,Regional
Jan-Mar 2011,Port Macquarie,Mid North Coast,Major,7950.0,60.8,2011-01-01,Regional
Jan-Mar 2011,Prince of Wales,South Eastern Sydney,Principal referral,11374.0,51.4,2011-01-01,Metropolitan
Jan-Mar 2011,Royal North Shore,Northern Sydney,Principal referral,14954.0,83.8,2011-01-01,Metropolitan
Jan-Mar 2011,Royal Prince Alfred,Sydney,Principal referral,16450.0,60.1,2011-01-01,Metropolitan
Jan-Mar 2011,Ryde,Northern Sydney,District group 1,6150.0,83.5,2011-01-01,Metropolitan
Jan-Mar 2011,Shellharbour,Illawarra Shoalhaven,District group 1,6889.0,64.4,2011-01-01,Metropolitan
Jan-Mar 2011,Shoalhaven,Illawarra Shoalhaven,Major,8754.0,65.1,2011-01-01,Metropolitan
Jan-Mar 2011,Singleton,Hunter New England,District group 2,3097.0,73.2,2011-01-01,Regional
Jan-Mar 2011,South East Regional,Southern NSW,District group 1,3430.0,58.4,2011-01-01,Regional
Jan-Mar 2011,St George,South Eastern Sydney,Principal referral,15495.0,61.3,2011-01-01,Metropolitan
Jan-Mar 2011,St Vincent's,St Vincent's Health Network,Principal referral,11014.0,76.3,2011-01-01,Specialty network
Jan-Mar 2011,Sutherland,South Eastern Sydney,Major,11028.0,65.9,2011-01-01,Metropolitan
Jan-Mar 2011,Sydney Children's Randwick,Sydney Children's Hospitals Network,Paediatric specialist,8769.0,70.1,2011-01-01,Specialty network
Jan-Mar 2011,Sydney and Sydney Eye,South Eastern Sydney,Ungrouped acute - tertiary referral,9684.0,88.6,2011-01-01,Metropolitan
Jan-Mar 2011,Tamworth,Hunter New England,Major,10497.0,70.1,2011-01-01,Regional
Jan-Mar 2011,Tweed Valley,Northern NSW,Major,10363.0,60.5,2011-01-01,Regional
Jan-Mar 2011,Wagga Wagga,Murrumbidgee,Major,8189.0,71.2,2011-01-01,Regional
Jan-Mar 2011,Westmead,Western Sydney,Principal referral,13886.0,59.9,2011-01-01,Metropolitan
Jan-Mar 2011,Wollongong,Illawarra Shoalhaven,Principal referral,13519.0,59.4,2011-01-01,Metropolitan
Jan-Mar 2011,Wyong,Central Coast,Major,13744.0,76.7,2011-01-01,Metropolitan
Jan-Mar 2012,Armidale,Hunter New England,District group 1,3939.0,81.3,2012-01-01,Regional
Jan-Mar 2012,Auburn,Western Sydney,Major,6307.0,68.2,2012-01-01,Metropolitan
Jan-Mar 2012,Ballina,Northern NSW,District group 2,3911.0,57.1,2012-01-01,Regional
Jan-Mar 2012,Bankstown-Lidcombe,South Western Sydney,Principal referral,11708.0,74.6,2012-01-01,Metropolitan
Jan-Mar 2012,Bathurst,Western NSW,District group 1,5664.0,76.3,2012-01-01,Regional
Jan-Mar 2012,Belmont,Hunter New England,District group 1,6253.0,78.6,2012-01-01,Regional
Jan-Mar 2012,Blacktown,Western Sydney,Major,9059.0,68.6,2012-01-01,Metropolitan
Jan-Mar 2012,Blue Mountains,Nepean Blue Mountains,District group 2,4460.0,74.1,2012-01-01,Metropolitan
Jan-Mar 2012,Bowral,South Western Sydney,District group 1,4403.0,75.4,2012-01-01,Metropolitan
Jan-Mar 2012,Broken Hill,Far West,District group 1,5670.0,87.0,2012-01-01,Regional
Jan-Mar 2012,Calvary Mater,Hunter New England,Ungrouped acute - tertiary referral,8212.0,77.0,2012-01-01,Regional
Jan-Mar 2012,Campbelltown,South Western Sydney,Major,14098.0,74.1,2012-01-01,Metropolitan
Jan-Mar 2012,Canterbury,Sydney,Major,9051.0,67.2,2012-01-01,Metropolitan
Jan-Mar 2012,Casino,Northern NSW,District group 2,3682.0,66.3,2012-01-01,Regional
Jan-Mar 2012,Cessnock,Hunter New England,District group 2,4484.0,76.1,2012-01-01,Regional
Jan-Mar 2012,Children's at Westmead,Sydney Children's Hospitals Network,Paediatric specialist,12407.0,72.7,2012-01-01,Specialty network
Jan-Mar 2012,Coffs Harbour,Mid North Coast,Major,8467.0,74.1,2012-01-01,Regional
Jan-Mar 2012,Concord,Sydney,Principal referral,8759.0,76.2,2012-01-01,Metropolitan
Jan-Mar 2012,Dubbo,Western NSW,Major,6788.0,68.2,2012-01-01,Regional
Jan-Mar 2012,Fairfield,South Western Sydney,Major,8274.0,63.7,2012-01-01,Metropolitan
Jan-Mar 2012,Gosford,Central Coast,Principal referral,14248.0,67.5,2012-01-01,Metropolitan
Jan-Mar 2012,Goulburn,Southern NSW,District group 1,4621.0,62.4,2012-01-01,Regional
Jan-Mar 2012,Grafton,Northern NSW,District group 1,5379.0,71.4,2012-01-01,Regional
Jan-Mar 2012,Griffith,Murrumbidgee,District group 1,4644.0,76.6,2012-01-01,Regional
Jan-Mar 2012,Gunnedah,Hunter New England,District group 2,2497.0,74.2,2012-01-01,Regional
Jan-Mar 2012,Hawkesbury,Nepean Blue Mountains,District group 1,5135.0,64.7,2012-01-01,Metropolitan
Jan-Mar 2012,Hornsby,Northern Sydney,Major,7973.0,57.8,2012-01-01,Metropolitan
Jan-Mar 2012,Inverell,Hunter New England,District group 2,2735.0,77.7,2012-01-01,Regional
Jan-Mar 2012,John Hunter,Hunter New England,Principal referral,17316.0,68.5,2012-01-01,Regional
Jan-Mar 2012,Kempsey,Mid North Coast,District group 2,5535.0,77.9,2012-01-01,Regional
Jan-Mar 2012,Kurri Kurri,Hunter New England,District group 2,1977.0,88.8,2012-01-01,Regional
Jan-Mar 2012,Lismore,Northern NSW,Major,7451.0,64.8,2012-01-01,Regional
Jan-Mar 2012,Lithgow,Nepean Blue Mountains,District group 2,3265.0,90.1,2012-01-01,Metropolitan
Jan-Mar 2012,Liverpool,South Western Sydney,Principal referral,16674.0,67.5,2012-01-01,Metropolitan
Jan-Mar 2012,Maclean,Northern NSW,District group 2,2883.0,80.5,2012-01-01,Regional
Jan-Mar 2012,Maitland,Hunter New England,Major,10969.0,61.6,2012-01-01,Regional
Jan-Mar 2012,Manly,Northern Sydney,Major,6050.0,84.6,2012-01-01,Metropolitan
Jan-Mar 2012,Manning,Hunter New England,Major,6335.0,63.6,2012-01-01,Regional
Jan-Mar 2012,Milton,Illawarra Shoalhaven,District group 2,3879.0,83.0,2012-01-01,Metropolitan
Jan-Mar 2012,Mona Vale,Northern Sydney,Major,7379.0,80.0,2012-01-01,Metropolitan
Jan-Mar 2012,Moree,Hunter New England,District group 2,2351.0,83.7,2012-01-01,Regional
Jan-Mar 2012,Mount Druitt,Western Sydney,District group 1,8011.0,64.6,2012-01-01,Metropolitan
Jan-Mar 2012,Murwillumbah,Northern NSW,District group 1,3764.0,88.5,2012-01-01,Regional
Jan-Mar 2012,Muswellbrook,Hunter New England,District group 2,2045.0,82.1,2012-01-01,Regional
Jan-Mar 2012,Narrabri,Hunter New England,District group 2,1512.0,95.6,2012-01-01,Regional
Jan-Mar 2012,Nepean,Nepean Blue Mountains,Principal referral,13771.0,87.1,2012-01-01,Metropolitan
Jan-Mar 2012,Orange,Western NSW,Major,6867.0,77.3,2012-01-01,Regional
Jan-Mar 2012,Port Macquarie,Mid North Coast,Major,8282.0,66.6,2012-01-01,Regional
Jan-Mar 2012,Prince of Wales,South Eastern Sydney,Principal referral,11843.0,67.8,2012-01-01,Metropolitan
Jan-Mar 2012,Royal North Shore,Northern Sydney,Principal referral,15684.0,76.9,2012-01-01,Metropolitan
Jan-Mar 2012,Royal Prince Alfred,Sydney,Principal referral,17360.0,62.1,2012-01-01,Metropolitan
Jan-Mar 2012,Shellharbour,Illawarra Shoalhaven,District group 1,6663.0,66.9,2012-01-01,Metropolitan
Jan-Mar 2012,Shoalhaven,Illawarra Shoalhaven,Major,9254.0,63.8,2012-01-01,Metropolitan
Jan-Mar 2012,Singleton,Hunter New England,District group 2,3083.0,73.4,2012-01-01,Regional
Jan-Mar 2012,South East Regional,Southern NSW,District group 1,2807.0,71.7,2012-01-01,Regional
Jan-Mar 2012,St George,South Eastern Sydney,Principal referral,16452.0,63.4,2012-01-01,Metropolitan
Jan-Mar 2012,St Vincent's,St Vincent's Health Network,Principal referral,11118.0,74.6,2012-01-01,Specialty network
Jan-Mar 2012,Sutherland,South Eastern Sydney,Major,11607.0,75.8,2012-01-01,Metropolitan
Jan-Mar 2012,Sydney Children's Randwick,Sydney Children's Hospitals Network,Paediatric specialist,8751.0,69.0,2012-01-01,Specialty network
Jan-Mar 2012,Sydney and Sydney Eye,South Eastern Sydney,Ungrouped acute - tertiary referral,10275.0,93.3,2012-01-01,Metropolitan
Jan-Mar 2012,Tamworth,Hunter New England,Major,9785.0,64.7,2012-01-01,Regional
Jan-Mar 2012,Tweed Valley,Northern NSW,Major,10102.0,66.9,2012-01-01,Regional
Jan-Mar 2012,Wagga Wagga,Murrumbidgee,Major,8495.0,85.4,2012-01-01,Regional
Jan-Mar 2012,Westmead,Western Sydney,Principal referral,14905.0,66.9,2012-01-01,Metropolitan
Jan-Mar 2012,Wollongong,Illawarra Shoalhaven,Principal referral,13530.0,61.9,2012-01-01,Metropolitan
Jan-Mar 2012,Wyong,Central Coast,Major,14388.0,73.9,2012-01-01,Metropolitan
Jan-Mar 2013,Armidale,Hunter New England,District group 1,3812.0,76.0,2013-01-01,Regional
Jan-Mar 2013,Auburn,Western Sydney,Major,6542.0,64.3,2013-01-01,Metropolitan
Jan-Mar 2013,Ballina,Northern NSW,District group 2,3765.0,71.7,2013-01-01,Regional
Jan-Mar 2013,Bankstown-Lidcombe,South Western Sydney,Principal referral,11805.0,71.6,2013-01-01,Metropolitan
Jan-Mar 2013,Batemans Bay,Southern NSW,District group 2,4286.0,75.1,2013-01-01,Regional
Jan-Mar 2013,Bathurst,Western NSW,District group 1,5990.0,78.0,2013-01-01,Regional
Jan-Mar 2013,Belmont,Hunter New England,District group 1,6116.0,81.5,2013-01-01,Regional
Jan-Mar 2013,Blacktown,Western Sydney,Major,9275.0,77.6,2013-01-01,Metropolitan
Jan-Mar 2013,Blue Mountains,Nepean Blue Mountains,District group 2,4269.0,67.2,2013-01-01,Metropolitan
Jan-Mar 2013,Bowral,South Western Sydney,District group 1,4344.0,76.3,2013-01-01,Metropolitan
Jan-Mar 2013,Broken Hill,Far West,District group 1,5380.0,73.2,2013-01-01,Regional
Jan-Mar 2013,Calvary Mater,Hunter New England,Ungrouped acute - tertiary referral,8523.0,79.2,2013-01-01,Regional
Jan-Mar 2013,Campbelltown,South Western Sydney,Major,14587.0,75.2,2013-01-01,Metropolitan
Jan-Mar 2013,Canterbury,Sydney,Major,9416.0,60.0,2013-01-01,Metropolitan
Jan-Mar 2013,Casino,Northern NSW,District group 2,3421.0,67.2,2013-01-01,Regional
Jan-Mar 2013,Cessnock,Hunter New England,District group 2,4270.0,83.4,2013-01-01,Regional
Jan-Mar 2013,Children's at Westmead,Sydney Children's Hospitals Network,Paediatric specialist,12355.0,66.3,2013-01-01,Specialty network
Jan-Mar 2013,Coffs Harbour,Mid North Coast,Major,8523.0,82.0,2013-01-01,Regional
Jan-Mar 2013,Concord,Sydney,Principal referral,9211.0,71.4,2013-01-01,Metropolitan
Jan-Mar 2013,Deniliquin,Murrumbidgee,District group 2,2549.0,76.6,2013-01-01,Regional
Jan-Mar 2013,Dubbo,Western NSW,Major,6809.0,73.7,2013-01-01,Regional
Jan-Mar 2013,Fairfield,South Western Sydney,Major,8350.0,83.7,2013-01-01,Metropolitan
Jan-Mar 2013,Gosford,Central Coast,Principal referral,14647.0,63.9,2013-01-01,Metropolitan
Jan-Mar 2013,Goulburn,Southern NSW,District group 1,4407.0,64.5,2013-01-01,Regional
Jan-Mar 2013,Grafton,Northern NSW,District group 1,5688.0,77.9,2013-01-01,Regional
Jan-Mar 2013,Griffith,Murrumbidgee,District group 1,4576.0,81.5,2013-01-01,Regional
Jan-Mar 2013,Gunnedah,Hunter New England,District group 2,2072.0,81.7,2013-01-01,Regional
Jan-Mar 2013,Hawkesbury,Nepean Blue Mountains,District group 1,5435.0,73.4,2013-01-01,Metropolitan
Jan-Mar 2013,Hornsby,Northern Sydney,Major,8719.0,77.9,2013-01-01,Metropolitan
Jan-Mar 2013,Inverell,Hunter New England,District group 2,2638.0,77.3,2013-01-01,Regional
Jan-Mar 2013,John Hunter,Hunter New England,Principal referral,17191.0,70.7,2013-01-01,Regional
Jan-Mar 2013,Kempsey,Mid North Coast,District group 2,5155.0,76.4,2013-01-01,Regional
Jan-Mar 2013,Kurri Kurri,Hunter New England,District group 2,1629.0,88.8,2013-01-01,Regional
Jan-Mar 2013,Lismore,Northern NSW,Major,7218.0,62.4,2013-01-01,Regional
Jan-Mar 2013,Lithgow,Nepean Blue Mountains,District group 2,3253.0,88.1,2013-01-01,Metropolitan
Jan-Mar 2013,Liverpool,South Western Sydney,Principal referral,17598.0,68.4,2013-01-01,Metropolitan
Jan-Mar 2013,Macksville,Mid North Coast,District group 2,3296.0,52.9,2013-01-01,Regional
Jan-Mar 2013,Maclean,Northern NSW,District group 2,2771.0,78.6,2013-01-01,Regional
Jan-Mar 2013,Maitland,Hunter New England,Major,10911.0,68.0,2013-01-01,Regional
Jan-Mar 2013,Manly,Northern Sydney,Major,6293.0,85.4,2013-01-01,Metropolitan
Jan-Mar 2013,Manning,Hunter New England,Major,6510.0,78.4,2013-01-01,Regional
Jan-Mar 2013,Milton,Illawarra Shoalhaven,District group 2,4001.0,79.6,2013-01-01,Metropolitan
Jan-Mar 2013,Mona Vale,Northern Sydney,Major,8104.0,76.9,2013-01-01,Metropolitan
Jan-Mar 2013,Moree,Hunter New England,District group 2,1910.0,93.1,2013-01-01,Regional
Jan-Mar 2013,Moruya,Southern NSW,District group 2,2901.0,72.3,2013-01-01,Regional
Jan-Mar 2013,Mount Druitt,Western Sydney,District group 1,8235.0,65.0,2013-01-01,Metropolitan
Jan-Mar 2013,Murwillumbah,Northern NSW,District group 1,4030.0,87.2,2013-01-01,Regional
Jan-Mar 2013,Muswellbrook,Hunter New England,District group 2,1777.0,82.7,2013-01-01,Regional
Jan-Mar 2013,Narrabri,Hunter New England,District group 2,1370.0,96.2,2013-01-01,Regional
Jan-Mar 2013,Nepean,Nepean Blue Mountains,Principal referral,14985.0,85.3,2013-01-01,Metropolitan
Jan-Mar 2013,Orange,Western NSW,Major,6740.0,80.6,2013-01-01,Regional
Jan-Mar 2013,Port Macquarie,Mid North Coast,Major,7119.0,71.8,2013-01-01,Regional
Jan-Mar 2013,Prince of Wales,South Eastern Sydney,Principal referral,13673.0,74.9,2013-01-01,Metropolitan
Jan-Mar 2013,Queanbeyan,Southern NSW,District group 2,4259.0,59.4,2013-01-01,Regional
Jan-Mar 2013,Royal North Shore,Northern Sydney,Principal referral,16853.0,81.2,2013-01-01,Metropolitan
Jan-Mar 2013,Royal Prince Alfred,Sydney,Principal referral,17532.0,50.9,2013-01-01,Metropolitan
Jan-Mar 2013,Ryde,Northern Sydney,District group 1,6501.0,89.2,2013-01-01,Metropolitan
Jan-Mar 2013,Shellharbour,Illawarra Shoalhaven,District group 1,7009.0,64.7,2013-01-01,Metropolitan
Jan-Mar 2013,Shoalhaven,Illawarra Shoalhaven,Major,9716.0,68.1,2013-01-01,Metropolitan
Jan-Mar 2013,Singleton,Hunter New England,District group 2,2883.0,73.7,2013-01-01,Regional
Jan-Mar 2013,South East Regional,Southern NSW,District group 1,2929.0,78.4,2013-01-01,Regional
Jan-Mar 2013,St George,South Eastern Sydney,Principal referral,16785.0,63.7,2013-01-01,Metropolitan
Jan-Mar 2013,St Vincent's,St Vincent's Health Network,Principal referral,11798.0,81.0,2013-01-01,Specialty network
Jan-Mar 2013,Sutherland,South Eastern Sydney,Major,12148.0,69.5,2013-01-01,Metropolitan
Jan-Mar 2013,Sydney Children's Randwick,Sydney Children's Hospitals Network,Paediatric specialist,9501.0,69.3,2013-01-01,Specialty network
Jan-Mar 2013,Sydney and Sydney Eye,South Eastern Sydney,Ungrouped acute - tertiary referral,10204.0,92.5,2013-01-01,Metropolitan
Jan-Mar 2013,Tamworth,Hunter New England,Major,10445.0,72.7,2013-01-01,Regional
Jan-Mar 2013,Tweed Valley,Northern NSW,Major,10958.0,75.4,2013-01-01,Regional
Jan-Mar 2013,Wagga Wagga,Murrumbidgee,Major,8492.0,74.3,2013-01-01,Regional
Jan-Mar 2013,Westmead,Western Sydney,Principal referral,15324.0,65.6,2013-01-01,Metropolitan
Jan-Mar 2013,Wollongong,Illawarra Shoalhaven,Principal referral,14491.0,63.9,2013-01-01,Metropolitan
Jan-Mar 2013,Wyong,Central Coast,Major,15059.0,77.7,2013-01-01,Metropolitan
Jan-Mar 2013,Young,Murrumbidgee,District group 2,2006.0,77.3,2013-01-01,Regional
Jan-Mar 2014,Armidale,Hunter New England,District group 1,3826.0,78.1,2014-01-01,Regional
Jan-Mar 2014,Auburn,Western Sydney,Major,6353.0,71.1,2014-01-01,Metropolitan
Jan-Mar 2014,Ballina,Northern NSW,District group 2,4180.0,73.4,2014-01-01,Regional
Jan-Mar 2014,Bankstown-Lidcombe,South Western Sydney,Principal referral,12607.0,73.6,2014-01-01,Metropolitan
Jan-Mar 2014,Batemans Bay,Southern NSW,District group 2,4070.0,76.5,2014-01-01,Regional
Jan-Mar 2014,Bathurst,Western NSW,District group 1,5863.0,83.9,2014-01-01,Regional
Jan-Mar 2014,Belmont,Hunter New England,District group 1,6435.0,81.0,2014-01-01,Regional
Jan-Mar 2014,Blacktown,Western Sydney,Major,10362.0,85.5,2014-01-01,Metropolitan
Jan-Mar 2014,Blue Mountains,Nepean Blue Mountains,District group 2,4086.0,77.1,2014-01-01,Metropolitan
Jan-Mar 2014,Bowral,South Western Sydney,District group 1,4430.0,75.1,2014-01-01,Metropolitan
Jan-Mar 2014,Broken Hill,Far West,District group 1,5416.0,74.0,2014-01-01,Regional
Jan-Mar 2014,Calvary Mater,Hunter New England,Ungrouped acute - tertiary referral,8364.0,82.0,2014-01-01,Regional
Jan-Mar 2014,Campbelltown,South Western Sydney,Major,14889.0,73.3,2014-01-01,Metropolitan
Jan-Mar 2014,Canterbury,Sydney,Major,9921.0,72.5,2014-01-01,Metropolitan
Jan-Mar 2014,Casino,Northern NSW,District group 2,3613.0,75.4,2014-01-01,Regional
Jan-Mar 2014,Cessnock,Hunter New England,District group 2,4171.0,73.9,2014-01-01,Regional
Jan-Mar 2014,Children's at Westmead,Sydney Children's Hospitals Network,Paediatric specialist,13033.0,68.3,2014-01-01,Specialty network
Jan-Mar 2014,Coffs Harbour,Mid North Coast,Major,8963.0,88.3,2014-01-01,Regional
Jan-Mar 2014,Concord,Sydney,Principal referral,9486.0,77.2,2014-01-01,Metropolitan
Jan-Mar 2014,Deniliquin,Murrumbidgee,District group 2,2100.0,89.8,2014-01-01,Regional
Jan-Mar 2014,Dubbo,Western NSW,Major,6758.0,76.1,2014-01-01,Regional
Jan-Mar 2014,Fairfield,South Western Sydney,Major,8609.0,79.3,2014-01-01,Metropolitan
Jan-Mar 2014,Forbes,Western NSW,District group 2,2234.0,85.9,2014-01-01,Regional
Jan-Mar 2014,Gosford,Central Coast,Principal referral,14915.0,68.2,2014-01-01,Metropolitan
Jan-Mar 2014,Goulburn,Southern NSW,District group 1,4021.0,76.6,2014-01-01,Regional
Jan-Mar 2014,Grafton,Northern NSW,District group 1,5694.0,76.2,2014-01-01,Regional
Jan-Mar 2014,Griffith,Murrumbidgee,District group 1,4428.0,79.6,2014-01-01,Regional
Jan-Mar 2014,Gunnedah,Hunter New England,District group 2,2173.0,81.6,2014-01-01,Regional
Jan-Mar 2014,Hawkesbury,Nepean Blue Mountains,District group 1,5594.0,86.9,2014-01-01,Metropolitan
Jan-Mar 2014,Hornsby,Northern Sydney,Major,9106.0,90.6,2014-01-01,Metropolitan
Jan-Mar 2014,Inverell,Hunter New England,District group 2,2522.0,83.1,2014-01-01,Regional
Jan-Mar 2014,John Hunter,Hunter New England,Principal referral,18037.0,77.1,2014-01-01,Regional
Jan-Mar 2014,Kempsey,Mid North Coast,District group 2,5185.0,83.9,2014-01-01,Regional
Jan-Mar 2014,Kurri Kurri,Hunter New England,District group 2,1856.0,84.0,2014-01-01,Regional
Jan-Mar 2014,Lismore,Northern NSW,Major,7353.0,67.4,2014-01-01,Regional
Jan-Mar 2014,Lithgow,Nepean Blue Mountains,District group 2,3103.0,90.2,2014-01-01,Metropolitan
Jan-Mar 2014,Liverpool,South Western Sydney,Principal referral,18974.0,73.3,2014-01-01,Metropolitan
Jan-Mar 2014,Macksville,Mid North Coast,District group 2,3135.0,67.1,2014-01-01,Regional
Jan-Mar 2014,Maclean,Northern NSW,District group 2,2951.0,68.8,2014-01-01,Regional
Jan-Mar 2014,Maitland,Hunter New England,Major,11233.0,66.5,2014-01-01,Regional
Jan-Mar 2014,Manly,Northern Sydney,Major,6405.0,83.1,2014-01-01,Metropolitan
Jan-Mar 2014,Manning,Hunter New England,Major,6977.0,74.3,2014-01-01,Regional
Jan-Mar 2014,Milton,Illawarra Shoalhaven,District group 2,4024.0,78.7,2014-01-01,Metropolitan
Jan-Mar 2014,Mona Vale,Northern Sydney,Major,8244.0,83.5,2014-01-01,Metropolitan
Jan-Mar 2014,Moree,Hunter New England,District group 2,1984.0,94.8,2014-01-01,Regional
Jan-Mar 2014,Moruya,Southern NSW,District group 2,2849.0,77.6,2014-01-01,Regional
Jan-Mar 2014,Mount Druitt,Western Sydney,District group 1,8163.0,60.6,2014-01-01,Metropolitan
Jan-Mar 2014,Mudgee,Western NSW,District group 2,3001.0,61.6,2014-01-01,Regional
Jan-Mar 2014,Murwillumbah,Northern NSW,District group 1,4335.0,90.3,2014-01-01,Regional
Jan-Mar 2014,Muswellbrook,Hunter New England,District group 2,1884.0,80.8,2014-01-01,Regional
Jan-Mar 2014,Narrabri,Hunter New England,District group 2,1335.0,95.4,2014-01-01,Regional
Jan-Mar 2014,Nepean,Nepean Blue Mountains,Principal referral,15983.0,82.6,2014-01-01,Metropolitan
Jan-Mar 2014,Orange,Western NSW,Major,6487.0,87.6,2014-01-01,Regional
Jan-Mar 2014,Port Macquarie,Mid North Coast,Major,7327.0,76.9,2014-01-01,Regional
Jan-Mar 2014,Prince of Wales,South Eastern Sydney,Principal referral,13887.0,74.7,2014-01-01,Metropolitan
Jan-Mar 2014,Queanbeyan,Southern NSW,District group 2,4246.0,66.3,2014-01-01,Regional
Jan-Mar 2014,Royal North Shore,Northern Sydney,Principal referral,18012.0,82.8,2014-01-01,Metropolitan
Jan-Mar 2014,Royal Prince Alfred,Sydney,Principal referral,18440.0,54.1,2014-01-01,Metropolitan
Jan-Mar 2014,Ryde,Northern Sydney,District group 1,6549.0,86.9,2014-01-01,Metropolitan
Jan-Mar 2014,Shellharbour,Illawarra Shoalhaven,District group 1,6989.0,72.1,2014-01-01,Metropolitan
Jan-Mar 2014,Shoalhaven,Illawarra Shoalhaven,Major,9153.0,66.5,2014-01-01,Metropolitan
Jan-Mar 2014,Singleton,Hunter New England,District group 2,2641.0,74.7,2014-01-01,Regional
Jan-Mar 2014,South East Regional,Southern NSW,District group 1,2900.0,75.3,2014-01-01,Regional
Jan-Mar 2014,St George,South Eastern Sydney,Principal referral,17125.0,68.3,2014-01-01,Metropolitan
Jan-Mar 2014,St Vincent's,St Vincent's Health Network,Principal referral,12096.0,81.8,2014-01-01,Specialty network
Jan-Mar 2014,Sutherland,South Eastern Sydney,Major,12108.0,67.7,2014-01-01,Metropolitan
Jan-Mar 2014,Sydney Children's Randwick,Sydney Children's Hospitals Network,Paediatric specialist,9311.0,72.0,2014-01-01,Specialty network
Jan-Mar 2014,Sydney and Sydney Eye,South Eastern Sydney,Ungrouped acute - tertiary referral,9508.0,93.6,2014-01-01,Metropolitan
Jan-Mar 2014,Tamworth,Hunter New England,Major,10086.0,80.3,2014-01-01,Regional
Jan-Mar 2014,Tweed Valley,Northern NSW,Major,11585.0,87.3,2014-01-01,Regional
Jan-Mar 2014,Wagga Wagga,Murrumbidgee,Major,8632.0,77.3,2014-01-01,Regional
Jan-Mar 2014,Westmead,Western Sydney,Principal referral,17109.0,70.5,2014-01-01,Metropolitan
Jan-Mar 2014,Wollongong,Illawarra Shoalhaven,Principal referral,15414.0,62.9,2014-01-01,Metropolitan
Jan-Mar 2014,Wyong,Central Coast,Major,14474.0,76.6,2014-01-01,Metropolitan
Jan-Mar 2014,Young,Murrumbidgee,District group 2,1909.0,92.2,2014-01-01,Regional
Jan-Mar 2015,Armidale,Hunter New England,District group 1,4026.0,76.2,2015-01-01,Regional
Jan-Mar 2015,Auburn,Western Sydney,Major,6380.0,77.3,2015-01-01,Metropolitan
Jan-Mar 2015,Ballina,Northern NSW,District group 2,4196.0,69.7,2015-01-01,Regional
Jan-Mar 2015,Bankstown-Lidcombe,South Western Sydney,Principal referral,13057.0,71.7,2015-01-01,Metropolitan
Jan-Mar 2015,Batemans Bay,Southern NSW,District group 2,3584.0,75.6,2015-01-01,Regional
Jan-Mar 2015,Bathurst,Western NSW,District group 1,5931.0,85.5,2015-01-01,Regional
Jan-Mar 2015,Belmont,Hunter New England,District group 1,6078.0,82.4,2015-01-01,Regional
Jan-Mar 2015,Blacktown,Western Sydney,Major,10255.0,75.5,2015-01-01,Metropolitan
Jan-Mar 2015,Blue Mountains,Nepean Blue Mountains,District group 2,4168.0,78.5,2015-01-01,Metropolitan
Jan-Mar 2015,Bowral,South Western Sydney,District group 1,4335.0,73.1,2015-01-01,Metropolitan
Jan-Mar 2015,Broken Hill,Far West,District group 1,5114.0,75.7,2015-01-01,Regional
Jan-Mar 2015,Calvary Mater,Hunter New England,Ungrouped acute - tertiary referral,8684.0,77.8,2015-01-01,Regional
Jan-Mar 2015,Campbelltown,South Western Sydney,Major,16038.0,76.3,2015-01-01,Metropolitan
Jan-Mar 2015,Canterbury,Sydney,Major,10452.0,78.5,2015-01-01,Metropolitan
Jan-Mar 2015,Casino,Northern NSW,District group 2,3371.0,70.1,2015-01-01,Regional
Jan-Mar 2015,Cessnock,Hunter New England,District group 2,4219.0,78.1,2015-01-01,Regional
Jan-Mar 2015,Children's at Westmead,Sydney Children's Hospitals Network,Paediatric specialist,13568.0,67.0,2015-01-01,Specialty network
Jan-Mar 2015,Coffs Harbour,Mid North Coast,Major,9587.0,86.9,2015-01-01,Regional
Jan-Mar 2015,Concord,Sydney,Principal referral,9581.0,72.2,2015-01-01,Metropolitan
Jan-Mar 2015,Deniliquin,Murrumbidgee,District group 2,2173.0,97.3,2015-01-01,Regional
Jan-Mar 2015,Dubbo,Western NSW,Major,7110.0,77.1,2015-01-01,Regional
Jan-Mar 2015,Fairfield,South Western Sydney,Major,8855.0,73.9,2015-01-01,Metropolitan
Jan-Mar 2015,Forbes,Western NSW,District group 2,2233.0,88.2,2015-01-01,Regional
Jan-Mar 2015,Gosford,Central Coast,Principal referral,15372.0,68.8,2015-01-01,Metropolitan
Jan-Mar 2015,Goulburn,Southern NSW,District group 1,4109.0,70.5,2015-01-01,Regional
Jan-Mar 2015,Grafton,Northern NSW,District group 1,5847.0,70.1,2015-01-01,Regional
Jan-Mar 2015,Griffith,Murrumbidgee,District group 1,4432.0,80.5,2015-01-01,Regional
Jan-Mar 2015,Gunnedah,Hunter New England,District group 2,1989.0,82.0,2015-01-01,Regional
Jan-Mar 2015,Hawkesbury,Nepean Blue Mountains,District group 1,5680.0,84.0,2015-01-01,Metropolitan
Jan-Mar 2015,Hornsby,Northern Sydney,Major,9386.0,91.3,2015-01-01,Metropolitan
Jan-Mar 2015,Inverell,Hunter New England,District group 2,2622.0,80.5,2015-01-01,Regional
Jan-Mar 2015,John Hunter,Hunter New England,Principal referral,18902.0,72.0,2015-01-01,Regional
Jan-Mar 2015,Kempsey,Mid North Coast,District group 2,6118.0,82.9,2015-01-01,Regional
Jan-Mar 2015,Kurri Kurri,Hunter New England,District group 2,1639.0,83.4,2015-01-01,Regional
Jan-Mar 2015,Lismore,Northern NSW,Major,7952.0,67.6,2015-01-01,Regional
Jan-Mar 2015,Lithgow,Nepean Blue Mountains,District group 2,3145.0,92.0,2015-01-01,Metropolitan
Jan-Mar 2015,Liverpool,South Western Sydney,Principal referral,19751.0,67.0,2015-01-01,Metropolitan
Jan-Mar 2015,Macksville,Mid North Coast,District group 2,3216.0,70.5,2015-01-01,Regional
Jan-Mar 2015,Maclean,Northern NSW,District group 2,3225.0,59.5,2015-01-01,Regional
Jan-Mar 2015,Maitland,Hunter New England,Major,11695.0,65.7,2015-01-01,Regional
Jan-Mar 2015,Manly,Northern Sydney,Major,6492.0,85.9,2015-01-01,Metropolitan
Jan-Mar 2015,Manning,Hunter New England,Major,7310.0,78.6,2015-01-01,Regional
Jan-Mar 2015,Milton,Illawarra Shoalhaven,District group 2,4055.0,77.6,2015-01-01,Metropolitan
Jan-Mar 2015,Mona Vale,Northern Sydney,Major,8576.0,80.5,2015-01-01,Metropolitan
Jan-Mar 2015,Moree,Hunter New England,District group 2,2041.0,95.2,2015-01-01,Regional
Jan-Mar 2015,Moruya,Southern NSW,District group 2,2715.0,74.8,2015-01-01,Regional
Jan-Mar 2015,Mount Druitt,Western Sydney,District group 1,7921.0,63.7,2015-01-01,Metropolitan
Jan-Mar 2015,Mudgee,Western NSW,District group 2,3033.0,78.3,2015-01-01,Regional
Jan-Mar 2015,Murwillumbah,Northern NSW,District group 1,4192.0,88.8,2015-01-01,Regional
Jan-Mar 2015,Muswellbrook,Hunter New England,District group 2,2103.0,80.4,2015-01-01,Regional
Jan-Mar 2015,Narrabri,Hunter New England,District group 2,1366.0,92.3,2015-01-01,Regional
Jan-Mar 2015,Nepean,Nepean Blue Mountains,Principal referral,16851.0,65.5,2015-01-01,Metropolitan
Jan-Mar 2015,Orange,Western NSW,Major,6834.0,88.1,2015-01-01,Regional
Jan-Mar 2015,Port Macquarie,Mid North Coast,Major,7913.0,77.8,2015-01-01,Regional
Jan-Mar 2015,Prince of Wales,South Eastern Sydney,Principal referral,14356.0,75.5,2015-01-01,Metropolitan
Jan-Mar 2015,Queanbeyan,Southern NSW,District group 2,4328.0,73.5,2015-01-01,Regional
Jan-Mar 2015,Royal North Shore,Northern Sydney,Principal referral,19393.0,82.4,2015-01-01,Metropolitan
Jan-Mar 2015,Royal Prince Alfred,Sydney,Principal referral,18235.0,55.7,2015-01-01,Metropolitan
Jan-Mar 2015,Ryde,Northern Sydney,District group 1,6811.0,88.0,2015-01-01,Metropolitan
Jan-Mar 2015,Shellharbour,Illawarra Shoalhaven,District group 1,7573.0,73.4,2015-01-01,Metropolitan
Jan-Mar 2015,Shoalhaven,Illawarra Shoalhaven,Major,9166.0,63.9,2015-01-01,Metropolitan
Jan-Mar 2015,Singleton,Hunter New England,District group 2,2669.0,75.4,2015-01-01,Regional
Jan-Mar 2015,South East Regional,Southern NSW,District group 1,3222.0,76.5,2015-01-01,Regional
Jan-Mar 2015,St George,South Eastern Sydney,Principal referral,18493.0,74.5,2015-01-01,Metropolitan
Jan-Mar 2015,St Vincent's,St Vincent's Health Network,Principal referral,12367.0,80.1,2015-01-01,Specialty network
Jan-Mar 2015,Sutherland,South Eastern Sydney,Major,12507.0,67.3,2015-01-01,Metropolitan
Jan-Mar 2015,Sydney Children's Randwick,Sydney Children's Hospitals Network,Paediatric specialist,9099.0,68.8,2015-01-01,Specialty network
Jan-Mar 2015,Sydney and Sydney Eye,South Eastern Sydney,Ungrouped acute - tertiary referral,9921.0,90.8,2015-01-01,Metropolitan
Jan-Mar 2015,Tamworth,Hunter New England,Major,10482.0,73.3,2015-01-01,Regional
Jan-Mar 2015,Tweed Valley,Northern NSW,Major,12260.0,86.0,2015-01-01,Regional
Jan-Mar 2015,Wagga Wagga,Murrumbidgee,Major,8970.0,81.4,2015-01-01,Regional
Jan-Mar 2015,Westmead,Western Sydney,Principal referral,17980.0,57.8,2015-01-01,Metropolitan
Jan-Mar 2015,Wollongong,Illawarra Shoalhaven,Principal referral,15661.0,61.7,2015-01-01,Metropolitan
Jan-Mar 2015,Wyong,Central Coast,Major,15341.0,77.3,2015-01-01,Metropolitan
Jan-Mar 2015,Young,Murrumbidgee,District group 2,2228.0,96.6,2015-01-01,Regional
Jan-Mar 2016,Armidale,Hunter New England,District group 1,4265.0,66.4,2016-01-01,Regional
Jan-Mar 2016,Auburn,Western Sydney,Major,6794.0,67.9,2016-01-01,Metropolitan
Jan-Mar 2016,Ballina,Northern NSW,District group 2,4484.0,78.8,2016-01-01,Regional
Jan-Mar 2016,Bankstown-Lidcombe,South Western Sydney,Principal referral,13481.0,80.5,2016-01-01,Metropolitan
Jan-Mar 2016,Batemans Bay,Southern NSW,District group 2,3713.0,75.0,2016-01-01,Regional
Jan-Mar 2016,Bathurst,Western NSW,District group 1,6130.0,87.9,2016-01-01,Regional
Jan-Mar 2016,Belmont,Hunter New England,District group 1,6091.0,90.0,2016-01-01,Regional
Jan-Mar 2016,Blacktown,Western Sydney,Major,11188.0,61.5,2016-01-01,Metropolitan
Jan-Mar 2016,Blue Mountains,Nepean Blue Mountains,District group 2,4296.0,76.5,2016-01-01,Metropolitan
Jan-Mar 2016,Bowral,South Western Sydney,District group 1,4624.0,84.8,2016-01-01,Metropolitan
Jan-Mar 2016,Broken Hill,Far West,District group 1,4980.0,89.1,2016-01-01,Regional
Jan-Mar 2016,Calvary Mater,Hunter New England,Ungrouped acute - tertiary referral,9180.0,77.4,2016-01-01,Regional
Jan-Mar 2016,Campbelltown,South Western Sydney,Major,16737.0,76.7,2016-01-01,Metropolitan
Jan-Mar 2016,Canterbury,Sydney,Major,11041.0,85.8,2016-01-01,Metropolitan
Jan-Mar 2016,Casino,Northern NSW,District group 2,3338.0,71.3,2016-01-01,Regional
Jan-Mar 2016,Cessnock,Hunter New England,District group 2,4283.0,79.9,2016-01-01,Regional
Jan-Mar 2016,Children's at Westmead,Sydney Children's Hospitals Network,Paediatric specialist,13955.0,63.7,2016-01-01,Specialty network
Jan-Mar 2016,Coffs Harbour,Mid North Coast,Major,9464.0,83.6,2016-01-01,Regional
Jan-Mar 2016,Concord,Sydney,Principal referral,9760.0,71.1,2016-01-01,Metropolitan
Jan-Mar 2016,Deniliquin,Murrumbidgee,District group 2,2037.0,96.2,2016-01-01,Regional
Jan-Mar 2016,Dubbo,Western NSW,Major,7620.0,70.5,2016-01-01,Regional
Jan-Mar 2016,Fairfield,South Western Sydney,Major,8752.0,78.4,2016-01-01,Metropolitan
Jan-Mar 2016,Forbes,Western NSW,District group 2,2357.0,87.8,2016-01-01,Regional
Jan-Mar 2016,Gosford,Central Coast,Principal referral,16613.0,71.2,2016-01-01,Metropolitan
Jan-Mar 2016,Goulburn,Southern NSW,District group 1,4277.0,60.0,2016-01-01,Regional
Jan-Mar 2016,Grafton,Northern NSW,District group 1,6020.0,73.0,2016-01-01,Regional
Jan-Mar 2016,Griffith,Murrumbidgee,District group 1,5035.0,81.4,2016-01-01,Regional
Jan-Mar 2016,Gunnedah,Hunter New England,District group 2,2094.0,77.1,2016-01-01,Regional
Jan-Mar 2016,Hawkesbury,Nepean Blue Mountains,District group 1,6138.0,83.7,2016-01-01,Metropolitan
Jan-Mar 2016,Hornsby,Northern Sydney,Major,9644.0,87.6,2016-01-01,Metropolitan
Jan-Mar 2016,Inverell,Hunter New England,District group 2,2115.0,86.4,2016-01-01,Regional
Jan-Mar 2016,John Hunter,Hunter New England,Principal referral,19359.0,73.0,2016-01-01,Regional
Jan-Mar 2016,Kempsey,Mid North Coast,District group 2,6641.0,76.1,2016-01-01,Regional
Jan-Mar 2016,Kurri Kurri,Hunter New England,District group 2,1257.0,91.9,2016-01-01,Regional
Jan-Mar 2016,Lismore,Northern NSW,Major,7803.0,67.3,2016-01-01,Regional
Jan-Mar 2016,Lithgow,Nepean Blue Mountains,District group 2,3176.0,91.2,2016-01-01,Metropolitan
Jan-Mar 2016,Liverpool,South Western Sydney,Principal referral,20777.0,66.9,2016-01-01,Metropolitan
Jan-Mar 2016,Macksville,Mid North Coast,District group 2,3663.0,71.7,2016-01-01,Regional
Jan-Mar 2016,Maclean,Northern NSW,District group 2,3134.0,62.7,2016-01-01,Regional
Jan-Mar 2016,Maitland,Hunter New England,Major,12242.0,73.0,2016-01-01,Regional
Jan-Mar 2016,Manly,Northern Sydney,Major,6433.0,87.0,2016-01-01,Metropolitan
Jan-Mar 2016,Manning,Hunter New England,Major,7445.0,78.3,2016-01-01,Regional
Jan-Mar 2016,Milton,Illawarra Shoalhaven,District group 2,4292.0,78.4,2016-01-01,Metropolitan
Jan-Mar 2016,Mona Vale,Northern Sydney,Major,8898.0,85.4,2016-01-01,Metropolitan
Jan-Mar 2016,Moree,Hunter New England,District group 2,1999.0,90.3,2016-01-01,Regional
Jan-Mar 2016,Moruya,Southern NSW,District group 2,2794.0,80.5,2016-01-01,Regional
Jan-Mar 2016,Mount Druitt,Western Sydney,District group 1,8224.0,63.5,2016-01-01,Metropolitan
Jan-Mar 2016,Mudgee,Western NSW,District group 2,3307.0,75.4,2016-01-01,Regional
Jan-Mar 2016,Murwillumbah,Northern NSW,District group 1,4506.0,87.1,2016-01-01,Regional
Jan-Mar 2016,Muswellbrook,Hunter New England,District group 2,2465.0,78.2,2016-01-01,Regional
Jan-Mar 2016,Narrabri,Hunter New England,District group 2,1411.0,92.4,2016-01-01,Regional
Jan-Mar 2016,Nepean,Nepean Blue Mountains,Principal referral,17011.0,56.2,2016-01-01,Metropolitan
Jan-Mar 2016,Orange,Western NSW,Major,7127.0,88.2,2016-01-01,Regional
Jan-Mar 2016,Port Macquarie,Mid North Coast,Major,8186.0,76.3,2016-01-01,Regional
Jan-Mar 2016,Prince of Wales,South Eastern Sydney,Principal referral,15320.0,75.6,2016-01-01,Metropolitan
Jan-Mar 2016,Queanbeyan,Southern NSW,District group 2,4621.0,75.4,2016-01-01,Regional
Jan-Mar 2016,Royal North Shore,Northern Sydney,Principal referral,20327.0,80.2,2016-01-01,Metropolitan
Jan-Mar 2016,Royal Prince Alfred,Sydney,Principal referral,19219.0,64.7,2016-01-01,Metropolitan
Jan-Mar 2016,Ryde,Northern Sydney,District group 1,6931.0,86.8,2016-01-01,Metropolitan
Jan-Mar 2016,Shellharbour,Illawarra Shoalhaven,District group 1,8109.0,74.8,2016-01-01,Metropolitan
Jan-Mar 2016,Shoalhaven,Illawarra Shoalhaven,Major,10154.0,63.0,2016-01-01,Metropolitan
Jan-Mar 2016,Singleton,Hunter New England,District group 2,2879.0,67.2,2016-01-01,Regional
Jan-Mar 2016,South East Regional,Southern NSW,District group 1,3718.0,70.4,2016-01-01,Regional
Jan-Mar 2016,St George,South Eastern Sydney,Principal referral,19524.0,72.3,2016-01-01,Metropolitan
Jan-Mar 2016,St Vincent's,St Vincent's Health Network,Principal referral,12812.0,80.6,2016-01-01,Specialty network
Jan-Mar 2016,Sutherland,South Eastern Sydney,Major,13002.0,67.9,2016-01-01,Metropolitan
Jan-Mar 2016,Sydney Children's Randwick,Sydney Children's Hospitals Network,Paediatric specialist,9460.0,65.7,2016-01-01,Specialty network
Jan-Mar 2016,Sydney and Sydney Eye,South Eastern Sydney,Ungrouped acute - tertiary referral,10494.0,86.1,2016-01-01,Metropolitan
Jan-Mar 2016,Tamworth,Hunter New England,Major,10756.0,72.5,2016-01-01,Regional
Jan-Mar 2016,Tweed Valley,Northern NSW,Major,13378.0,88.6,2016-01-01,Regional
Jan-Mar 2016,Wagga Wagga,Murrumbidgee,Major,9795.0,73.4,2016-01-01,Regional
Jan-Mar 2016,Westmead,Western Sydney,Principal referral,18861.0,59.6,2016-01-01,Metropolitan
Jan-Mar 2016,Wollongong,Illawarra Shoalhaven,Principal referral,15986.0,64.5,2016-01-01,Metropolitan
Jan-Mar 2016,Wyong,Central Coast,Major,16199.0,77.1,2016-01-01,Metropolitan
Jan-Mar 2016,Young,Murrumbidgee,District group 2,2253.0,91.5,2016-01-01,Regional
Jan-Mar 2017,Armidale,Hunter New England,District group 1,4162.0,65.5,2017-01-01,Regional
Jan-Mar 2017,Auburn,Western Sydney,Major,6720.0,69.8,2017-01-01,Metropolitan
Jan-Mar 2017,Ballina,Northern NSW,District group 2,3987.0,82.7,2017-01-01,Regional
Jan-Mar 2017,Bankstown-Lidcombe,South Western Sydney,Principal referral,13463.0,71.6,2017-01-01,Metropolitan
Jan-Mar 2017,Batemans Bay,Southern NSW,District group 2,4270.0,71.3,2017-01-01,Regional
Jan-Mar 2017,Bathurst,Western NSW,District group 1,6185.0,87.3,2017-01-01,Regional
Jan-Mar 2017,Belmont,Hunter New England,District group 1,6263.0,85.2,2017-01-01,Regional
Jan-Mar 2017,Blacktown,Western Sydney,Major,11977.0,53.0,2017-01-01,Metropolitan
Jan-Mar 2017,Blue Mountains,Nepean Blue Mountains,District group 2,4328.0,73.6,2017-01-01,Metropolitan
Jan-Mar 2017,Bowral,South Western Sydney,District group 1,4801.0,81.4,2017-01-01,Metropolitan
Jan-Mar 2017,Broken Hill,Far West,District group 1,5348.0,88.3,2017-01-01,Regional
Jan-Mar 2017,Byron Central,Northern NSW,District group 2,5180.0,74.6,2017-01-01,Regional
Jan-Mar 2017,Calvary Mater,Hunter New England,Ungrouped acute - tertiary referral,9393.0,81.4,2017-01-01,Regional
Jan-Mar 2017,Campbelltown,South Western Sydney,Major,16916.0,78.1,2017-01-01,Metropolitan
Jan-Mar 2017,Canterbury,Sydney,Major,11743.0,76.3,2017-01-01,Metropolitan
Jan-Mar 2017,Casino,Northern NSW,District group 2,3493.0,74.9,2017-01-01,Regional
Jan-Mar 2017,Cessnock,Hunter New England,District group 2,4268.0,77.4,2017-01-01,Regional
Jan-Mar 2017,Children's at Westmead,Sydney Children's Hospitals Network,Paediatric specialist,13969.0,63.2,2017-01-01,Specialty network
Jan-Mar 2017,Coffs Harbour,Mid North Coast,Major,9819.0,84.3,2017-01-01,Regional
Jan-Mar 2017,Concord,Sydney,Principal referral,9757.0,84.7,2017-01-01,Metropolitan
Jan-Mar 2017,Cooma,Southern NSW,District group 2,2351.0,81.5,2017-01-01,Regional
Jan-Mar 2017,Cowra,Western NSW,District group 2,1863.0,93.7,2017-01-01,Regional
Jan-Mar 2017,Deniliquin,Murrumbidgee,District group 2,2429.0,97.1,2017-01-01,Regional
Jan-Mar 2017,Dubbo,Western NSW,Major,8178.0,70.3,2017-01-01,Regional
Jan-Mar 2017,Fairfield,South Western Sydney,Major,8783.0,72.1,2017-01-01,Metropolitan
Jan-Mar 2017,Forbes,Western NSW,District group 2,1788.0,88.7,2017-01-01,Regional
Jan-Mar 2017,Gosford,Central Coast,Principal referral,16695.0,70.6,2017-01-01,Metropolitan
Jan-Mar 2017,Goulburn,Southern NSW,District group 1,4367.0,76.1,2017-01-01,Regional
Jan-Mar 2017,Grafton,Northern NSW,District group 1,6294.0,74.0,2017-01-01,Regional
Jan-Mar 2017,Griffith,Murrumbidgee,District group 1,5099.0,81.7,2017-01-01,Regional
Jan-Mar 2017,Gunnedah,Hunter New England,District group 2,1906.0,76.7,2017-01-01,Regional
Jan-Mar 2017,Hawkesbury,Nepean Blue Mountains,District group 1,6085.0,85.1,2017-01-01,Metropolitan
Jan-Mar 2017,Hornsby,Northern Sydney,Major,9655.0,88.1,2017-01-01,Metropolitan
Jan-Mar 2017,Inverell,Hunter New England,District group 2,2131.0,81.9,2017-01-01,Regional
Jan-Mar 2017,John Hunter,Hunter New England,Principal referral,19396.0,71.0,2017-01-01,Regional
Jan-Mar 2017,Kempsey,Mid North Coast,District group 2,7380.0,71.2,2017-01-01,Regional
Jan-Mar 2017,Kurri Kurri,Hunter New England,District group 2,892.0,93.6,2017-01-01,Regional
Jan-Mar 2017,Lismore,Northern NSW,Major,8418.0,76.3,2017-01-01,Regional
Jan-Mar 2017,Lithgow,Nepean Blue Mountains,District group 2,2957.0,91.7,2017-01-01,Metropolitan
Jan-Mar 2017,Liverpool,South Western Sydney,Principal referral,20701.0,82.0,2017-01-01,Metropolitan
Jan-Mar 2017,Macksville,Mid North Coast,District group 2,3861.0,75.6,2017-01-01,Regional
Jan-Mar 2017,Maclean,Northern NSW,District group 2,3133.0,64.3,2017-01-01,Regional
Jan-Mar 2017,Maitland,Hunter New England,Major,12005.0,69.3,2017-01-01,Regional
Jan-Mar 2017,Manly,Northern Sydney,Major,6462.0,88.8,2017-01-01,Metropolitan
Jan-Mar 2017,Manning,Hunter New England,Major,7791.0,78.5,2017-01-01,Regional
Jan-Mar 2017,Milton,Illawarra Shoalhaven,District group 2,3979.0,77.4,2017-01-01,Metropolitan
Jan-Mar 2017,Mona Vale,Northern Sydney,Major,8762.0,86.9,2017-01-01,Metropolitan
Jan-Mar 2017,Moree,Hunter New England,District group 2,1967.0,89.0,2017-01-01,Regional
Jan-Mar 2017,Moruya,Southern NSW,District group 2,2794.0,78.3,2017-01-01,Regional
Jan-Mar 2017,Mount Druitt,Western Sydney,District group 1,7964.0,63.2,2017-01-01,Metropolitan
Jan-Mar 2017,Mudgee,Western NSW,District group 2,2706.0,74.8,2017-01-01,Regional
Jan-Mar 2017,Murwillumbah,Northern NSW,District group 1,4561.0,89.7,2017-01-01,Regional
Jan-Mar 2017,Muswellbrook,Hunter New England,District group 2,2517.0,81.7,2017-01-01,Regional
Jan-Mar 2017,Narrabri,Hunter New England,District group 2,1405.0,94.6,2017-01-01,Regional
Jan-Mar 2017,Nepean,Nepean Blue Mountains,Principal referral,17079.0,65.5,2017-01-01,Metropolitan
Jan-Mar 2017,Orange,Western NSW,Major,7309.0,89.4,2017-01-01,Regional
Jan-Mar 2017,Port Macquarie,Mid North Coast,Major,8900.0,69.8,2017-01-01,Regional
Jan-Mar 2017,Prince of Wales,South Eastern Sydney,Principal referral,15060.0,76.5,2017-01-01,Metropolitan
Jan-Mar 2017,Queanbeyan,Southern NSW,District group 2,4728.0,81.7,2017-01-01,Regional
Jan-Mar 2017,Royal North Shore,Northern Sydney,Principal referral,21223.0,81.3,2017-01-01,Metropolitan
Jan-Mar 2017,Royal Prince Alfred,Sydney,Principal referral,19406.0,61.4,2017-01-01,Metropolitan
Jan-Mar 2017,Ryde,Northern Sydney,District group 1,6737.0,89.6,2017-01-01,Metropolitan
Jan-Mar 2017,Shellharbour,Illawarra Shoalhaven,District group 1,7632.0,74.5,2017-01-01,Metropolitan
Jan-Mar 2017,Shoalhaven,Illawarra Shoalhaven,Major,9800.0,64.4,2017-01-01,Metropolitan
Jan-Mar 2017,Singleton,Hunter New England,District group 2,2894.0,65.9,2017-01-01,Regional
Jan-Mar 2017,South East Regional,Southern NSW,District group 1,4231.0,66.9,2017-01-01,Regional
Jan-Mar 2017,St George,South Eastern Sydney,Principal referral,19829.0,72.1,2017-01-01,Metropolitan
Jan-Mar 2017,St Vincent's,St Vincent's Health Network,Principal referral,12377.0,75.7,2017-01-01,Specialty network
Jan-Mar 2017,Sutherland,South Eastern Sydney,Major,12686.0,65.1,2017-01-01,Metropolitan
Jan-Mar 2017,Sydney Children's Randwick,Sydney Children's Hospitals Network,Paediatric specialist,9098.0,66.3,2017-01-01,Specialty network
Jan-Mar 2017,Sydney and Sydney Eye,South Eastern Sydney,Ungrouped acute - tertiary referral,8688.0,85.3,2017-01-01,Metropolitan
Jan-Mar 2017,Tamworth,Hunter New England,Major,11784.0,71.3,2017-01-01,Regional
Jan-Mar 2017,Tweed Valley,Northern NSW,Major,13346.0,82.3,2017-01-01,Regional
Jan-Mar 2017,Wagga Wagga,Murrumbidgee,Major,9682.0,84.2,2017-01-01,Regional
Jan-Mar 2017,Westmead,Western Sydney,Principal referral,19221.0,35.8,2017-01-01,Metropolitan
Jan-Mar 2017,Wollongong,Illawarra Shoalhaven,Principal referral,16006.0,71.7,2017-01-01,Metropolitan
Jan-Mar 2017,Wyong,Central Coast,Major,16456.0,79.0,2017-01-01,Metropolitan
Jan-Mar 2017,Young,Murrumbidgee,District group 2,2411.0,93.8,2017-01-01,Regional
Jan-Mar 2018,Armidale,Hunter New England,District group 1,3881.0,70.5,2018-01-01,Regional
Jan-Mar 2018,Auburn,Western Sydney,Major,6955.0,68.7,2018-01-01,Metropolitan
Jan-Mar 2018,Ballina,Northern NSW,District group 2,4312.0,84.0,2018-01-01,Regional
Jan-Mar 2018,Bankstown-Lidcombe,South Western Sydney,Principal referral,13431.0,69.8,2018-01-01,Metropolitan
Jan-Mar 2018,Batemans Bay,Southern NSW,District group 2,4710.0,76.4,2018-01-01,Regional
Jan-Mar 2018,Bathurst,Western NSW,District group 1,6260.0,84.7,2018-01-01,Regional
Jan-Mar 2018,Belmont,Hunter New England,District group 1,6428.0,82.3,2018-01-01,Regional
Jan-Mar 2018,Blacktown,Western Sydney,Major,13076.0,65.3,2018-01-01,Metropolitan
Jan-Mar 2018,Blue Mountains,Nepean Blue Mountains,District group 2,4403.0,74.3,2018-01-01,Metropolitan
Jan-Mar 2018,Bowral,South Western Sydney,District group 1,4758.0,71.8,2018-01-01,Metropolitan
Jan-Mar 2018,Broken Hill,Far West,District group 1,4961.0,78.1,2018-01-01,Regional
Jan-Mar 2018,Byron Central,Northern NSW,District group 2,5634.0,80.7,2018-01-01,Regional
Jan-Mar 2018,Calvary Mater,Hunter New England,Ungrouped acute - tertiary referral,9306.0,85.9,2018-01-01,Regional
Jan-Mar 2018,Campbelltown,South Western Sydney,Major,18342.0,80.1,2018-01-01,Metropolitan
Jan-Mar 2018,Canterbury,Sydney,Major,11218.0,78.2,2018-01-01,Metropolitan
Jan-Mar 2018,Casino,Northern NSW,District group 2,3397.0,74.2,2018-01-01,Regional
Jan-Mar 2018,Cessnock,Hunter New England,District group 2,4251.0,75.5,2018-01-01,Regional
Jan-Mar 2018,Children's at Westmead,Sydney Children's Hospitals Network,Paediatric specialist,13984.0,61.8,2018-01-01,Specialty network
Jan-Mar 2018,Coffs Harbour,Mid North Coast,Major,10011.0,73.6,2018-01-01,Regional
Jan-Mar 2018,Concord,Sydney,Principal referral,9896.0,70.2,2018-01-01,Metropolitan
Jan-Mar 2018,Cooma,Southern NSW,District group 2,2734.0,76.5,2018-01-01,Regional
Jan-Mar 2018,Cowra,Western NSW,District group 2,1721.0,86.0,2018-01-01,Regional
Jan-Mar 2018,Deniliquin,Murrumbidgee,District group 2,2360.0,96.6,2018-01-01,Regional
Jan-Mar 2018,Dubbo,Western NSW,Major,8084.0,78.2,2018-01-01,Regional
Jan-Mar 2018,Fairfield,South Western Sydney,Major,8783.0,72.5,2018-01-01,Metropolitan
Jan-Mar 2018,Forbes,Western NSW,District group 2,1664.0,86.5,2018-01-01,Regional
Jan-Mar 2018,Gosford,Central Coast,Principal referral,17016.0,63.0,2018-01-01,Metropolitan
Jan-Mar 2018,Goulburn,Southern NSW,District group 1,4590.0,66.7,2018-01-01,Regional
Jan-Mar 2018,Grafton,Northern NSW,District group 1,6426.0,80.3,2018-01-01,Regional
Jan-Mar 2018,Griffith,Murrumbidgee,District group 1,5258.0,84.6,2018-01-01,Regional
Jan-Mar 2018,Gunnedah,Hunter New England,District group 2,2047.0,68.6,2018-01-01,Regional
Jan-Mar 2018,Hawkesbury,Nepean Blue Mountains,District group 1,6418.0,81.4,2018-01-01,Metropolitan
Jan-Mar 2018,Hornsby,Northern Sydney,Major,9968.0,90.5,2018-01-01,Metropolitan
Jan-Mar 2018,Inverell,Hunter New England,District group 2,2153.0,87.4,2018-01-01,Regional
Jan-Mar 2018,John Hunter,Hunter New England,Principal referral,19548.0,76.7,2018-01-01,Regional
Jan-Mar 2018,Kempsey,Mid North Coast,District group 2,7639.0,72.9,2018-01-01,Regional
Jan-Mar 2018,Kurri Kurri,Hunter New England,District group 2,965.0,90.3,2018-01-01,Regional
Jan-Mar 2018,Lismore,Northern NSW,Major,8995.0,74.2,2018-01-01,Regional
Jan-Mar 2018,Lithgow,Nepean Blue Mountains,District group 2,3059.0,89.8,2018-01-01,Metropolitan
Jan-Mar 2018,Liverpool,South Western Sydney,Principal referral,22034.0,81.1,2018-01-01,Metropolitan
Jan-Mar 2018,Macksville,Mid North Coast,District group 2,3841.0,80.6,2018-01-01,Regional
Jan-Mar 2018,Maclean,Northern NSW,District group 2,3203.0,84.7,2018-01-01,Regional
Jan-Mar 2018,Maitland,Hunter New England,Major,11728.0,72.4,2018-01-01,Regional
Jan-Mar 2018,Manly,Northern Sydney,Major,6588.0,89.8,2018-01-01,Metropolitan
Jan-Mar 2018,Manning,Hunter New England,Major,8457.0,71.8,2018-01-01,Regional
Jan-Mar 2018,Milton,Illawarra Shoalhaven,District group 2,3593.0,78.3,2018-01-01,Metropolitan
Jan-Mar 2018,Mona Vale,Northern Sydney,Major,8753.0,85.8,2018-01-01,Metropolitan
Jan-Mar 2018,Moree,Hunter New England,District group 2,2277.0,87.8,2018-01-01,Regional
Jan-Mar 2018,Moruya,Southern NSW,District group 2,2822.0,81.7,2018-01-01,Regional
Jan-Mar 2018,Mount Druitt,Western Sydney,District group 1,8465.0,78.2,2018-01-01,Metropolitan
Jan-Mar 2018,Mudgee,Western NSW,District group 2,2699.0,71.0,2018-01-01,Regional
Jan-Mar 2018,Murwillumbah,Northern NSW,District group 1,4529.0,88.4,2018-01-01,Regional
Jan-Mar 2018,Muswellbrook,Hunter New England,District group 2,2514.0,82.1,2018-01-01,Regional
Jan-Mar 2018,Narrabri,Hunter New England,District group 2,1355.0,94.1,2018-01-01,Regional
Jan-Mar 2018,Nepean,Nepean Blue Mountains,Principal referral,17762.0,54.4,2018-01-01,Metropolitan
Jan-Mar 2018,Orange,Western NSW,Major,7291.0,90.1,2018-01-01,Regional
Jan-Mar 2018,Port Macquarie,Mid North Coast,Major,8773.0,73.2,2018-01-01,Regional
Jan-Mar 2018,Prince of Wales,South Eastern Sydney,Principal referral,15872.0,71.4,2018-01-01,Metropolitan
Jan-Mar 2018,Queanbeyan,Southern NSW,District group 2,5281.0,78.6,2018-01-01,Regional
Jan-Mar 2018,Royal North Shore,Northern Sydney,Principal referral,22119.0,83.0,2018-01-01,Metropolitan
Jan-Mar 2018,Royal Prince Alfred,Sydney,Principal referral,19701.0,62.1,2018-01-01,Metropolitan
Jan-Mar 2018,Ryde,Northern Sydney,District group 1,6740.0,87.8,2018-01-01,Metropolitan
Jan-Mar 2018,Shellharbour,Illawarra Shoalhaven,District group 1,8046.0,70.7,2018-01-01,Metropolitan
Jan-Mar 2018,Shoalhaven,Illawarra Shoalhaven,Major,10429.0,65.9,2018-01-01,Metropolitan
Jan-Mar 2018,Singleton,Hunter New England,District group 2,2656.0,79.5,2018-01-01,Regional
Jan-Mar 2018,South East Regional,Southern NSW,District group 1,4607.0,76.4,2018-01-01,Regional
Jan-Mar 2018,St George,South Eastern Sydney,Principal referral,19913.0,75.8,2018-01-01,Metropolitan
Jan-Mar 2018,St Vincent's,St Vincent's Health Network,Principal referral,12383.0,75.8,2018-01-01,Specialty network
Jan-Mar 2018,Sutherland,South Eastern Sydney,Major,13009.0,65.4,2018-01-01,Metropolitan
Jan-Mar 2018,Sydney Children's Randwick,Sydney Children's Hospitals Network,Paediatric specialist,8548.0,69.1,2018-01-01,Specialty network
Jan-Mar 2018,Sydney and Sydney Eye,South Eastern Sydney,Ungrouped acute - tertiary referral,8279.0,82.4,2018-01-01,Metropolitan
Jan-Mar 2018,Tamworth,Hunter New England,Major,10898.0,71.9,2018-01-01,Regional
Jan-Mar 2018,Tweed Valley,Northern NSW,Major,13501.0,83.6,2018-01-01,Regional
Jan-Mar 2018,Wagga Wagga,Murrumbidgee,Major,10286.0,84.2,2018-01-01,Regional
Jan-Mar 2018,Westmead,Western Sydney,Principal referral,19662.0,62.1,2018-01-01,Metropolitan
Jan-Mar 2018,Wollongong,Illawarra Shoalhaven,Principal referral,17423.0,73.2,2018-01-01,Metropolitan
Jan-Mar 2018,Wyong,Central Coast,Major,17010.0,76.1,2018-01-01,Metropolitan
Jan-Mar 2018,Young,Murrumbidgee,District group 2,1832.0,94.4,2018-01-01,Regional
Jan-Mar 2019,Armidale,Hunter New England,District group 1,4207.0,65.6,2019-01-01,Regional
Jan-Mar 2019,Auburn,Western Sydney,Major,7419.0,49.7,2019-01-01,Metropolitan
Jan-Mar 2019,Ballina,Northern NSW,District group 2,4660.0,76.7,2019-01-01,Regional
Jan-Mar 2019,Bankstown-Lidcombe,South Western Sydney,Principal referral,14441.0,59.9,2019-01-01,Metropolitan
Jan-Mar 2019,Batemans Bay,Southern NSW,District group 2,4861.0,68.6,2019-01-01,Regional
Jan-Mar 2019,Bathurst,Western NSW,District group 1,6769.0,87.6,2019-01-01,Regional
Jan-Mar 2019,Belmont,Hunter New England,District group 1,7008.0,79.0,2019-01-01,Regional
Jan-Mar 2019,Blacktown,Western Sydney,Major,14286.0,72.4,2019-01-01,Metropolitan
Jan-Mar 2019,Blue Mountains,Nepean Blue Mountains,District group 2,4627.0,74.8,2019-01-01,Metropolitan
Jan-Mar 2019,Bowral,South Western Sydney,District group 1,4889.0,61.2,2019-01-01,Metropolitan
Jan-Mar 2019,Broken Hill,Far West,District group 1,5098.0,68.3,2019-01-01,Regional
Jan-Mar 2019,Byron Central,Northern NSW,District group 2,5907.0,79.1,2019-01-01,Regional
Jan-Mar 2019,Calvary Mater,Hunter New England,Ungrouped acute - tertiary referral,10302.0,84.5,2019-01-01,Regional
Jan-Mar 2019,Campbelltown,South Western Sydney,Major,21013.0,75.2,2019-01-01,Metropolitan
Jan-Mar 2019,Canterbury,Sydney,Major,11926.0,70.6,2019-01-01,Metropolitan
Jan-Mar 2019,Casino,Northern NSW,District group 2,3325.0,69.8,2019-01-01,Regional
Jan-Mar 2019,Cessnock,Hunter New England,District group 2,4447.0,71.2,2019-01-01,Regional
Jan-Mar 2019,Children's at Westmead,Sydney Children's Hospitals Network,Paediatric specialist,15296.0,62.9,2019-01-01,Specialty network
Jan-Mar 2019,Coffs Harbour,Mid North Coast,Major,10785.0,77.3,2019-01-01,Regional
Jan-Mar 2019,Concord,Sydney,Principal referral,10826.0,69.8,2019-01-01,Metropolitan
Jan-Mar 2019,Cooma,Southern NSW,District group 2,2695.0,78.6,2019-01-01,Regional
Jan-Mar 2019,Cowra,Western NSW,District group 2,1859.0,91.4,2019-01-01,Regional
Jan-Mar 2019,Deniliquin,Murrumbidgee,District group 2,2500.0,95.8,2019-01-01,Regional
Jan-Mar 2019,Dubbo,Western NSW,Major,8586.0,73.2,2019-01-01,Regional
Jan-Mar 2019,Fairfield,South Western Sydney,Major,9720.0,63.0,2019-01-01,Metropolitan
Jan-Mar 2019,Forbes,Western NSW,District group 2,2055.0,86.4,2019-01-01,Regional
Jan-Mar 2019,Gosford,Central Coast,Principal referral,19021.0,61.4,2019-01-01,Metropolitan
Jan-Mar 2019,Goulburn,Southern NSW,District group 1,4841.0,66.7,2019-01-01,Regional
Jan-Mar 2019,Grafton,Northern NSW,District group 1,6611.0,80.6,2019-01-01,Regional
Jan-Mar 2019,Griffith,Murrumbidgee,District group 1,5442.0,87.6,2019-01-01,Regional
Jan-Mar 2019,Gunnedah,Hunter New England,District group 2,2089.0,74.0,2019-01-01,Regional
Jan-Mar 2019,Hawkesbury,Nepean Blue Mountains,District group 1,6911.0,74.1,2019-01-01,Metropolitan
Jan-Mar 2019,Hornsby,Northern Sydney,Major,10579.0,85.4,2019-01-01,Metropolitan
Jan-Mar 2019,Inverell,Hunter New England,District group 2,2210.0,87.3,2019-01-01,Regional
Jan-Mar 2019,John Hunter,Hunter New England,Principal referral,21225.0,71.6,2019-01-01,Regional
Jan-Mar 2019,Kempsey,Mid North Coast,District group 2,7348.0,75.2,2019-01-01,Regional
Jan-Mar 2019,Kurri Kurri,Hunter New England,District group 2,949.0,91.6,2019-01-01,Regional
Jan-Mar 2019,Lismore,Northern NSW,Major,9394.0,69.3,2019-01-01,Regional
Jan-Mar 2019,Lithgow,Nepean Blue Mountains,District group 2,3299.0,91.3,2019-01-01,Metropolitan
Jan-Mar 2019,Liverpool,South Western Sydney,Principal referral,23807.0,73.0,2019-01-01,Metropolitan
Jan-Mar 2019,Macksville,Mid North Coast,District group 2,3571.0,77.7,2019-01-01,Regional
Jan-Mar 2019,Maclean,Northern NSW,District group 2,3478.0,77.8,2019-01-01,Regional
Jan-Mar 2019,Maitland,Hunter New England,Major,12830.0,65.3,2019-01-01,Regional
Jan-Mar 2019,Manning,Hunter New England,Major,8684.0,66.4,2019-01-01,Regional
Jan-Mar 2019,Milton,Illawarra Shoalhaven,District group 2,3668.0,76.0,2019-01-01,Metropolitan
Jan-Mar 2019,Moree,Hunter New England,District group 2,2013.0,87.2,2019-01-01,Regional
Jan-Mar 2019,Moruya,Southern NSW,District group 2,3198.0,71.2,2019-01-01,Regional
Jan-Mar 2019,Mount Druitt,Western Sydney,District group 1,9647.0,67.6,2019-01-01,Metropolitan
Jan-Mar 2019,Mudgee,Western NSW,District group 2,3019.0,74.7,2019-01-01,Regional
Jan-Mar 2019,Murwillumbah,Northern NSW,District group 1,4529.0,86.7,2019-01-01,Regional
Jan-Mar 2019,Muswellbrook,Hunter New England,District group 2,2573.0,75.5,2019-01-01,Regional
Jan-Mar 2019,Narrabri,Hunter New England,District group 2,1368.0,93.0,2019-01-01,Regional
Jan-Mar 2019,Nepean,Nepean Blue Mountains,Principal referral,18397.0,50.9,2019-01-01,Metropolitan
Jan-Mar 2019,Northern Beaches,Northern Sydney,Major,15086.0,63.1,2019-01-01,Metropolitan
Jan-Mar 2019,Orange,Western NSW,Major,7779.0,80.6,2019-01-01,Regional
Jan-Mar 2019,Port Macquarie,Mid North Coast,Major,10064.0,79.8,2019-01-01,Regional
Jan-Mar 2019,Prince of Wales,South Eastern Sydney,Principal referral,16366.0,67.3,2019-01-01,Metropolitan
Jan-Mar 2019,Queanbeyan,Southern NSW,District group 2,5774.0,83.2,2019-01-01,Regional
Jan-Mar 2019,Royal North Shore,Northern Sydney,Principal referral,22361.0,77.4,2019-01-01,Metropolitan
Jan-Mar 2019,Royal Prince Alfred,Sydney,Principal referral,21148.0,63.6,2019-01-01,Metropolitan
Jan-Mar 2019,Ryde,Northern Sydney,District group 1,7415.0,81.1,2019-01-01,Metropolitan
Jan-Mar 2019,Shellharbour,Illawarra Shoalhaven,District group 1,8709.0,70.2,2019-01-01,Metropolitan
Jan-Mar 2019,Shoalhaven,Illawarra Shoalhaven,Major,11194.0,55.0,2019-01-01,Metropolitan
Jan-Mar 2019,Singleton,Hunter New England,District group 2,3086.0,73.1,2019-01-01,Regional
Jan-Mar 2019,South East Regional,Southern NSW,District group 1,5074.0,72.0,2019-01-01,Regional
Jan-Mar 2019,St George,South Eastern Sydney,Principal referral,20950.0,63.7,2019-01-01,Metropolitan
Jan-Mar 2019,St Vincent's,St Vincent's Health Network,Principal referral,13365.0,74.7,2019-01-01,Specialty network
Jan-Mar 2019,Sutherland,South Eastern Sydney,Major,14549.0,64.2,2019-01-01,Metropolitan
Jan-Mar 2019,Sydney Children's Randwick,Sydney Children's Hospitals Network,Paediatric specialist,8946.0,63.6,2019-01-01,Specialty network
Jan-Mar 2019,Sydney and Sydney Eye,South Eastern Sydney,Ungrouped acute - tertiary referral,8493.0,83.4,2019-01-01,Metropolitan
Jan-Mar 2019,Tamworth,Hunter New England,Major,10590.0,71.4,2019-01-01,Regional
Jan-Mar 2019,Tweed Valley,Northern NSW,Major,13491.0,79.6,2019-01-01,Regional
Jan-Mar 2019,Wagga Wagga,Murrumbidgee,Major,11487.0,79.6,2019-01-01,Regional
Jan-Mar 2019,Westmead,Western Sydney,Principal referral,20085.0,47.2,2019-01-01,Metropolitan
Jan-Mar 2019,Wollongong,Illawarra Shoalhaven,Principal referral,18239.0,72.9,2019-01-01,Metropolitan
Jan-Mar 2019,Wyong,Central Coast,Major,18011.0,70.2,2019-01-01,Metropolitan
Jan-Mar 2019,Young,Murrumbidgee,District group 2,2215.0,94.9,2019-01-01,Regional
Jan-Mar 2020,Armidale,Hunter New England,District group 1,4099.0,54.9,2020-01-01,Regional
Jan-Mar 2020,Auburn,Western Sydney,Major,7694.0,63.2,2020-01-01,Metropolitan
Jan-Mar 2020,Ballina,Northern NSW,District group 2,4761.0,73.9,2020-01-01,Regional
Jan-Mar 2020,Bankstown-Lidcombe,South Western Sydney,Principal referral,14804.0,66.8,2020-01-01,Metropolitan
Jan-Mar 2020,Batemans Bay,Southern NSW,District group 2,3746.0,76.5,2020-01-01,Regional
Jan-Mar 2020,Bathurst,Western NSW,District group 1,6665.0,86.6,2020-01-01,Regional
Jan-Mar 2020,Belmont,Hunter New England,District group 1,7141.0,74.4,2020-01-01,Regional
Jan-Mar 2020,Blacktown,Western Sydney,Major,14253.0,68.9,2020-01-01,Metropolitan
Jan-Mar 2020,Blue Mountains,Nepean Blue Mountains,District group 2,4412.0,71.2,2020-01-01,Metropolitan
Jan-Mar 2020,Bowral,South Western Sydney,District group 1,4895.0,67.0,2020-01-01,Metropolitan
Jan-Mar 2020,Broken Hill,Far West,District group 1,5201.0,69.0,2020-01-01,Regional
Jan-Mar 2020,Byron Central,Northern NSW,District group 2,5740.0,80.3,2020-01-01,Regional
Jan-Mar 2020,Calvary Mater,Hunter New England,Ungrouped acute - tertiary referral,9817.0,81.2,2020-01-01,Regional
Jan-Mar 2020,Campbelltown,South Western Sydney,Major,21033.0,80.4,2020-01-01,Metropolitan
Jan-Mar 2020,Canterbury,Sydney,Major,11871.0,74.1,2020-01-01,Metropolitan
Jan-Mar 2020,Casino,Northern NSW,District group 2,3407.0,73.2,2020-01-01,Regional
Jan-Mar 2020,Cessnock,Hunter New England,District group 2,4338.0,69.2,2020-01-01,Regional
Jan-Mar 2020,Children's at Westmead,Sydney Children's Hospitals Network,Paediatric specialist,14285.0,78.1,2020-01-01,Specialty network
Jan-Mar 2020,Coffs Harbour,Mid North Coast,Major,10781.0,73.4,2020-01-01,Regional
Jan-Mar 2020,Concord,Sydney,Principal referral,12715.0,70.5,2020-01-01,Metropolitan
Jan-Mar 2020,Cooma,Southern NSW,District group 2,2664.0,84.3,2020-01-01,Regional
Jan-Mar 2020,Cowra,Western NSW,District group 2,1787.0,92.2,2020-01-01,Regional
Jan-Mar 2020,Deniliquin,Murrumbidgee,District group 2,2365.0,97.7,2020-01-01,Regional
Jan-Mar 2020,Dubbo,Western NSW,Major,9389.0,73.8,2020-01-01,Regional
Jan-Mar 2020,Fairfield,South Western Sydney,Major,9442.0,70.1,2020-01-01,Metropolitan
Jan-Mar 2020,Forbes,Western NSW,District group 2,2225.0,87.5,2020-01-01,Regional
Jan-Mar 2020,Gosford,Central Coast,Principal referral,19019.0,61.3,2020-01-01,Metropolitan
Jan-Mar 2020,Goulburn,Southern NSW,District group 1,4693.0,70.7,2020-01-01,Regional
Jan-Mar 2020,Grafton,Northern NSW,District group 1,6636.0,71.4,2020-01-01,Regional
Jan-Mar 2020,Griffith,Murrumbidgee,District group 1,5696.0,86.4,2020-01-01,Regional
Jan-Mar 2020,Gunnedah,Hunter New England,District group 2,2459.0,67.3,2020-01-01,Regional
Jan-Mar 2020,Hawkesbury,Nepean Blue Mountains,District group 1,6703.0,75.4,2020-01-01,Metropolitan
Jan-Mar 2020,Hornsby,Northern Sydney,Major,10499.0,87.6,2020-01-01,Metropolitan
Jan-Mar 2020,Inverell,Hunter New England,District group 2,2408.0,80.7,2020-01-01,Regional
Jan-Mar 2020,John Hunter,Hunter New England,Principal referral,21425.0,77.9,2020-01-01,Regional
Jan-Mar 2020,Kempsey,Mid North Coast,District group 2,7462.0,75.7,2020-01-01,Regional
Jan-Mar 2020,Kurri Kurri,Hunter New England,District group 2,668.0,94.8,2020-01-01,Regional
Jan-Mar 2020,Lismore,Northern NSW,Major,10139.0,71.4,2020-01-01,Regional
Jan-Mar 2020,Lithgow,Nepean Blue Mountains,District group 2,3002.0,89.1,2020-01-01,Metropolitan
Jan-Mar 2020,Liverpool,South Western Sydney,Principal referral,24403.0,72.2,2020-01-01,Metropolitan
Jan-Mar 2020,Macksville,Mid North Coast,District group 2,3442.0,80.6,2020-01-01,Regional
Jan-Mar 2020,Maclean,Northern NSW,District group 2,3386.0,65.3,2020-01-01,Regional
Jan-Mar 2020,Maitland,Hunter New England,Major,12457.0,61.7,2020-01-01,Regional
Jan-Mar 2020,Manning,Hunter New England,Major,8457.0,79.5,2020-01-01,Regional
Jan-Mar 2020,Milton,Illawarra Shoalhaven,District group 2,3736.0,74.8,2020-01-01,Metropolitan
Jan-Mar 2020,Moree,Hunter New England,District group 2,2560.0,76.8,2020-01-01,Regional
Jan-Mar 2020,Moruya,Southern NSW,District group 2,2668.0,76.9,2020-01-01,Regional
Jan-Mar 2020,Mount Druitt,Western Sydney,District group 1,9588.0,62.9,2020-01-01,Metropolitan
Jan-Mar 2020,Mudgee,Western NSW,District group 2,3103.0,78.4,2020-01-01,Regional
Jan-Mar 2020,Murwillumbah,Northern NSW,District group 1,4408.0,83.4,2020-01-01,Regional
Jan-Mar 2020,Muswellbrook,Hunter New England,District group 2,2759.0,77.5,2020-01-01,Regional
Jan-Mar 2020,Narrabri,Hunter New England,District group 2,1295.0,87.9,2020-01-01,Regional
Jan-Mar 2020,Nepean,Nepean Blue Mountains,Principal referral,18121.0,53.6,2020-01-01,Metropolitan
Jan-Mar 2020,Northern Beaches,Northern Sydney,Major,18169.0,81.7,2020-01-01,Metropolitan
Jan-Mar 2020,Orange,Western NSW,Major,7792.0,83.6,2020-01-01,Regional
Jan-Mar 2020,Port Macquarie,Mid North Coast,Major,10699.0,78.9,2020-01-01,Regional
Jan-Mar 2020,Prince of Wales,South Eastern Sydney,Principal referral,15907.0,65.9,2020-01-01,Metropolitan
Jan-Mar 2020,Queanbeyan,Southern NSW,District group 2,5964.0,80.3,2020-01-01,Regional
Jan-Mar 2020,Royal North Shore,Northern Sydney,Principal referral,23289.0,79.9,2020-01-01,Metropolitan
Jan-Mar 2020,Royal Prince Alfred,Sydney,Principal referral,25118.0,65.6,2020-01-01,Metropolitan
Jan-Mar 2020,Ryde,Northern Sydney,District group 1,7218.0,78.8,2020-01-01,Metropolitan
Jan-Mar 2020,Shellharbour,Illawarra Shoalhaven,District group 1,8321.0,66.1,2020-01-01,Metropolitan
Jan-Mar 2020,Shoalhaven,Illawarra Shoalhaven,Major,9802.0,66.2,2020-01-01,Metropolitan
Jan-Mar 2020,Singleton,Hunter New England,District group 2,3140.0,70.2,2020-01-01,Regional
Jan-Mar 2020,South East Regional,Southern NSW,District group 1,4481.0,81.8,2020-01-01,Regional
Jan-Mar 2020,St George,South Eastern Sydney,Principal referral,21644.0,69.4,2020-01-01,Metropolitan
Jan-Mar 2020,St Vincent's,St Vincent's Health Network,Principal referral,16014.0,75.5,2020-01-01,Specialty network
Jan-Mar 2020,Sutherland,South Eastern Sydney,Major,16652.0,71.5,2020-01-01,Metropolitan
Jan-Mar 2020,Sydney Children's Randwick,Sydney Children's Hospitals Network,Paediatric specialist,8961.0,60.8,2020-01-01,Specialty network
Jan-Mar 2020,Sydney and Sydney Eye,South Eastern Sydney,Ungrouped acute - tertiary referral,8021.0,85.6,2020-01-01,Metropolitan
Jan-Mar 2020,Tamworth,Hunter New England,Major,11106.0,67.9,2020-01-01,Regional
Jan-Mar 2020,Tweed Valley,Northern NSW,Major,13631.0,80.0,2020-01-01,Regional
Jan-Mar 2020,Wagga Wagga,Murrumbidgee,Major,11381.0,88.0,2020-01-01,Regional
Jan-Mar 2020,Westmead,Western Sydney,Principal referral,19078.0,59.0,2020-01-01,Metropolitan
Jan-Mar 2020,Wollongong,Illawarra Shoalhaven,Principal referral,18388.0,72.2,2020-01-01,Metropolitan
Jan-Mar 2020,Wyong,Central Coast,Major,18088.0,69.6,2020-01-01,Metropolitan
Jan-Mar 2020,Young,Murrumbidgee,District group 2,2173.0,96.6,2020-01-01,Regional
Jan-Mar 2021,Armidale,Hunter New England,District group 1,4398.0,67.3,2021-01-01,Regional
Jan-Mar 2021,Auburn,Western Sydney,Major,7282.0,74.1,2021-01-01,Metropolitan
Jan-Mar 2021,Ballina,Northern NSW,District group 2,4962.0,66.9,2021-01-01,Regional
Jan-Mar 2021,Bankstown-Lidcombe,South Western Sydney,Principal referral,13223.0,73.1,2021-01-01,Metropolitan
Jan-Mar 2021,Batemans Bay,Southern NSW,District group 2,3698.0,73.0,2021-01-01,Regional
Jan-Mar 2021,Bathurst,Western NSW,District group 1,10677.0,87.3,2021-01-01,Regional
Jan-Mar 2021,Belmont,Hunter New England,District group 1,7417.0,69.6,2021-01-01,Regional
Jan-Mar 2021,Blacktown,Western Sydney,Major,14523.0,47.2,2021-01-01,Metropolitan
Jan-Mar 2021,Blue Mountains,Nepean Blue Mountains,District group 2,4611.0,78.1,2021-01-01,Metropolitan
Jan-Mar 2021,Bowral,South Western Sydney,District group 1,5211.0,79.7,2021-01-01,Metropolitan
Jan-Mar 2021,Broken Hill,Far West,District group 1,4914.0,57.8,2021-01-01,Regional
Jan-Mar 2021,Byron Central,Northern NSW,District group 2,5952.0,77.3,2021-01-01,Regional
Jan-Mar 2021,Calvary Mater,Hunter New England,Ungrouped acute - tertiary referral,10275.0,81.3,2021-01-01,Regional
Jan-Mar 2021,Campbelltown,South Western Sydney,Major,20219.0,84.7,2021-01-01,Metropolitan
Jan-Mar 2021,Canterbury,Sydney,Major,10972.0,80.1,2021-01-01,Metropolitan
Jan-Mar 2021,Casino,Northern NSW,District group 2,3268.0,69.8,2021-01-01,Regional
Jan-Mar 2021,Cessnock,Hunter New England,District group 2,4463.0,66.4,2021-01-01,Regional
Jan-Mar 2021,Children's at Westmead,Sydney Children's Hospitals Network,Paediatric specialist,14044.0,72.7,2021-01-01,Specialty network
Jan-Mar 2021,Coffs Harbour,Mid North Coast,Major,11457.0,70.2,2021-01-01,Regional
Jan-Mar 2021,Concord,Sydney,Principal referral,9973.0,74.8,2021-01-01,Metropolitan
Jan-Mar 2021,Cooma,Southern NSW,District group 2,2775.0,78.1,2021-01-01,Regional
Jan-Mar 2021,Cowra,Western NSW,District group 2,1815.0,92.7,2021-01-01,Regional
Jan-Mar 2021,Deniliquin,Murrumbidgee,District group 2,2375.0,97.5,2021-01-01,Regional
Jan-Mar 2021,Dubbo,Western NSW,Major,13173.0,79.6,2021-01-01,Regional
Jan-Mar 2021,Fairfield,South Western Sydney,Major,8651.0,78.3,2021-01-01,Metropolitan
Jan-Mar 2021,Forbes,Western NSW,District group 2,2095.0,85.8,2021-01-01,Regional
Jan-Mar 2021,Gosford,Central Coast,Principal referral,20059.0,59.0,2021-01-01,Metropolitan
Jan-Mar 2021,Goulburn,Southern NSW,District group 1,4276.0,67.7,2021-01-01,Regional
Jan-Mar 2021,Grafton,Northern NSW,District group 1,6937.0,66.5,2021-01-01,Regional
Jan-Mar 2021,Griffith,Murrumbidgee,District group 1,5023.0,86.3,2021-01-01,Regional
Jan-Mar 2021,Gunnedah,Hunter New England,District group 2,2447.0,80.7,2021-01-01,Regional
Jan-Mar 2021,Hawkesbury,Nepean Blue Mountains,District group 1,6775.0,75.2,2021-01-01,Metropolitan
Jan-Mar 2021,Hornsby,Northern Sydney,Major,10596.0,88.4,2021-01-01,Metropolitan
Jan-Mar 2021,Inverell,Hunter New England,District group 2,2534.0,87.1,2021-01-01,Regional
Jan-Mar 2021,John Hunter,Hunter New England,Principal referral,22204.0,73.0,2021-01-01,Regional
Jan-Mar 2021,Kempsey,Mid North Coast,District group 2,7312.0,72.7,2021-01-01,Regional
Jan-Mar 2021,Kurri Kurri,Hunter New England,District group 2,549.0,96.6,2021-01-01,Regional
Jan-Mar 2021,Lismore,Northern NSW,Major,10579.0,62.6,2021-01-01,Regional
Jan-Mar 2021,Lithgow,Nepean Blue Mountains,District group 2,2941.0,87.6,2021-01-01,Metropolitan
Jan-Mar 2021,Liverpool,South Western Sydney,Principal referral,22224.0,73.8,2021-01-01,Metropolitan
Jan-Mar 2021,Macksville,Mid North Coast,District group 2,3620.0,82.2,2021-01-01,Regional
Jan-Mar 2021,Maclean,Northern NSW,District group 2,3456.0,72.7,2021-01-01,Regional
Jan-Mar 2021,Maitland,Hunter New England,Major,13081.0,61.5,2021-01-01,Regional
Jan-Mar 2021,Manning,Hunter New England,Major,8863.0,80.0,2021-01-01,Regional
Jan-Mar 2021,Milton,Illawarra Shoalhaven,District group 2,4257.0,69.7,2021-01-01,Metropolitan
Jan-Mar 2021,Moree,Hunter New England,District group 2,2567.0,73.7,2021-01-01,Regional
Jan-Mar 2021,Moruya,Southern NSW,District group 2,2951.0,62.6,2021-01-01,Regional
Jan-Mar 2021,Mount Druitt,Western Sydney,District group 1,8438.0,62.7,2021-01-01,Metropolitan
Jan-Mar 2021,Mudgee,Western NSW,District group 2,3456.0,72.2,2021-01-01,Regional
Jan-Mar 2021,Murwillumbah,Northern NSW,District group 1,4526.0,87.3,2021-01-01,Regional
Jan-Mar 2021,Muswellbrook,Hunter New England,District group 2,3026.0,64.9,2021-01-01,Regional
Jan-Mar 2021,Narrabri,Hunter New England,District group 2,1302.0,89.0,2021-01-01,Regional
Jan-Mar 2021,Nepean,Nepean Blue Mountains,Principal referral,18344.0,47.5,2021-01-01,Metropolitan
Jan-Mar 2021,Northern Beaches,Northern Sydney,Major,23551.0,83.3,2021-01-01,Metropolitan
Jan-Mar 2021,Orange,Western NSW,Major,8457.0,74.8,2021-01-01,Regional
Jan-Mar 2021,Port Macquarie,Mid North Coast,Major,11966.0,58.1,2021-01-01,Regional
Jan-Mar 2021,Prince of Wales,South Eastern Sydney,Principal referral,15038.0,70.2,2021-01-01,Metropolitan
Jan-Mar 2021,Queanbeyan,Southern NSW,District group 2,5705.0,89.5,2021-01-01,Regional
Jan-Mar 2021,Royal North Shore,Northern Sydney,Principal referral,20751.0,75.4,2021-01-01,Metropolitan
Jan-Mar 2021,Royal Prince Alfred,Sydney,Principal referral,19560.0,65.0,2021-01-01,Metropolitan
Jan-Mar 2021,Ryde,Northern Sydney,District group 1,6997.0,83.5,2021-01-01,Metropolitan
Jan-Mar 2021,Shellharbour,Illawarra Shoalhaven,District group 1,8977.0,68.9,2021-01-01,Metropolitan
Jan-Mar 2021,Shoalhaven,Illawarra Shoalhaven,Major,10640.0,59.4,2021-01-01,Metropolitan
Jan-Mar 2021,Singleton,Hunter New England,District group 2,3763.0,74.5,2021-01-01,Regional
Jan-Mar 2021,South East Regional,Southern NSW,District group 1,5072.0,62.7,2021-01-01,Regional
Jan-Mar 2021,St George,South Eastern Sydney,Principal referral,19547.0,65.5,2021-01-01,Metropolitan
Jan-Mar 2021,St Vincent's,St Vincent's Health Network,Principal referral,11393.0,78.6,2021-01-01,Specialty network
Jan-Mar 2021,Sutherland,South Eastern Sydney,Major,15011.0,67.2,2021-01-01,Metropolitan
Jan-Mar 2021,Sydney Children's Randwick,Sydney Children's Hospitals Network,Paediatric specialist,8972.0,67.3,2021-01-01,Specialty network
Jan-Mar 2021,Sydney and Sydney Eye,South Eastern Sydney,Ungrouped acute - tertiary referral,6634.0,87.1,2021-01-01,Metropolitan
Jan-Mar 2021,Tamworth,Hunter New England,Major,11359.0,55.0,2021-01-01,Regional
Jan-Mar 2021,Tweed Valley,Northern NSW,Major,13276.0,72.3,2021-01-01,Regional
Jan-Mar 2021,Wagga Wagga,Murrumbidgee,Major,11192.0,84.0,2021-01-01,Regional
Jan-Mar 2021,Westmead,Western Sydney,Principal referral,19129.0,46.0,2021-01-01,Metropolitan
Jan-Mar 2021,Wollongong,Illawarra Shoalhaven,Principal referral,18468.0,74.4,2021-01-01,Metropolitan
Jan-Mar 2021,Wyong,Central Coast,Major,18381.0,64.1,2021-01-01,Metropolitan
Jan-Mar 2021,Young,Murrumbidgee,District group 2,1810.0,94.2,2021-01-01,Regional
Jan-Mar 2022,Armidale,Hunter New England,District group 1,4406.0,57.2,2022-01-01,Regional
Jan-Mar 2022,Auburn,Western Sydney,Major,8075.0,74.7,2022-01-01,Metropolitan
Jan-Mar 2022,Ballina,Northern NSW,District group 2,4584.0,68.1,2022-01-01,Regional
Jan-Mar 2022,Bankstown-Lidcombe,South Western Sydney,Principal referral,14448.0,60.8,2022-01-01,Metropolitan
Jan-Mar 2022,Batemans Bay,Southern NSW,District group 2,3068.0,78.9,2022-01-01,Regional
Jan-Mar 2022,Bathurst,Western NSW,District group 1,6714.0,77.1,2022-01-01,Regional
Jan-Mar 2022,Belmont,Hunter New England,District group 1,6778.0,65.4,2022-01-01,Regional
Jan-Mar 2022,Blacktown,Western Sydney,Major,14664.0,42.7,2022-01-01,Metropolitan
Jan-Mar 2022,Blue Mountains,Nepean Blue Mountains,District group 2,4757.0,68.9,2022-01-01,Metropolitan
Jan-Mar 2022,Bowral,South Western Sydney,District group 1,5429.0,85.6,2022-01-01,Metropolitan
Jan-Mar 2022,Broken Hill,Far West,District group 1,4495.0,75.8,2022-01-01,Regional
Jan-Mar 2022,Byron Central,Northern NSW,District group 2,5597.0,87.5,2022-01-01,Regional
Jan-Mar 2022,Calvary Mater,Hunter New England,Ungrouped acute - tertiary referral,9443.0,79.5,2022-01-01,Regional
Jan-Mar 2022,Campbelltown,South Western Sydney,Major,20926.0,76.6,2022-01-01,Metropolitan
Jan-Mar 2022,Canterbury,Sydney,Major,11433.0,73.1,2022-01-01,Metropolitan
Jan-Mar 2022,Casino,Northern NSW,District group 2,3400.0,64.0,2022-01-01,Regional
Jan-Mar 2022,Cessnock,Hunter New England,District group 2,4294.0,68.8,2022-01-01,Regional
Jan-Mar 2022,Children's at Westmead,Sydney Children's Hospitals Network,Paediatric specialist,14251.0,78.7,2022-01-01,Specialty network
Jan-Mar 2022,Coffs Harbour,Mid North Coast,Major,10114.0,67.6,2022-01-01,Regional
Jan-Mar 2022,Concord,Sydney,Principal referral,9763.0,75.5,2022-01-01,Metropolitan
Jan-Mar 2022,Cooma,Southern NSW,District group 2,2570.0,87.6,2022-01-01,Regional
Jan-Mar 2022,Cowra,Western NSW,District group 2,1926.0,91.5,2022-01-01,Regional
Jan-Mar 2022,Deniliquin,Murrumbidgee,District group 2,2323.0,98.3,2022-01-01,Regional
Jan-Mar 2022,Dubbo,Western NSW,Major,9491.0,84.8,2022-01-01,Regional
Jan-Mar 2022,Fairfield,South Western Sydney,Major,8735.0,72.6,2022-01-01,Metropolitan
Jan-Mar 2022,Forbes,Western NSW,District group 2,2011.0,88.0,2022-01-01,Regional
Jan-Mar 2022,Gosford,Central Coast,Principal referral,18998.0,49.5,2022-01-01,Metropolitan
Jan-Mar 2022,Goulburn,Southern NSW,District group 1,4630.0,66.4,2022-01-01,Regional
Jan-Mar 2022,Grafton,Northern NSW,District group 1,6037.0,69.9,2022-01-01,Regional
Jan-Mar 2022,Griffith,Murrumbidgee,District group 1,5492.0,76.3,2022-01-01,Regional
Jan-Mar 2022,Gunnedah,Hunter New England,District group 2,1813.0,99.3,2022-01-01,Regional
Jan-Mar 2022,Hawkesbury,Nepean Blue Mountains,District group 1,6657.0,68.0,2022-01-01,Metropolitan
Jan-Mar 2022,Hornsby,Northern Sydney,Major,10386.0,83.3,2022-01-01,Metropolitan
Jan-Mar 2022,Inverell,Hunter New England,District group 2,2208.0,73.3,2022-01-01,Regional
Jan-Mar 2022,John Hunter,Hunter New England,Principal referral,20569.0,67.3,2022-01-01,Regional
Jan-Mar 2022,Kempsey,Mid North Coast,District group 2,6343.0,82.3,2022-01-01,Regional
Jan-Mar 2022,Kurri Kurri,Hunter New England,District group 2,525.0,98.3,2022-01-01,Regional
Jan-Mar 2022,Lismore,Northern NSW,Major,9481.0,64.3,2022-01-01,Regional
Jan-Mar 2022,Lithgow,Nepean Blue Mountains,District group 2,2992.0,80.4,2022-01-01,Metropolitan
Jan-Mar 2022,Liverpool,South Western Sydney,Principal referral,21875.0,72.9,2022-01-01,Metropolitan
Jan-Mar 2022,Macksville,Mid North Coast,District group 2,3077.0,88.8,2022-01-01,Regional
Jan-Mar 2022,Maclean,Northern NSW,District group 2,3552.0,86.3,2022-01-01,Regional
Jan-Mar 2022,Maitland,Hunter New England,Major,13979.0,50.9,2022-01-01,Regional
Jan-Mar 2022,Manning,Hunter New England,Major,8217.0,79.1,2022-01-01,Regional
Jan-Mar 2022,Milton,Illawarra Shoalhaven,District group 2,3890.0,75.9,2022-01-01,Metropolitan
Jan-Mar 2022,Moree,Hunter New England,District group 2,2511.0,75.4,2022-01-01,Regional
Jan-Mar 2022,Moruya,Southern NSW,District group 2,2670.0,74.3,2022-01-01,Regional
Jan-Mar 2022,Mount Druitt,Western Sydney,District group 1,9463.0,56.2,2022-01-01,Metropolitan
Jan-Mar 2022,Mudgee,Western NSW,District group 2,3471.0,69.9,2022-01-01,Regional
Jan-Mar 2022,Murwillumbah,Northern NSW,District group 1,4277.0,85.9,2022-01-01,Regional
Jan-Mar 2022,Muswellbrook,Hunter New England,District group 2,2832.0,75.6,2022-01-01,Regional
Jan-Mar 2022,Narrabri,Hunter New England,District group 2,1278.0,90.3,2022-01-01,Regional
Jan-Mar 2022,Nepean,Nepean Blue Mountains,Principal referral,18223.0,58.9,2022-01-01,Metropolitan
Jan-Mar 2022,Northern Beaches,Northern Sydney,Major,25004.0,87.8,2022-01-01,Metropolitan
Jan-Mar 2022,Orange,Western NSW,Major,7576.0,81.9,2022-01-01,Regional
Jan-Mar 2022,Port Macquarie,Mid North Coast,Major,12012.0,74.1,2022-01-01,Regional
Jan-Mar 2022,Prince of Wales,South Eastern Sydney,Principal referral,14426.0,58.1,2022-01-01,Metropolitan
Jan-Mar 2022,Queanbeyan,Southern NSW,District group 2,5840.0,89.7,2022-01-01,Regional
Jan-Mar 2022,Royal North Shore,Northern Sydney,Principal referral,19430.0,74.0,2022-01-01,Metropolitan
Jan-Mar 2022,Royal Prince Alfred,Sydney,Principal referral,19678.0,66.0,2022-01-01,Metropolitan
Jan-Mar 2022,Ryde,Northern Sydney,District group 1,6871.0,79.3,2022-01-01,Metropolitan
Jan-Mar 2022,Shellharbour,Illawarra Shoalhaven,District group 1,8762.0,60.0,2022-01-01,Metropolitan
Jan-Mar 2022,Shoalhaven,Illawarra Shoalhaven,Major,10020.0,54.6,2022-01-01,Metropolitan
Jan-Mar 2022,Singleton,Hunter New England,District group 2,3699.0,76.3,2022-01-01,Regional
Jan-Mar 2022,South East Regional,Southern NSW,District group 1,5332.0,74.8,2022-01-01,Regional
Jan-Mar 2022,St George,South Eastern Sydney,Principal referral,19374.0,61.5,2022-01-01,Metropolitan
Jan-Mar 2022,St Vincent's,St Vincent's Health Network,Principal referral,11577.0,71.3,2022-01-01,Specialty network
Jan-Mar 2022,Sutherland,South Eastern Sydney,Major,14773.0,59.0,2022-01-01,Metropolitan
Jan-Mar 2022,Sydney Children's Randwick,Sydney Children's Hospitals Network,Paediatric specialist,9022.0,56.8,2022-01-01,Specialty network
Jan-Mar 2022,Sydney and Sydney Eye,South Eastern Sydney,Ungrouped acute - tertiary referral,6453.0,83.7,2022-01-01,Metropolitan
Jan-Mar 2022,Tamworth,Hunter New England,Major,9721.0,57.2,2022-01-01,Regional
Jan-Mar 2022,Tweed Valley,Northern NSW,Major,12644.0,73.9,2022-01-01,Regional
Jan-Mar 2022,Wagga Wagga,Murrumbidgee,Major,11075.0,74.4,2022-01-01,Regional
Jan-Mar 2022,Westmead,Western Sydney,Principal referral,17812.0,46.8,2022-01-01,Metropolitan
Jan-Mar 2022,Wollongong,Illawarra Shoalhaven,Principal referral,18601.0,66.8,2022-01-01,Metropolitan
Jan-Mar 2022,Wyong,Central Coast,Major,17563.0,50.6,2022-01-01,Metropolitan
Jan-Mar 2022,Young,Murrumbidgee,District group 2,1848.0,93.4,2022-01-01,Regional
Jan-Mar 2023,Armidale,Hunter New England,District group 1,4818.0,59.3,2023-01-01,Regional
Jan-Mar 2023,Auburn,Western Sydney,Major,8067.0,74.9,2023-01-01,Metropolitan
Jan-Mar 2023,Ballina,Northern NSW,District group 2,4513.0,70.2,2023-01-01,Regional
Jan-Mar 2023,Bankstown-Lidcombe,South Western Sydney,Principal referral,14233.0,68.6,2023-01-01,Metropolitan
Jan-Mar 2023,Batemans Bay,Southern NSW,District group 2,3682.0,81.1,2023-01-01,Regional
Jan-Mar 2023,Bathurst,Western NSW,District group 1,6361.0,77.0,2023-01-01,Regional
Jan-Mar 2023,Belmont,Hunter New England,District group 1,7341.0,75.0,2023-01-01,Regional
Jan-Mar 2023,Blacktown,Western Sydney,Major,15179.0,36.9,2023-01-01,Metropolitan
Jan-Mar 2023,Blue Mountains,Nepean Blue Mountains,District group 2,4918.0,58.8,2023-01-01,Metropolitan
Jan-Mar 2023,Bowral,South Western Sydney,District group 1,5904.0,90.2,2023-01-01,Metropolitan
Jan-Mar 2023,Broken Hill,Far West,District group 1,5050.0,78.0,2023-01-01,Regional
Jan-Mar 2023,Byron Central,Northern NSW,District group 2,5902.0,82.8,2023-01-01,Regional
Jan-Mar 2023,Calvary Mater,Hunter New England,Ungrouped acute - tertiary referral,10007.0,81.0,2023-01-01,Regional
Jan-Mar 2023,Campbelltown,South Western Sydney,Major,21915.0,66.6,2023-01-01,Metropolitan
Jan-Mar 2023,Canterbury,Sydney,Major,12368.0,53.7,2023-01-01,Metropolitan
Jan-Mar 2023,Casino,Northern NSW,District group 2,3463.0,69.0,2023-01-01,Regional
Jan-Mar 2023,Cessnock,Hunter New England,District group 2,4191.0,71.5,2023-01-01,Regional
Jan-Mar 2023,Children's at Westmead,Sydney Children's Hospitals Network,Paediatric specialist,15459.0,72.2,2023-01-01,Specialty network
Jan-Mar 2023,Coffs Harbour,Mid North Coast,Major,11284.0,67.5,2023-01-01,Regional
Jan-Mar 2023,Concord,Sydney,Principal referral,11085.0,86.1,2023-01-01,Metropolitan
Jan-Mar 2023,Cooma,Southern NSW,District group 2,2841.0,90.1,2023-01-01,Regional
Jan-Mar 2023,Cowra,Western NSW,District group 2,2085.0,82.4,2023-01-01,Regional
Jan-Mar 2023,Deniliquin,Murrumbidgee,District group 2,2613.0,97.8,2023-01-01,Regional
Jan-Mar 2023,Dubbo,Western NSW,Major,9913.0,74.6,2023-01-01,Regional
Jan-Mar 2023,Fairfield,South Western Sydney,Major,9600.0,73.8,2023-01-01,Metropolitan
Jan-Mar 2023,Forbes,Western NSW,District group 2,1975.0,87.1,2023-01-01,Regional
Jan-Mar 2023,Gosford,Central Coast,Principal referral,19569.0,51.7,2023-01-01,Metropolitan
Jan-Mar 2023,Goulburn,Southern NSW,District group 1,5453.0,68.1,2023-01-01,Regional
Jan-Mar 2023,Grafton,Northern NSW,District group 1,6960.0,67.9,2023-01-01,Regional
Jan-Mar 2023,Griffith,Murrumbidgee,District group 1,5354.0,83.8,2023-01-01,Regional
Jan-Mar 2023,Gunnedah,Hunter New England,District group 2,2044.0,80.9,2023-01-01,Regional
Jan-Mar 2023,Hawkesbury,Nepean Blue Mountains,District group 1,7158.0,61.9,2023-01-01,Metropolitan
Jan-Mar 2023,Hornsby,Northern Sydney,Major,11749.0,82.1,2023-01-01,Metropolitan
Jan-Mar 2023,Inverell,Hunter New England,District group 2,2387.0,86.0,2023-01-01,Regional
Jan-Mar 2023,John Hunter,Hunter New England,Principal referral,21315.0,59.0,2023-01-01,Regional
Jan-Mar 2023,Kempsey,Mid North Coast,District group 2,6659.0,77.0,2023-01-01,Regional
Jan-Mar 2023,Kurri Kurri,Hunter New England,District group 2,766.0,91.9,2023-01-01,Regional
Jan-Mar 2023,Lismore,Northern NSW,Major,9845.0,61.3,2023-01-01,Regional
Jan-Mar 2023,Lithgow,Nepean Blue Mountains,District group 2,3074.0,75.3,2023-01-01,Metropolitan
Jan-Mar 2023,Liverpool,South Western Sydney,Principal referral,21533.0,58.1,2023-01-01,Metropolitan
Jan-Mar 2023,Macksville,Mid North Coast,District group 2,3298.0,92.8,2023-01-01,Regional
Jan-Mar 2023,Maclean,Northern NSW,District group 2,3957.0,83.9,2023-01-01,Regional
Jan-Mar 2023,Maitland,Hunter New England,Major,12830.0,54.7,2023-01-01,Regional
Jan-Mar 2023,Manning,Hunter New England,Major,9260.0,53.8,2023-01-01,Regional
Jan-Mar 2023,Milton,Illawarra Shoalhaven,District group 2,4277.0,69.4,2023-01-01,Metropolitan
Jan-Mar 2023,Moree,Hunter New England,District group 2,2628.0,60.2,2023-01-01,Regional
Jan-Mar 2023,Moruya,Southern NSW,District group 2,3234.0,81.8,2023-01-01,Regional
Jan-Mar 2023,Mount Druitt,Western Sydney,District group 1,9824.0,45.4,2023-01-01,Metropolitan
Jan-Mar 2023,Mudgee,Western NSW,District group 2,3509.0,72.7,2023-01-01,Regional
Jan-Mar 2023,Murwillumbah,Northern NSW,District group 1,4578.0,85.8,2023-01-01,Regional
Jan-Mar 2023,Muswellbrook,Hunter New England,District group 2,2777.0,66.7,2023-01-01,Regional
Jan-Mar 2023,Narrabri,Hunter New England,District group 2,1356.0,92.7,2023-01-01,Regional
Jan-Mar 2023,Nepean,Nepean Blue Mountains,Principal referral,19606.0,58.8,2023-01-01,Metropolitan
Jan-Mar 2023,Northern Beaches,Northern Sydney,Major,16928.0,81.8,2023-01-01,Metropolitan
Jan-Mar 2023,Orange,Western NSW,Major,7677.0,81.4,2023-01-01,Regional
Jan-Mar 2023,Port Macquarie,Mid North Coast,Major,12336.0,68.6,2023-01-01,Regional
Jan-Mar 2023,Prince of Wales,South Eastern Sydney,Principal referral,15951.0,58.3,2023-01-01,Metropolitan
Jan-Mar 2023,Queanbeyan,Southern NSW,District group 2,6432.0,84.6,2023-01-01,Regional
Jan-Mar 2023,Royal North Shore,Northern Sydney,Principal referral,21512.0,74.7,2023-01-01,Metropolitan
Jan-Mar 2023,Royal Prince Alfred,Sydney,Principal referral,21532.0,57.6,2023-01-01,Metropolitan
Jan-Mar 2023,Ryde,Northern Sydney,District group 1,7595.0,86.7,2023-01-01,Metropolitan
Jan-Mar 2023,Shellharbour,Illawarra Shoalhaven,District group 1,9453.0,61.3,2023-01-01,Metropolitan
Jan-Mar 2023,Shoalhaven,Illawarra Shoalhaven,Major,10517.0,53.4,2023-01-01,Metropolitan
Jan-Mar 2023,Singleton,Hunter New England,District group 2,3972.0,78.2,2023-01-01,Regional
Jan-Mar 2023,South East Regional,Southern NSW,District group 1,5589.0,75.2,2023-01-01,Regional
Jan-Mar 2023,St George,South Eastern Sydney,Principal referral,20810.0,46.8,2023-01-01,Metropolitan
Jan-Mar 2023,St Vincent's,St Vincent's Health Network,Principal referral,13487.0,66.2,2023-01-01,Specialty network
Jan-Mar 2023,Sutherland,South Eastern Sydney,Major,16027.0,58.7,2023-01-01,Metropolitan
Jan-Mar 2023,Sydney Children's Randwick,Sydney Children's Hospitals Network,Paediatric specialist,9696.0,50.1,2023-01-01,Specialty network
Jan-Mar 2023,Sydney and Sydney Eye,South Eastern Sydney,Ungrouped acute - tertiary referral,7853.0,67.3,2023-01-01,Metropolitan
Jan-Mar 2023,Tamworth,Hunter New England,Major,10481.0,58.1,2023-01-01,Regional
Jan-Mar 2023,Tweed Valley,Northern NSW,Major,13692.0,79.0,2023-01-01,Regional
Jan-Mar 2023,Wagga Wagga,Murrumbidgee,Major,11713.0,72.7,2023-01-01,Regional
Jan-Mar 2023,Westmead,Western Sydney,Principal referral,18974.0,40.5,2023-01-01,Metropolitan
Jan-Mar 2023,Wollongong,Illawarra Shoalhaven,Principal referral,18455.0,68.3,2023-01-01,Metropolitan
Jan-Mar 2023,Wyong,Central Coast,Major,18294.0,51.3,2023-01-01,Metropolitan
Jan-Mar 2023,Young,Murrumbidgee,District group 2,2197.0,93.8,2023-01-01,Regional
Jan-Mar 2024,Armidale,Hunter New England,District group 1,5547.0,65.3,2024-01-01,Regional
Jan-Mar 2024,Auburn,Western Sydney,Major,8600.0,73.5,2024-01-01,Metropolitan
Jan-Mar 2024,Ballina,Northern NSW,District group 2,4970.0,60.3,2024-01-01,Regional
Jan-Mar 2024,Bankstown-Lidcombe,South Western Sydney,Principal referral,14811.0,60.3,2024-01-01,Metropolitan
Jan-Mar 2024,Batemans Bay,Southern NSW,District group 2,3345.0,78.7,2024-01-01,Regional
Jan-Mar 2024,Bathurst,Western NSW,District group 1,6526.0,80.8,2024-01-01,Regional
Jan-Mar 2024,Belmont,Hunter New England,District group 1,7599.0,74.7,2024-01-01,Regional
Jan-Mar 2024,Blacktown,Western Sydney,Major,16776.0,40.3,2024-01-01,Metropolitan
Jan-Mar 2024,Blue Mountains,Nepean Blue Mountains,District group 2,5257.0,68.0,2024-01-01,Metropolitan
Jan-Mar 2024,Bowral,South Western Sydney,District group 1,6233.0,87.4,2024-01-01,Metropolitan
Jan-Mar 2024,Broken Hill,Far West,District group 1,4573.0,79.4,2024-01-01,Regional
Jan-Mar 2024,Byron Central,Northern NSW,District group 2,6230.0,82.6,2024-01-01,Regional
Jan-Mar 2024,Calvary Mater,Hunter New England,Ungrouped acute - tertiary referral,10571.0,82.5,2024-01-01,Regional
Jan-Mar 2024,Campbelltown,South Western Sydney,Major,23547.0,59.0,2024-01-01,Metropolitan
Jan-Mar 2024,Canterbury,Sydney,Major,12016.0,50.2,2024-01-01,Metropolitan
Jan-Mar 2024,Casino,Northern NSW,District group 2,3555.0,69.1,2024-01-01,Regional
Jan-Mar 2024,Cessnock,Hunter New England,District group 2,4247.0,73.4,2024-01-01,Regional
Jan-Mar 2024,Children's at Westmead,Sydney Children's Hospitals Network,Paediatric specialist,16135.0,71.7,2024-01-01,Specialty network
Jan-Mar 2024,Coffs Harbour,Mid North Coast,Major,12289.0,58.2,2024-01-01,Regional
Jan-Mar 2024,Concord,Sydney,Principal referral,10805.0,75.1,2024-01-01,Metropolitan
Jan-Mar 2024,Cooma,Southern NSW,District group 2,2978.0,85.3,2024-01-01,Regional
Jan-Mar 2024,Cowra,Western NSW,District group 2,2266.0,91.6,2024-01-01,Regional
Jan-Mar 2024,Deniliquin,Murrumbidgee,District group 2,2642.0,96.7,2024-01-01,Regional
Jan-Mar 2024,Dubbo,Western NSW,Major,9907.0,68.9,2024-01-01,Regional
Jan-Mar 2024,Fairfield,South Western Sydney,Major,9757.0,85.9,2024-01-01,Metropolitan
Jan-Mar 2024,Forbes,Western NSW,District group 2,2233.0,87.3,2024-01-01,Regional
Jan-Mar 2024,Gosford,Central Coast,Principal referral,20689.0,51.8,2024-01-01,Metropolitan
Jan-Mar 2024,Goulburn,Southern NSW,District group 1,6126.0,67.4,2024-01-01,Regional
Jan-Mar 2024,Grafton,Northern NSW,District group 1,7183.0,59.3,2024-01-01,Regional
Jan-Mar 2024,Griffith,Murrumbidgee,District group 1,5729.0,79.1,2024-01-01,Regional
Jan-Mar 2024,Gunnedah,Hunter New England,District group 2,2154.0,83.5,2024-01-01,Regional
Jan-Mar 2024,Hawkesbury,Nepean Blue Mountains,District group 1,7715.0,60.6,2024-01-01,Metropolitan
Jan-Mar 2024,Hornsby,Northern Sydney,Major,12913.0,80.1,2024-01-01,Metropolitan
Jan-Mar 2024,Inverell,Hunter New England,District group 2,2682.0,83.4,2024-01-01,Regional
Jan-Mar 2024,John Hunter,Hunter New England,Principal referral,21695.0,51.1,2024-01-01,Regional
Jan-Mar 2024,Kempsey,Mid North Coast,District group 2,7320.0,77.8,2024-01-01,Regional
Jan-Mar 2024,Kurri Kurri,Hunter New England,District group 2,748.0,96.8,2024-01-01,Regional
Jan-Mar 2024,Lismore,Northern NSW,Major,10340.0,56.7,2024-01-01,Regional
Jan-Mar 2024,Lithgow,Nepean Blue Mountains,District group 2,3410.0,82.5,2024-01-01,Metropolitan
Jan-Mar 2024,Liverpool,South Western Sydney,Principal referral,22704.0,60.6,2024-01-01,Metropolitan
Jan-Mar 2024,Macksville,Mid North Coast,District group 2,3650.0,89.8,2024-01-01,Regional
Jan-Mar 2024,Maclean,Northern NSW,District group 2,4094.0,73.6,2024-01-01,Regional
Jan-Mar 2024,Maitland,Hunter New England,Major,13984.0,51.3,2024-01-01,Regional
Jan-Mar 2024,Manning,Hunter New England,Major,9751.0,43.7,2024-01-01,Regional
Jan-Mar 2024,Milton,Illawarra Shoalhaven,District group 2,4579.0,69.7,2024-01-01,Metropolitan
Jan-Mar 2024,Moree,Hunter New England,District group 2,2803.0,62.9,2024-01-01,Regional
Jan-Mar 2024,Moruya,Southern NSW,District group 2,3481.0,80.4,2024-01-01,Regional
Jan-Mar 2024,Mount Druitt,Western Sydney,District group 1,10412.0,51.5,2024-01-01,Metropolitan
Jan-Mar 2024,Mudgee,Western NSW,District group 2,4042.0,73.6,2024-01-01,Regional
Jan-Mar 2024,Murwillumbah,Northern NSW,District group 1,5417.0,86.2,2024-01-01,Regional
Jan-Mar 2024,Muswellbrook,Hunter New England,District group 2,2782.0,67.0,2024-01-01,Regional
Jan-Mar 2024,Narrabri,Hunter New England,District group 2,1908.0,87.4,2024-01-01,Regional
Jan-Mar 2024,Nepean,Nepean Blue Mountains,Principal referral,21288.0,55.9,2024-01-01,Metropolitan
Jan-Mar 2024,Northern Beaches,Northern Sydney,Major,17044.0,71.4,2024-01-01,Metropolitan
Jan-Mar 2024,Orange,Western NSW,Major,7979.0,73.9,2024-01-01,Regional
Jan-Mar 2024,Port Macquarie,Mid North Coast,Major,13252.0,69.0,2024-01-01,Regional
Jan-Mar 2024,Prince of Wales,South Eastern Sydney,Principal referral,16563.0,53.8,2024-01-01,Metropolitan
Jan-Mar 2024,Queanbeyan,Southern NSW,District group 2,6800.0,85.1,2024-01-01,Regional
Jan-Mar 2024,Royal North Shore,Northern Sydney,Principal referral,22168.0,67.5,2024-01-01,Metropolitan
Jan-Mar 2024,Royal Prince Alfred,Sydney,Principal referral,21177.0,60.2,2024-01-01,Metropolitan
Jan-Mar 2024,Ryde,Northern Sydney,District group 1,7725.0,85.9,2024-01-01,Metropolitan
Jan-Mar 2024,Shellharbour,Illawarra Shoalhaven,District group 1,9989.0,65.0,2024-01-01,Metropolitan
Jan-Mar 2024,Shoalhaven,Illawarra Shoalhaven,Major,11204.0,57.4,2024-01-01,Metropolitan
Jan-Mar 2024,Singleton,Hunter New England,District group 2,4364.0,77.5,2024-01-01,Regional
Jan-Mar 2024,South East Regional,Southern NSW,District group 1,5957.0,74.0,2024-01-01,Regional
Jan-Mar 2024,St George,South Eastern Sydney,Principal referral,21095.0,53.6,2024-01-01,Metropolitan
Jan-Mar 2024,St Vincent's,St Vincent's Health Network,Principal referral,14557.0,55.8,2024-01-01,Specialty network
Jan-Mar 2024,Sutherland,South Eastern Sydney,Major,16632.0,55.1,2024-01-01,Metropolitan
Jan-Mar 2024,Sydney Children's Randwick,Sydney Children's Hospitals Network,Paediatric specialist,9545.0,59.2,2024-01-01,Specialty network
Jan-Mar 2024,Sydney and Sydney Eye,South Eastern Sydney,Ungrouped acute - tertiary referral,8153.0,77.0,2024-01-01,Metropolitan
Jan-Mar 2024,Tamworth,Hunter New England,Major,10903.0,56.6,2024-01-01,Regional
Jan-Mar 2024,Tweed Valley,Northern NSW,Major,14668.0,76.5,2024-01-01,Regional
Jan-Mar 2024,Wagga Wagga,Murrumbidgee,Major,12127.0,72.1,2024-01-01,Regional
Jan-Mar 2024,Westmead,Western Sydney,Principal referral,20387.0,40.9,2024-01-01,Metropolitan
Jan-Mar 2024,Wollongong,Illawarra Shoalhaven,Principal referral,19361.0,67.7,2024-01-01,Metropolitan
Jan-Mar 2024,Wyong,Central Coast,Major,19555.0,50.7,2024-01-01,Metropolitan
Jan-Mar 2024,Young,Murrumbidgee,District group 2,2571.0,87.2,2024-01-01,Regional
Jan-Mar 2025,Armidale,Hunter New England,District group 1,5215.0,59.3,2025-01-01,Regional
Jan-Mar 2025,Auburn,Western Sydney,Major,8694.0,74.2,2025-01-01,Metropolitan
Jan-Mar 2025,Ballina,Northern NSW,District group 2,4564.0,58.8,2025-01-01,Regional
Jan-Mar 2025,Bankstown-Lidcombe,South Western Sydney,Principal referral,13830.0,63.0,2025-01-01,Metropolitan
Jan-Mar 2025,Batemans Bay,Southern NSW,District group 2,3001.0,78.8,2025-01-01,Regional
Jan-Mar 2025,Bathurst,Western NSW,District group 1,6297.0,74.5,2025-01-01,Regional
Jan-Mar 2025,Belmont,Hunter New England,District group 1,6853.0,71.6,2025-01-01,Regional
Jan-Mar 2025,Blacktown,Western Sydney,Major,16947.0,41.5,2025-01-01,Metropolitan
Jan-Mar 2025,Blue Mountains,Nepean Blue Mountains,District group 2,4804.0,77.9,2025-01-01,Metropolitan
Jan-Mar 2025,Bowral,South Western Sydney,District group 1,6050.0,89.2,2025-01-01,Metropolitan
Jan-Mar 2025,Broken Hill,Far West,District group 1,4796.0,84.8,2025-01-01,Regional
Jan-Mar 2025,Byron Central,Northern NSW,District group 2,5904.0,85.3,2025-01-01,Regional
Jan-Mar 2025,Calvary Mater,Hunter New England,Ungrouped acute - tertiary referral,9701.0,84.4,2025-01-01,Regional
Jan-Mar 2025,Campbelltown,South Western Sydney,Major,22881.0,60.1,2025-01-01,Metropolitan
Jan-Mar 2025,Canterbury,Sydney,Major,12669.0,70.2,2025-01-01,Metropolitan
Jan-Mar 2025,Casino,Northern NSW,District group 2,3489.0,71.8,2025-01-01,Regional
Jan-Mar 2025,Cessnock,Hunter New England,District group 2,3772.0,79.5,2025-01-01,Regional
Jan-Mar 2025,Children's at Westmead,Sydney Children's Hospitals Network,Paediatric specialist,14896.0,72.4,2025-01-01,Specialty network
Jan-Mar 2025,Coffs Harbour,Mid North Coast,Major,11906.0,59.6,2025-01-01,Regional
Jan-Mar 2025,Concord,Sydney,Principal referral,10783.0,79.4,2025-01-01,Metropolitan
Jan-Mar 2025,Cooma,Southern NSW,District group 2,2753.0,92.8,2025-01-01,Regional
Jan-Mar 2025,Cowra,Western NSW,District group 2,2416.0,85.8,2025-01-01,Regional
Jan-Mar 2025,Deniliquin,Murrumbidgee,District group 2,2546.0,96.2,2025-01-01,Regional
Jan-Mar 2025,Dubbo,Western NSW,Major,9646.0,74.9,2025-01-01,Regional
Jan-Mar 2025,Fairfield,South Western Sydney,Major,9447.0,74.5,2025-01-01,Metropolitan
Jan-Mar 2025,Forbes,Western NSW,District group 2,2066.0,90.1,2025-01-01,Regional
Jan-Mar 2025,Gosford,Central Coast,Principal referral,19285.0,51.9,2025-01-01,Metropolitan
Jan-Mar 2025,Goulburn,Southern NSW,District group 1,5902.0,67.7,2025-01-01,Regional
Jan-Mar 2025,Grafton,Northern NSW,District group 1,7034.0,61.6,2025-01-01,Regional
Jan-Mar 2025,Griffith,Murrumbidgee,District group 1,5401.0,75.5,2025-01-01,Regional
Jan-Mar 2025,Gunnedah,Hunter New England,District group 2,2256.0,80.6,2025-01-01,Regional
Jan-Mar 2025,Hawkesbury,Nepean Blue Mountains,District group 1,7887.0,71.8,2025-01-01,Metropolitan
Jan-Mar 2025,Hornsby,Northern Sydney,Major,12151.0,78.4,2025-01-01,Metropolitan
Jan-Mar 2025,Inverell,Hunter New England,District group 2,2475.0,82.9,2025-01-01,Regional
Jan-Mar 2025,John Hunter,Hunter New England,Principal referral,20958.0,51.3,2025-01-01,Regional
Jan-Mar 2025,Kempsey,Mid North Coast,District group 2,6994.0,73.9,2025-01-01,Regional
Jan-Mar 2025,Kurri Kurri,Hunter New England,District group 2,607.0,96.1,2025-01-01,Regional
Jan-Mar 2025,Lismore,Northern NSW,Major,9908.0,57.2,2025-01-01,Regional
Jan-Mar 2025,Lithgow,Nepean Blue Mountains,District group 2,3280.0,82.5,2025-01-01,Metropolitan
Jan-Mar 2025,Liverpool,South Western Sydney,Principal referral,22692.0,72.8,2025-01-01,Metropolitan
Jan-Mar 2025,Macksville,Mid North Coast,District group 2,3511.0,90.5,2025-01-01,Regional
Jan-Mar 2025,Maclean,Northern NSW,District group 2,4051.0,75.8,2025-01-01,Regional
Jan-Mar 2025,Maitland,Hunter New England,Major,14291.0,48.6,2025-01-01,Regional
Jan-Mar 2025,Manning,Hunter New England,Major,9573.0,52.5,2025-01-01,Regional
Jan-Mar 2025,Milton,Illawarra Shoalhaven,District group 2,4635.0,74.6,2025-01-01,Metropolitan
Jan-Mar 2025,Moree,Hunter New England,District group 2,2641.0,73.0,2025-01-01,Regional
Jan-Mar 2025,Moruya,Southern NSW,District group 2,3251.0,68.5,2025-01-01,Regional
Jan-Mar 2025,Mount Druitt,Western Sydney,District group 1,9884.0,60.5,2025-01-01,Metropolitan
Jan-Mar 2025,Mudgee,Western NSW,District group 2,4193.0,74.7,2025-01-01,Regional
Jan-Mar 2025,Murwillumbah,Northern NSW,District group 1,4847.0,85.4,2025-01-01,Regional
Jan-Mar 2025,Muswellbrook,Hunter New England,District group 2,2826.0,74.5,2025-01-01,Regional
Jan-Mar 2025,Narrabri,Hunter New England,District group 2,1572.0,89.3,2025-01-01,Regional
Jan-Mar 2025,Nepean,Nepean Blue Mountains,Principal referral,21971.0,61.9,2025-01-01,Metropolitan
Jan-Mar 2025,Northern Beaches,Northern Sydney,Major,15487.0,66.9,2025-01-01,Metropolitan
Jan-Mar 2025,Orange,Western NSW,Major,7777.0,74.0,2025-01-01,Regional
Jan-Mar 2025,Port Macquarie,Mid North Coast,Major,13090.0,65.0,2025-01-01,Regional
Jan-Mar 2025,Prince of Wales,South Eastern Sydney,Principal referral,16340.0,46.6,2025-01-01,Metropolitan
Jan-Mar 2025,Queanbeyan,Southern NSW,District group 2,6605.0,80.7,2025-01-01,Regional
Jan-Mar 2025,Royal North Shore,Northern Sydney,Principal referral,22330.0,69.0,2025-01-01,Metropolitan
Jan-Mar 2025,Royal Prince Alfred,Sydney,Principal referral,21485.0,64.9,2025-01-01,Metropolitan
Jan-Mar 2025,Ryde,Northern Sydney,District group 1,6817.0,86.2,2025-01-01,Metropolitan
Jan-Mar 2025,Shellharbour,Illawarra Shoalhaven,District group 1,9610.0,67.6,2025-01-01,Metropolitan
Jan-Mar 2025,Shoalhaven,Illawarra Shoalhaven,Major,10975.0,53.8,2025-01-01,Metropolitan
Jan-Mar 2025,Singleton,Hunter New England,District group 2,3875.0,78.3,2025-01-01,Regional
Jan-Mar 2025,South East Regional,Southern NSW,District group 1,6047.0,68.6,2025-01-01,Regional
Jan-Mar 2025,St George,South Eastern Sydney,Principal referral,20688.0,61.4,2025-01-01,Metropolitan
Jan-Mar 2025,St Vincent's,St Vincent's Health Network,Principal referral,14540.0,58.4,2025-01-01,Specialty network
Jan-Mar 2025,Sutherland,South Eastern Sydney,Major,15659.0,57.0,2025-01-01,Metropolitan
Jan-Mar 2025,Sydney Children's Randwick,Sydney Children's Hospitals Network,Paediatric specialist,8834.0,69.5,2025-01-01,Specialty network
Jan-Mar 2025,Sydney and Sydney Eye,South Eastern Sydney,Ungrouped acute - tertiary referral,8007.0,67.9,2025-01-01,Metropolitan
Jan-Mar 2025,Tamworth,Hunter New England,Major,10373.0,64.0,2025-01-01,Regional
Jan-Mar 2025,Tweed Valley,Northern NSW,Major,14734.0,80.8,2025-01-01,Regional
Jan-Mar 2025,Wagga Wagga,Murrumbidgee,Major,12064.0,62.0,2025-01-01,Regional
Jan-Mar 2025,Westmead,Western Sydney,Principal referral,19904.0,41.1,2025-01-01,Metropolitan
Jan-Mar 2025,Wollongong,Illawarra Shoalhaven,Principal referral,18484.0,71.7,2025-01-01,Metropolitan
Jan-Mar 2025,Wyong,Central Coast,Major,17668.0,47.3,2025-01-01,Metropolitan
Jan-Mar 2025,Young,Murrumbidgee,District group 2,2248.0,85.2,2025-01-01,Regional
Jan-Mar 2026,Armidale,Hunter New England,District group 1,5117.0,62.5,2026-01-01,Regional
Jan-Mar 2026,Auburn,Western Sydney,District group 1,8684.0,83.3,2026-01-01,Metropolitan
Jan-Mar 2026,Ballina,Northern NSW,District group 2,4771.0,73.2,2026-01-01,Regional
Jan-Mar 2026,Bankstown-Lidcombe,South Western Sydney,Principal referral,14531.0,60.9,2026-01-01,Metropolitan
Jan-Mar 2026,Batemans Bay,Southern NSW,District group 2,2696.0,78.3,2026-01-01,Regional
Jan-Mar 2026,Bathurst,Western NSW,District group 1,5808.0,75.4,2026-01-01,Regional
Jan-Mar 2026,Belmont,Hunter New England,District group 1,6983.0,71.8,2026-01-01,Regional
Jan-Mar 2026,Blacktown,Western Sydney,Principal referral,16519.0,52.3,2026-01-01,Metropolitan
Jan-Mar 2026,Blue Mountains,Nepean Blue Mountains,District group 1,5039.0,78.0,2026-01-01,Metropolitan
Jan-Mar 2026,Bowral,South Western Sydney,District group 1,6159.0,90.9,2026-01-01,Metropolitan
Jan-Mar 2026,Broken Hill,Far West,District group 1,4717.0,80.5,2026-01-01,Regional
Jan-Mar 2026,Calvary Mater,Hunter New England,Major,8965.0,82.2,2026-01-01,Regional
Jan-Mar 2026,Camden,South Western Sydney,District group 2,3112.0,84.1,2026-01-01,Metropolitan
Jan-Mar 2026,Campbelltown,South Western Sydney,Principal referral,23362.0,70.3,2026-01-01,Metropolitan
Jan-Mar 2026,Canterbury,Sydney,Major,12535.0,69.1,2026-01-01,Metropolitan
Jan-Mar 2026,Cessnock,Hunter New England,District group 2,3818.0,74.5,2026-01-01,Regional
Jan-Mar 2026,Children's at Westmead,Sydney Children's Hospitals Network,Paediatric specialist,14211.0,75.5,2026-01-01,Specialty network
Jan-Mar 2026,Coffs Harbour,Mid North Coast,Major,12466.0,53.4,2026-01-01,Regional
Jan-Mar 2026,Concord,Sydney,Principal referral,10995.0,68.8,2026-01-01,Metropolitan
Jan-Mar 2026,Cooma,Southern NSW,District group 2,2812.0,94.3,2026-01-01,Regional
Jan-Mar 2026,Cowra,Western NSW,District group 2,2567.0,65.8,2026-01-01,Regional
Jan-Mar 2026,Deniliquin,Murrumbidgee,District group 2,2517.0,93.6,2026-01-01,Regional
Jan-Mar 2026,Dubbo,Western NSW,Major,9375.0,73.7,2026-01-01,Regional
Jan-Mar 2026,Fairfield,South Western Sydney,Major,9084.0,56.2,2026-01-01,Metropolitan
Jan-Mar 2026,Forbes,Western NSW,District group 2,2012.0,92.7,2026-01-01,Regional
Jan-Mar 2026,Gosford,Central Coast,Principal referral,18612.0,48.5,2026-01-01,Metropolitan
Jan-Mar 2026,Goulburn,Southern NSW,District group 1,6070.0,70.1,2026-01-01,Regional
Jan-Mar 2026,Grafton,Northern NSW,District group 1,7419.0,64.8,2026-01-01,Regional
Jan-Mar 2026,Griffith,Murrumbidgee,District group 1,5502.0,81.5,2026-01-01,Regional
Jan-Mar 2026,Hawkesbury,Nepean Blue Mountains,District group 1,7678.0,52.3,2026-01-01,Metropolitan
Jan-Mar 2026,Hornsby,Northern Sydney,Major,12509.0,75.6,2026-01-01,Metropolitan
Jan-Mar 2026,Inverell,Hunter New England,District group 2,2804.0,82.2,2026-01-01,Regional
Jan-Mar 2026,John Hunter,Hunter New England,Principal referral,21386.0,53.9,2026-01-01,Regional
Jan-Mar 2026,Kempsey,Mid North Coast,District group 1,6865.0,75.3,2026-01-01,Regional
Jan-Mar 2026,Kurri Kurri,Hunter New England,District group 2,558.0,94.4,2026-01-01,Regional
Jan-Mar 2026,Lismore,Northern NSW,Major,10663.0,67.1,2026-01-01,Regional
Jan-Mar 2026,Lithgow,Nepean Blue Mountains,District group 2,3234.0,81.3,2026-01-01,Metropolitan
Jan-Mar 2026,Liverpool,South Western Sydney,Principal referral,23734.0,78.6,2026-01-01,Metropolitan
Jan-Mar 2026,Macksville,Mid North Coast,District group 2,3851.0,90.5,2026-01-01,Regional
Jan-Mar 2026,Maitland,Hunter New England,Major,14335.0,64.6,2026-01-01,Regional
Jan-Mar 2026,Manning,Hunter New England,Major,10033.0,56.5,2026-01-01,Regional
Jan-Mar 2026,Milton,Illawarra Shoalhaven,District group 2,4616.0,72.5,2026-01-01,Metropolitan
Jan-Mar 2026,Moree,Hunter New England,District group 2,2415.0,93.1,2026-01-01,Regional
Jan-Mar 2026,Moruya,Southern NSW,District group 1,3407.0,69.3,2026-01-01,Regional
Jan-Mar 2026,Mount Druitt,Western Sydney,District group 1,10156.0,63.5,2026-01-01,Metropolitan
Jan-Mar 2026,Mudgee,Western NSW,District group 2,4060.0,76.2,2026-01-01,Regional
Jan-Mar 2026,Murwillumbah,Northern NSW,District group 1,4591.0,90.6,2026-01-01,Regional
Jan-Mar 2026,Muswellbrook,Hunter New England,District group 2,2708.0,62.8,2026-01-01,Regional
Jan-Mar 2026,Nepean,Nepean Blue Mountains,Principal referral,22774.0,61.5,2026-01-01,Metropolitan
Jan-Mar 2026,Northern Beaches,Northern Sydney,Major,14658.0,70.4,2026-01-01,Metropolitan
Jan-Mar 2026,Orange,Western NSW,Major,8315.0,75.2,2026-01-01,Regional
Jan-Mar 2026,Port Macquarie,Mid North Coast,Major,13504.0,65.1,2026-01-01,Regional
Jan-Mar 2026,Prince of Wales,South Eastern Sydney,Principal referral,16739.0,53.2,2026-01-01,Metropolitan
Jan-Mar 2026,Queanbeyan,Southern NSW,District group 1,6565.0,82.3,2026-01-01,Regional
Jan-Mar 2026,Royal North Shore,Northern Sydney,Principal referral,22593.0,73.6,2026-01-01,Metropolitan
Jan-Mar 2026,Royal Prince Alfred,Sydney,Principal referral,21529.0,56.6,2026-01-01,Metropolitan
Jan-Mar 2026,Ryde,Northern Sydney,District group 1,6876.0,82.9,2026-01-01,Metropolitan
Jan-Mar 2026,Shellharbour,Illawarra Shoalhaven,District group 1,9412.0,70.5,2026-01-01,Metropolitan
Jan-Mar 2026,Shoalhaven,Illawarra Shoalhaven,Major,10459.0,47.1,2026-01-01,Metropolitan
Jan-Mar 2026,Singleton,Hunter New England,District group 2,3891.0,77.0,2026-01-01,Regional
Jan-Mar 2026,South East Regional,Southern NSW,District group 1,5586.0,74.3,2026-01-01,Regional
Jan-Mar 2026,St George,South Eastern Sydney,Principal referral,21316.0,63.7,2026-01-01,Metropolitan
Jan-Mar 2026,St Vincent's,St Vincent's Health Network,Principal referral,14879.0,55.3,2026-01-01,Specialty network
Jan-Mar 2026,Sutherland,South Eastern Sydney,Major,15917.0,57.4,2026-01-01,Metropolitan
Jan-Mar 2026,Sydney Children's Randwick,Sydney Children's Hospitals Network,Paediatric specialist,8996.0,76.9,2026-01-01,Specialty network
Jan-Mar 2026,Sydney and Sydney Eye,South Eastern Sydney,Ungrouped acute - tertiary referral,8659.0,65.5,2026-01-01,Metropolitan
Jan-Mar 2026,Tamworth,Hunter New England,Major,10641.0,64.7,2026-01-01,Regional
Jan-Mar 2026,Tweed Valley,Northern NSW,Major,14863.0,79.5,2026-01-01,Regional
Jan-Mar 2026,Wagga Wagga,Murrumbidgee,Major,12715.0,77.7,2026-01-01,Regional
Jan-Mar 2026,Westmead,Western Sydney,Principal referral,20098.0,41.5,2026-01-01,Metropolitan
Jan-Mar 2026,Wollongong,Illawarra Shoalhaven,Principal referral,18200.0,74.2,2026-01-01,Metropolitan
Jan-Mar 2026,Wyong,Central Coast,Major,18015.0,51.2,2026-01-01,Metropolitan
Jan-Mar 2026,Young,Murrumbidgee,District group 2,2239.0,95.1,2026-01-01,Regional
Jul-Sep 2010,Armidale,Hunter New England,District group 1,3672.0,78.5,2010-07-01,Regional
Jul-Sep 2010,Auburn,Western Sydney,Major,5900.0,57.0,2010-07-01,Metropolitan
Jul-Sep 2010,Bankstown-Lidcombe,South Western Sydney,Principal referral,10762.0,80.9,2010-07-01,Metropolitan
Jul-Sep 2010,Belmont,Hunter New England,District group 1,5952.0,75.0,2010-07-01,Regional
Jul-Sep 2010,Blacktown,Western Sydney,Major,8301.0,74.2,2010-07-01,Metropolitan
Jul-Sep 2010,Blue Mountains,Nepean Blue Mountains,District group 2,4214.0,72.4,2010-07-01,Metropolitan
Jul-Sep 2010,Bowral,South Western Sydney,District group 1,4476.0,59.0,2010-07-01,Metropolitan
Jul-Sep 2010,Broken Hill,Far West,District group 1,5912.0,77.0,2010-07-01,Regional
Jul-Sep 2010,Calvary Mater,Hunter New England,Ungrouped acute - tertiary referral,7355.0,51.8,2010-07-01,Regional
Jul-Sep 2010,Campbelltown,South Western Sydney,Major,13190.0,67.7,2010-07-01,Metropolitan
Jul-Sep 2010,Canterbury,Sydney,Major,8444.0,63.2,2010-07-01,Metropolitan
Jul-Sep 2010,Cessnock,Hunter New England,District group 2,4387.0,80.6,2010-07-01,Regional
Jul-Sep 2010,Children's at Westmead,Sydney Children's Hospitals Network,Paediatric specialist,12661.0,68.5,2010-07-01,Specialty network
Jul-Sep 2010,Coffs Harbour,Mid North Coast,Major,8286.0,49.5,2010-07-01,Regional
Jul-Sep 2010,Concord,Sydney,Principal referral,8096.0,75.6,2010-07-01,Metropolitan
Jul-Sep 2010,Fairfield,South Western Sydney,Major,7903.0,68.3,2010-07-01,Metropolitan
Jul-Sep 2010,Gosford,Central Coast,Principal referral,13852.0,63.3,2010-07-01,Metropolitan
Jul-Sep 2010,Goulburn,Southern NSW,District group 1,4456.0,58.5,2010-07-01,Regional
Jul-Sep 2010,Grafton,Northern NSW,District group 1,5804.0,58.5,2010-07-01,Regional
Jul-Sep 2010,Gunnedah,Hunter New England,District group 2,2843.0,99.8,2010-07-01,Regional
Jul-Sep 2010,Hawkesbury,Nepean Blue Mountains,District group 1,4581.0,56.9,2010-07-01,Metropolitan
Jul-Sep 2010,Hornsby,Northern Sydney,Major,7599.0,77.0,2010-07-01,Metropolitan
Jul-Sep 2010,Inverell,Hunter New England,District group 2,2253.0,77.0,2010-07-01,Regional
Jul-Sep 2010,John Hunter,Hunter New England,Principal referral,16534.0,68.7,2010-07-01,Regional
Jul-Sep 2010,Kempsey,Mid North Coast,District group 2,4979.0,73.5,2010-07-01,Regional
Jul-Sep 2010,Kurri Kurri,Hunter New England,District group 2,1840.0,87.6,2010-07-01,Regional
Jul-Sep 2010,Lismore,Northern NSW,Major,7298.0,64.1,2010-07-01,Regional
Jul-Sep 2010,Lithgow,Nepean Blue Mountains,District group 2,3216.0,82.9,2010-07-01,Metropolitan
Jul-Sep 2010,Liverpool,South Western Sydney,Principal referral,15496.0,70.4,2010-07-01,Metropolitan
Jul-Sep 2010,Maitland,Hunter New England,Major,10232.0,62.1,2010-07-01,Regional
Jul-Sep 2010,Manly,Northern Sydney,Major,5358.0,92.4,2010-07-01,Metropolitan
Jul-Sep 2010,Manning,Hunter New England,Major,5579.0,61.7,2010-07-01,Regional
Jul-Sep 2010,Milton,Illawarra Shoalhaven,District group 2,3145.0,91.2,2010-07-01,Metropolitan
Jul-Sep 2010,Mona Vale,Northern Sydney,Major,6509.0,87.0,2010-07-01,Metropolitan
Jul-Sep 2010,Moree,Hunter New England,District group 2,2226.0,96.1,2010-07-01,Regional
Jul-Sep 2010,Mount Druitt,Western Sydney,District group 1,8013.0,66.3,2010-07-01,Metropolitan
Jul-Sep 2010,Murwillumbah,Northern NSW,District group 1,3939.0,74.7,2010-07-01,Regional
Jul-Sep 2010,Muswellbrook,Hunter New England,District group 2,1845.0,79.8,2010-07-01,Regional
Jul-Sep 2010,Narrabri,Hunter New England,District group 2,1276.0,93.1,2010-07-01,Regional
Jul-Sep 2010,Nepean,Nepean Blue Mountains,Principal referral,12886.0,54.2,2010-07-01,Metropolitan
Jul-Sep 2010,Orange,Western NSW,Major,6628.0,69.7,2010-07-01,Regional
Jul-Sep 2010,Port Macquarie,Mid North Coast,Major,7889.0,53.3,2010-07-01,Regional
Jul-Sep 2010,Prince of Wales,South Eastern Sydney,Principal referral,10301.0,36.8,2010-07-01,Metropolitan
Jul-Sep 2010,Royal North Shore,Northern Sydney,Principal referral,14003.0,84.4,2010-07-01,Metropolitan
Jul-Sep 2010,Ryde,Northern Sydney,District group 1,5989.0,78.2,2010-07-01,Metropolitan
Jul-Sep 2010,Shellharbour,Illawarra Shoalhaven,District group 1,6552.0,67.2,2010-07-01,Metropolitan
Jul-Sep 2010,Shoalhaven,Illawarra Shoalhaven,Major,7931.0,64.0,2010-07-01,Metropolitan
Jul-Sep 2010,Singleton,Hunter New England,District group 2,3112.0,72.7,2010-07-01,Regional
Jul-Sep 2010,St George,South Eastern Sydney,Principal referral,14841.0,51.8,2010-07-01,Metropolitan
Jul-Sep 2010,St Vincent's,St Vincent's Health Network,Principal referral,9894.0,77.5,2010-07-01,Specialty network
Jul-Sep 2010,Sutherland,South Eastern Sydney,Major,10575.0,60.9,2010-07-01,Metropolitan
Jul-Sep 2010,Sydney Children's Randwick,Sydney Children's Hospitals Network,Paediatric specialist,9357.0,56.8,2010-07-01,Specialty network
Jul-Sep 2010,Sydney and Sydney Eye,South Eastern Sydney,Ungrouped acute - tertiary referral,8961.0,90.6,2010-07-01,Metropolitan
Jul-Sep 2010,Tamworth,Hunter New England,Major,11120.0,64.2,2010-07-01,Regional
Jul-Sep 2010,Tweed Valley,Northern NSW,Major,10445.0,67.2,2010-07-01,Regional
Jul-Sep 2010,Wagga Wagga,Murrumbidgee,Major,8459.0,77.0,2010-07-01,Regional
Jul-Sep 2010,Westmead,Western Sydney,Principal referral,13226.0,47.5,2010-07-01,Metropolitan
Jul-Sep 2010,Wollongong,Illawarra Shoalhaven,Principal referral,12795.0,61.2,2010-07-01,Metropolitan
Jul-Sep 2010,Wyong,Central Coast,Major,13024.0,66.8,2010-07-01,Metropolitan
Jul-Sep 2011,Armidale,Hunter New England,District group 1,3841.0,74.4,2011-07-01,Regional
Jul-Sep 2011,Auburn,Western Sydney,Major,5937.0,71.0,2011-07-01,Metropolitan
Jul-Sep 2011,Ballina,Northern NSW,District group 2,3687.0,54.5,2011-07-01,Regional
Jul-Sep 2011,Bankstown-Lidcombe,South Western Sydney,Principal referral,11112.0,66.8,2011-07-01,Metropolitan
Jul-Sep 2011,Bathurst,Western NSW,District group 1,6010.0,73.7,2011-07-01,Regional
Jul-Sep 2011,Belmont,Hunter New England,District group 1,5934.0,76.9,2011-07-01,Regional
Jul-Sep 2011,Blacktown,Western Sydney,Major,8616.0,59.3,2011-07-01,Metropolitan
Jul-Sep 2011,Blue Mountains,Nepean Blue Mountains,District group 2,4179.0,73.5,2011-07-01,Metropolitan
Jul-Sep 2011,Bowral,South Western Sydney,District group 1,4392.0,72.6,2011-07-01,Metropolitan
Jul-Sep 2011,Broken Hill,Far West,District group 1,5933.0,83.7,2011-07-01,Regional
Jul-Sep 2011,Calvary Mater,Hunter New England,Ungrouped acute - tertiary referral,7625.0,77.3,2011-07-01,Regional
Jul-Sep 2011,Campbelltown,South Western Sydney,Major,13947.0,71.9,2011-07-01,Metropolitan
Jul-Sep 2011,Canterbury,Sydney,Major,8643.0,62.6,2011-07-01,Metropolitan
Jul-Sep 2011,Casino,Northern NSW,District group 2,3919.0,66.6,2011-07-01,Regional
Jul-Sep 2011,Cessnock,Hunter New England,District group 2,4722.0,73.6,2011-07-01,Regional
Jul-Sep 2011,Children's at Westmead,Sydney Children's Hospitals Network,Paediatric specialist,13154.0,69.5,2011-07-01,Specialty network
Jul-Sep 2011,Coffs Harbour,Mid North Coast,Major,8274.0,59.5,2011-07-01,Regional
Jul-Sep 2011,Concord,Sydney,Principal referral,8565.0,67.7,2011-07-01,Metropolitan
Jul-Sep 2011,Dubbo,Western NSW,Major,7164.0,57.4,2011-07-01,Regional
Jul-Sep 2011,Fairfield,South Western Sydney,Major,7980.0,60.3,2011-07-01,Metropolitan
Jul-Sep 2011,Gosford,Central Coast,Principal referral,13801.0,56.5,2011-07-01,Metropolitan
Jul-Sep 2011,Goulburn,Southern NSW,District group 1,4647.0,53.5,2011-07-01,Regional
Jul-Sep 2011,Grafton,Northern NSW,District group 1,5680.0,64.0,2011-07-01,Regional
Jul-Sep 2011,Griffith,Murrumbidgee,District group 1,5043.0,72.6,2011-07-01,Regional
Jul-Sep 2011,Gunnedah,Hunter New England,District group 2,2825.0,72.2,2011-07-01,Regional
Jul-Sep 2011,Hawkesbury,Nepean Blue Mountains,District group 1,5311.0,60.0,2011-07-01,Metropolitan
Jul-Sep 2011,Hornsby,Northern Sydney,Major,8224.0,70.9,2011-07-01,Metropolitan
Jul-Sep 2011,Inverell,Hunter New England,District group 2,2342.0,72.3,2011-07-01,Regional
Jul-Sep 2011,John Hunter,Hunter New England,Principal referral,17188.0,65.9,2011-07-01,Regional
Jul-Sep 2011,Kempsey,Mid North Coast,District group 2,5120.0,73.1,2011-07-01,Regional
Jul-Sep 2011,Kurri Kurri,Hunter New England,District group 2,1904.0,87.2,2011-07-01,Regional
Jul-Sep 2011,Lismore,Northern NSW,Major,7196.0,57.8,2011-07-01,Regional
Jul-Sep 2011,Lithgow,Nepean Blue Mountains,District group 2,3192.0,84.3,2011-07-01,Metropolitan
Jul-Sep 2011,Liverpool,South Western Sydney,Principal referral,15693.0,61.1,2011-07-01,Metropolitan
Jul-Sep 2011,Maclean,Northern NSW,District group 2,2824.0,70.1,2011-07-01,Regional
Jul-Sep 2011,Maitland,Hunter New England,Major,10959.0,64.1,2011-07-01,Regional
Jul-Sep 2011,Manning,Hunter New England,Major,6032.0,69.2,2011-07-01,Regional
Jul-Sep 2011,Milton,Illawarra Shoalhaven,District group 2,3166.0,83.7,2011-07-01,Metropolitan
Jul-Sep 2011,Moree,Hunter New England,District group 2,2322.0,84.8,2011-07-01,Regional
Jul-Sep 2011,Mount Druitt,Western Sydney,District group 1,7998.0,51.8,2011-07-01,Metropolitan
Jul-Sep 2011,Murwillumbah,Northern NSW,District group 1,3808.0,81.4,2011-07-01,Regional
Jul-Sep 2011,Muswellbrook,Hunter New England,District group 2,2162.0,75.0,2011-07-01,Regional
Jul-Sep 2011,Narrabri,Hunter New England,District group 2,1142.0,93.4,2011-07-01,Regional
Jul-Sep 2011,Nepean,Nepean Blue Mountains,Principal referral,13557.0,50.7,2011-07-01,Metropolitan
Jul-Sep 2011,Orange,Western NSW,Major,6638.0,73.1,2011-07-01,Regional
Jul-Sep 2011,Port Macquarie,Mid North Coast,Major,8050.0,56.7,2011-07-01,Regional
Jul-Sep 2011,Prince of Wales,South Eastern Sydney,Principal referral,10789.0,55.4,2011-07-01,Metropolitan
Jul-Sep 2011,Royal Prince Alfred,Sydney,Principal referral,16374.0,63.8,2011-07-01,Metropolitan
Jul-Sep 2011,Ryde,Northern Sydney,District group 1,6218.0,84.3,2011-07-01,Metropolitan
Jul-Sep 2011,Shellharbour,Illawarra Shoalhaven,District group 1,6205.0,64.0,2011-07-01,Metropolitan
Jul-Sep 2011,Shoalhaven,Illawarra Shoalhaven,Major,8411.0,67.0,2011-07-01,Metropolitan
Jul-Sep 2011,Singleton,Hunter New England,District group 2,2972.0,69.9,2011-07-01,Regional
Jul-Sep 2011,South East Regional,Southern NSW,District group 1,2975.0,70.1,2011-07-01,Regional
Jul-Sep 2011,St George,South Eastern Sydney,Principal referral,15527.0,59.9,2011-07-01,Metropolitan
Jul-Sep 2011,St Vincent's,St Vincent's Health Network,Principal referral,9990.0,74.5,2011-07-01,Specialty network
Jul-Sep 2011,Sutherland,South Eastern Sydney,Major,11125.0,73.4,2011-07-01,Metropolitan
Jul-Sep 2011,Sydney Children's Randwick,Sydney Children's Hospitals Network,Paediatric specialist,9443.0,67.0,2011-07-01,Specialty network
Jul-Sep 2011,Sydney and Sydney Eye,South Eastern Sydney,Ungrouped acute - tertiary referral,9594.0,93.8,2011-07-01,Metropolitan
Jul-Sep 2011,Tamworth,Hunter New England,Major,10753.0,62.9,2011-07-01,Regional
Jul-Sep 2011,Tweed Valley,Northern NSW,Major,9759.0,56.0,2011-07-01,Regional
Jul-Sep 2011,Wagga Wagga,Murrumbidgee,Major,8401.0,67.1,2011-07-01,Regional
Jul-Sep 2011,Westmead,Western Sydney,Principal referral,14254.0,65.2,2011-07-01,Metropolitan
Jul-Sep 2011,Wollongong,Illawarra Shoalhaven,Principal referral,13108.0,54.0,2011-07-01,Metropolitan
Jul-Sep 2012,Armidale,Hunter New England,District group 1,3892.0,70.4,2012-07-01,Regional
Jul-Sep 2012,Auburn,Western Sydney,Major,6297.0,63.2,2012-07-01,Metropolitan
Jul-Sep 2012,Ballina,Northern NSW,District group 2,3869.0,66.6,2012-07-01,Regional
Jul-Sep 2012,Bankstown-Lidcombe,South Western Sydney,Principal referral,11369.0,60.6,2012-07-01,Metropolitan
Jul-Sep 2012,Bathurst,Western NSW,District group 1,5948.0,78.2,2012-07-01,Regional
Jul-Sep 2012,Belmont,Hunter New England,District group 1,6287.0,70.5,2012-07-01,Regional
Jul-Sep 2012,Blacktown,Western Sydney,Major,9113.0,65.2,2012-07-01,Metropolitan
Jul-Sep 2012,Blue Mountains,Nepean Blue Mountains,District group 2,4279.0,73.2,2012-07-01,Metropolitan
Jul-Sep 2012,Bowral,South Western Sydney,District group 1,4395.0,69.8,2012-07-01,Metropolitan
Jul-Sep 2012,Broken Hill,Far West,District group 1,6307.0,84.5,2012-07-01,Regional
Jul-Sep 2012,Calvary Mater,Hunter New England,Ungrouped acute - tertiary referral,8090.0,78.1,2012-07-01,Regional
Jul-Sep 2012,Campbelltown,South Western Sydney,Major,14699.0,70.4,2012-07-01,Metropolitan
Jul-Sep 2012,Canterbury,Sydney,Major,9061.0,52.8,2012-07-01,Metropolitan
Jul-Sep 2012,Casino,Northern NSW,District group 2,3359.0,69.5,2012-07-01,Regional
Jul-Sep 2012,Cessnock,Hunter New England,District group 2,4455.0,77.1,2012-07-01,Regional
Jul-Sep 2012,Children's at Westmead,Sydney Children's Hospitals Network,Paediatric specialist,13429.0,58.1,2012-07-01,Specialty network
Jul-Sep 2012,Coffs Harbour,Mid North Coast,Major,8604.0,65.6,2012-07-01,Regional
Jul-Sep 2012,Concord,Sydney,Principal referral,8943.0,71.7,2012-07-01,Metropolitan
Jul-Sep 2012,Dubbo,Western NSW,Major,7307.0,66.7,2012-07-01,Regional
Jul-Sep 2012,Fairfield,South Western Sydney,Major,8327.0,71.2,2012-07-01,Metropolitan
Jul-Sep 2012,Gosford,Central Coast,Principal referral,14459.0,62.2,2012-07-01,Metropolitan
Jul-Sep 2012,Goulburn,Southern NSW,District group 1,4477.0,56.3,2012-07-01,Regional
Jul-Sep 2012,Grafton,Northern NSW,District group 1,5438.0,74.0,2012-07-01,Regional
Jul-Sep 2012,Griffith,Murrumbidgee,District group 1,4854.0,71.3,2012-07-01,Regional
Jul-Sep 2012,Gunnedah,Hunter New England,District group 2,2315.0,76.0,2012-07-01,Regional
Jul-Sep 2012,Hawkesbury,Nepean Blue Mountains,District group 1,5237.0,57.6,2012-07-01,Metropolitan
Jul-Sep 2012,Hornsby,Northern Sydney,Major,8287.0,75.2,2012-07-01,Metropolitan
Jul-Sep 2012,Inverell,Hunter New England,District group 2,2923.0,71.4,2012-07-01,Regional
Jul-Sep 2012,John Hunter,Hunter New England,Principal referral,17585.0,70.2,2012-07-01,Regional
Jul-Sep 2012,Kempsey,Mid North Coast,District group 2,5532.0,76.2,2012-07-01,Regional
Jul-Sep 2012,Kurri Kurri,Hunter New England,District group 2,1887.0,83.0,2012-07-01,Regional
Jul-Sep 2012,Lismore,Northern NSW,Major,7454.0,63.0,2012-07-01,Regional
Jul-Sep 2012,Lithgow,Nepean Blue Mountains,District group 2,3289.0,83.5,2012-07-01,Metropolitan
Jul-Sep 2012,Liverpool,South Western Sydney,Principal referral,16862.0,59.9,2012-07-01,Metropolitan
Jul-Sep 2012,Maclean,Northern NSW,District group 2,2827.0,70.7,2012-07-01,Regional
Jul-Sep 2012,Maitland,Hunter New England,Major,11281.0,62.2,2012-07-01,Regional
Jul-Sep 2012,Manly,Northern Sydney,Major,5710.0,80.2,2012-07-01,Metropolitan
Jul-Sep 2012,Manning,Hunter New England,Major,6411.0,72.4,2012-07-01,Regional
Jul-Sep 2012,Milton,Illawarra Shoalhaven,District group 2,3317.0,77.7,2012-07-01,Metropolitan
Jul-Sep 2012,Mona Vale,Northern Sydney,Major,7455.0,72.0,2012-07-01,Metropolitan
Jul-Sep 2012,Moree,Hunter New England,District group 2,2101.0,90.9,2012-07-01,Regional
Jul-Sep 2012,Mount Druitt,Western Sydney,District group 1,8293.0,56.1,2012-07-01,Metropolitan
Jul-Sep 2012,Murwillumbah,Northern NSW,District group 1,4157.0,85.6,2012-07-01,Regional
Jul-Sep 2012,Muswellbrook,Hunter New England,District group 2,1891.0,79.4,2012-07-01,Regional
Jul-Sep 2012,Narrabri,Hunter New England,District group 2,1384.0,97.2,2012-07-01,Regional
Jul-Sep 2012,Nepean,Nepean Blue Mountains,Principal referral,14680.0,71.5,2012-07-01,Metropolitan
Jul-Sep 2012,Orange,Western NSW,Major,6892.0,81.3,2012-07-01,Regional
Jul-Sep 2012,Port Macquarie,Mid North Coast,Major,8156.0,63.8,2012-07-01,Regional
Jul-Sep 2012,Prince of Wales,South Eastern Sydney,Principal referral,11615.0,71.5,2012-07-01,Metropolitan
Jul-Sep 2012,Royal North Shore,Northern Sydney,Principal referral,15677.0,74.1,2012-07-01,Metropolitan
Jul-Sep 2012,Royal Prince Alfred,Sydney,Principal referral,17558.0,44.2,2012-07-01,Metropolitan
Jul-Sep 2012,Ryde,Northern Sydney,District group 1,6408.0,81.2,2012-07-01,Metropolitan
Jul-Sep 2012,Shellharbour,Illawarra Shoalhaven,District group 1,6731.0,58.2,2012-07-01,Metropolitan
Jul-Sep 2012,Shoalhaven,Illawarra Shoalhaven,Major,8908.0,65.2,2012-07-01,Metropolitan
Jul-Sep 2012,Singleton,Hunter New England,District group 2,3131.0,73.2,2012-07-01,Regional
Jul-Sep 2012,South East Regional,Southern NSW,District group 1,2848.0,72.0,2012-07-01,Regional
Jul-Sep 2012,St George,South Eastern Sydney,Principal referral,16523.0,54.0,2012-07-01,Metropolitan
Jul-Sep 2012,St Vincent's,St Vincent's Health Network,Principal referral,10435.0,74.3,2012-07-01,Specialty network
Jul-Sep 2012,Sutherland,South Eastern Sydney,Major,11744.0,65.1,2012-07-01,Metropolitan
Jul-Sep 2012,Sydney Children's Randwick,Sydney Children's Hospitals Network,Paediatric specialist,9805.0,62.1,2012-07-01,Specialty network
Jul-Sep 2012,Sydney and Sydney Eye,South Eastern Sydney,Ungrouped acute - tertiary referral,9251.0,93.9,2012-07-01,Metropolitan
Jul-Sep 2012,Tamworth,Hunter New England,Major,10025.0,74.0,2012-07-01,Regional
Jul-Sep 2012,Tweed Valley,Northern NSW,Major,10472.0,71.6,2012-07-01,Regional
Jul-Sep 2012,Wagga Wagga,Murrumbidgee,Major,8975.0,71.6,2012-07-01,Regional
Jul-Sep 2012,Westmead,Western Sydney,Principal referral,14743.0,56.8,2012-07-01,Metropolitan
Jul-Sep 2012,Wollongong,Illawarra Shoalhaven,Principal referral,13744.0,51.1,2012-07-01,Metropolitan
Jul-Sep 2012,Wyong,Central Coast,Major,14351.0,75.3,2012-07-01,Metropolitan
Jul-Sep 2013,Armidale,Hunter New England,District group 1,3909.0,78.7,2013-07-01,Regional
Jul-Sep 2013,Auburn,Western Sydney,Major,6651.0,61.4,2013-07-01,Metropolitan
Jul-Sep 2013,Ballina,Northern NSW,District group 2,3973.0,71.7,2013-07-01,Regional
Jul-Sep 2013,Bankstown-Lidcombe,South Western Sydney,Principal referral,12102.0,65.4,2013-07-01,Metropolitan
Jul-Sep 2013,Batemans Bay,Southern NSW,District group 2,3830.0,71.0,2013-07-01,Regional
Jul-Sep 2013,Bathurst,Western NSW,District group 1,6064.0,80.9,2013-07-01,Regional
Jul-Sep 2013,Belmont,Hunter New England,District group 1,6533.0,77.8,2013-07-01,Regional
Jul-Sep 2013,Blacktown,Western Sydney,Major,9734.0,78.9,2013-07-01,Metropolitan
Jul-Sep 2013,Blue Mountains,Nepean Blue Mountains,District group 2,4110.0,68.0,2013-07-01,Metropolitan
Jul-Sep 2013,Bowral,South Western Sydney,District group 1,4390.0,74.1,2013-07-01,Metropolitan
Jul-Sep 2013,Broken Hill,Far West,District group 1,5538.0,71.0,2013-07-01,Regional
Jul-Sep 2013,Calvary Mater,Hunter New England,Ungrouped acute - tertiary referral,8242.0,79.3,2013-07-01,Regional
Jul-Sep 2013,Campbelltown,South Western Sydney,Major,14774.0,72.9,2013-07-01,Metropolitan
Jul-Sep 2013,Canterbury,Sydney,Major,9870.0,69.9,2013-07-01,Metropolitan
Jul-Sep 2013,Casino,Northern NSW,District group 2,3517.0,72.8,2013-07-01,Regional
Jul-Sep 2013,Cessnock,Hunter New England,District group 2,4127.0,77.3,2013-07-01,Regional
Jul-Sep 2013,Children's at Westmead,Sydney Children's Hospitals Network,Paediatric specialist,14042.0,57.3,2013-07-01,Specialty network
Jul-Sep 2013,Coffs Harbour,Mid North Coast,Major,8971.0,85.5,2013-07-01,Regional
Jul-Sep 2013,Concord,Sydney,Principal referral,9213.0,73.6,2013-07-01,Metropolitan
Jul-Sep 2013,Deniliquin,Murrumbidgee,District group 2,2294.0,82.2,2013-07-01,Regional
Jul-Sep 2013,Dubbo,Western NSW,Major,7206.0,73.9,2013-07-01,Regional
Jul-Sep 2013,Fairfield,South Western Sydney,Major,8839.0,75.4,2013-07-01,Metropolitan
Jul-Sep 2013,Gosford,Central Coast,Principal referral,14515.0,58.6,2013-07-01,Metropolitan
Jul-Sep 2013,Goulburn,Southern NSW,District group 1,4155.0,66.6,2013-07-01,Regional
Jul-Sep 2013,Grafton,Northern NSW,District group 1,5514.0,76.4,2013-07-01,Regional
Jul-Sep 2013,Griffith,Murrumbidgee,District group 1,5056.0,74.1,2013-07-01,Regional
Jul-Sep 2013,Gunnedah,Hunter New England,District group 2,2388.0,76.1,2013-07-01,Regional
Jul-Sep 2013,Hawkesbury,Nepean Blue Mountains,District group 1,5459.0,71.9,2013-07-01,Metropolitan
Jul-Sep 2013,Hornsby,Northern Sydney,Major,9054.0,82.8,2013-07-01,Metropolitan
Jul-Sep 2013,Inverell,Hunter New England,District group 2,3419.0,78.7,2013-07-01,Regional
Jul-Sep 2013,John Hunter,Hunter New England,Principal referral,17818.0,71.8,2013-07-01,Regional
Jul-Sep 2013,Kempsey,Mid North Coast,District group 2,5268.0,75.4,2013-07-01,Regional
Jul-Sep 2013,Kurri Kurri,Hunter New England,District group 2,1725.0,80.3,2013-07-01,Regional
Jul-Sep 2013,Lismore,Northern NSW,Major,7463.0,64.4,2013-07-01,Regional
Jul-Sep 2013,Lithgow,Nepean Blue Mountains,District group 2,3439.0,85.9,2013-07-01,Metropolitan
Jul-Sep 2013,Liverpool,South Western Sydney,Principal referral,18942.0,66.9,2013-07-01,Metropolitan
Jul-Sep 2013,Macksville,Mid North Coast,District group 2,3033.0,64.7,2013-07-01,Regional
Jul-Sep 2013,Maclean,Northern NSW,District group 2,2736.0,74.7,2013-07-01,Regional
Jul-Sep 2013,Maitland,Hunter New England,Major,11221.0,64.0,2013-07-01,Regional
Jul-Sep 2013,Manly,Northern Sydney,Major,6107.0,85.4,2013-07-01,Metropolitan
Jul-Sep 2013,Manning,Hunter New England,Major,6621.0,74.8,2013-07-01,Regional
Jul-Sep 2013,Milton,Illawarra Shoalhaven,District group 2,3418.0,78.6,2013-07-01,Metropolitan
Jul-Sep 2013,Mona Vale,Northern Sydney,Major,8236.0,75.6,2013-07-01,Metropolitan
Jul-Sep 2013,Moree,Hunter New England,District group 2,2161.0,93.7,2013-07-01,Regional
Jul-Sep 2013,Moruya,Southern NSW,District group 2,2573.0,72.7,2013-07-01,Regional
Jul-Sep 2013,Mount Druitt,Western Sydney,District group 1,8684.0,53.7,2013-07-01,Metropolitan
Jul-Sep 2013,Murwillumbah,Northern NSW,District group 1,4328.0,89.6,2013-07-01,Regional
Jul-Sep 2013,Muswellbrook,Hunter New England,District group 2,1964.0,80.0,2013-07-01,Regional
Jul-Sep 2013,Narrabri,Hunter New England,District group 2,1281.0,92.2,2013-07-01,Regional
Jul-Sep 2013,Nepean,Nepean Blue Mountains,Principal referral,15970.0,73.0,2013-07-01,Metropolitan
Jul-Sep 2013,Orange,Western NSW,Major,6670.0,78.5,2013-07-01,Regional
Jul-Sep 2013,Port Macquarie,Mid North Coast,Major,7369.0,71.5,2013-07-01,Regional
Jul-Sep 2013,Prince of Wales,South Eastern Sydney,Principal referral,12947.0,72.6,2013-07-01,Metropolitan
Jul-Sep 2013,Queanbeyan,Southern NSW,District group 2,4345.0,68.4,2013-07-01,Regional
Jul-Sep 2013,Royal North Shore,Northern Sydney,Principal referral,17587.0,79.3,2013-07-01,Metropolitan
Jul-Sep 2013,Royal Prince Alfred,Sydney,Principal referral,18201.0,49.4,2013-07-01,Metropolitan
Jul-Sep 2013,Ryde,Northern Sydney,District group 1,6619.0,85.4,2013-07-01,Metropolitan
Jul-Sep 2013,Shellharbour,Illawarra Shoalhaven,District group 1,6740.0,65.4,2013-07-01,Metropolitan
Jul-Sep 2013,Shoalhaven,Illawarra Shoalhaven,Major,8606.0,66.5,2013-07-01,Metropolitan
Jul-Sep 2013,Singleton,Hunter New England,District group 2,2940.0,72.8,2013-07-01,Regional
Jul-Sep 2013,South East Regional,Southern NSW,District group 1,2901.0,71.3,2013-07-01,Regional
Jul-Sep 2013,St George,South Eastern Sydney,Principal referral,17273.0,59.8,2013-07-01,Metropolitan
Jul-Sep 2013,St Vincent's,St Vincent's Health Network,Principal referral,11094.0,83.2,2013-07-01,Specialty network
Jul-Sep 2013,Sutherland,South Eastern Sydney,Major,12259.0,60.2,2013-07-01,Metropolitan
Jul-Sep 2013,Sydney Children's Randwick,Sydney Children's Hospitals Network,Paediatric specialist,10019.0,61.3,2013-07-01,Specialty network
Jul-Sep 2013,Sydney and Sydney Eye,South Eastern Sydney,Ungrouped acute - tertiary referral,9433.0,93.6,2013-07-01,Metropolitan
Jul-Sep 2013,Tamworth,Hunter New England,Major,10711.0,72.5,2013-07-01,Regional
Jul-Sep 2013,Tweed Valley,Northern NSW,Major,11111.0,77.3,2013-07-01,Regional
Jul-Sep 2013,Wagga Wagga,Murrumbidgee,Major,9222.0,78.5,2013-07-01,Regional
Jul-Sep 2013,Westmead,Western Sydney,Principal referral,16288.0,49.2,2013-07-01,Metropolitan
Jul-Sep 2013,Wollongong,Illawarra Shoalhaven,Principal referral,14927.0,63.2,2013-07-01,Metropolitan
Jul-Sep 2013,Wyong,Central Coast,Major,14617.0,70.5,2013-07-01,Metropolitan
Jul-Sep 2013,Young,Murrumbidgee,District group 2,2217.0,69.9,2013-07-01,Regional
Jul-Sep 2014,Armidale,Hunter New England,District group 1,4235.0,74.7,2014-07-01,Regional
Jul-Sep 2014,Auburn,Western Sydney,Major,6464.0,70.3,2014-07-01,Metropolitan
Jul-Sep 2014,Ballina,Northern NSW,District group 2,3821.0,75.9,2014-07-01,Regional
Jul-Sep 2014,Bankstown-Lidcombe,South Western Sydney,Principal referral,12340.0,61.9,2014-07-01,Metropolitan
Jul-Sep 2014,Batemans Bay,Southern NSW,District group 2,3067.0,77.1,2014-07-01,Regional
Jul-Sep 2014,Bathurst,Western NSW,District group 1,6165.0,84.7,2014-07-01,Regional
Jul-Sep 2014,Belmont,Hunter New England,District group 1,6133.0,86.0,2014-07-01,Regional
Jul-Sep 2014,Blacktown,Western Sydney,Major,9983.0,73.8,2014-07-01,Metropolitan
Jul-Sep 2014,Blue Mountains,Nepean Blue Mountains,District group 2,4138.0,76.2,2014-07-01,Metropolitan
Jul-Sep 2014,Bowral,South Western Sydney,District group 1,4435.0,69.1,2014-07-01,Metropolitan
Jul-Sep 2014,Broken Hill,Far West,District group 1,5570.0,68.1,2014-07-01,Regional
Jul-Sep 2014,Calvary Mater,Hunter New England,Ungrouped acute - tertiary referral,8577.0,78.1,2014-07-01,Regional
Jul-Sep 2014,Campbelltown,South Western Sydney,Major,15444.0,71.3,2014-07-01,Metropolitan
Jul-Sep 2014,Canterbury,Sydney,Major,10178.0,75.0,2014-07-01,Metropolitan
Jul-Sep 2014,Casino,Northern NSW,District group 2,3637.0,72.4,2014-07-01,Regional
Jul-Sep 2014,Cessnock,Hunter New England,District group 2,4194.0,76.5,2014-07-01,Regional
Jul-Sep 2014,Children's at Westmead,Sydney Children's Hospitals Network,Paediatric specialist,13955.0,67.8,2014-07-01,Specialty network
Jul-Sep 2014,Coffs Harbour,Mid North Coast,Major,9135.0,86.3,2014-07-01,Regional
Jul-Sep 2014,Concord,Sydney,Principal referral,9514.0,69.6,2014-07-01,Metropolitan
Jul-Sep 2014,Dubbo,Western NSW,Major,7385.0,73.1,2014-07-01,Regional
Jul-Sep 2014,Fairfield,South Western Sydney,Major,8751.0,69.7,2014-07-01,Metropolitan
Jul-Sep 2014,Forbes,Western NSW,District group 2,2242.0,82.9,2014-07-01,Regional
Jul-Sep 2014,Gosford,Central Coast,Principal referral,14721.0,66.1,2014-07-01,Metropolitan
Jul-Sep 2014,Goulburn,Southern NSW,District group 1,4087.0,64.4,2014-07-01,Regional
Jul-Sep 2014,Grafton,Northern NSW,District group 1,5886.0,71.2,2014-07-01,Regional
Jul-Sep 2014,Griffith,Murrumbidgee,District group 1,4563.0,78.6,2014-07-01,Regional
Jul-Sep 2014,Gunnedah,Hunter New England,District group 2,2258.0,75.9,2014-07-01,Regional
Jul-Sep 2014,Hawkesbury,Nepean Blue Mountains,District group 1,5432.0,84.0,2014-07-01,Metropolitan
Jul-Sep 2014,Hornsby,Northern Sydney,Major,9379.0,89.3,2014-07-01,Metropolitan
Jul-Sep 2014,Inverell,Hunter New England,District group 2,2611.0,79.3,2014-07-01,Regional
Jul-Sep 2014,John Hunter,Hunter New England,Principal referral,18695.0,71.5,2014-07-01,Regional
Jul-Sep 2014,Kempsey,Mid North Coast,District group 2,5575.0,75.0,2014-07-01,Regional
Jul-Sep 2014,Kurri Kurri,Hunter New England,District group 2,1643.0,88.6,2014-07-01,Regional
Jul-Sep 2014,Lismore,Northern NSW,Major,7378.0,74.9,2014-07-01,Regional
Jul-Sep 2014,Lithgow,Nepean Blue Mountains,District group 2,3096.0,88.4,2014-07-01,Metropolitan
Jul-Sep 2014,Liverpool,South Western Sydney,Principal referral,19342.0,59.5,2014-07-01,Metropolitan
Jul-Sep 2014,Macksville,Mid North Coast,District group 2,3086.0,64.7,2014-07-01,Regional
Jul-Sep 2014,Maclean,Northern NSW,District group 2,2721.0,69.0,2014-07-01,Regional
Jul-Sep 2014,Maitland,Hunter New England,Major,11310.0,67.8,2014-07-01,Regional
Jul-Sep 2014,Manly,Northern Sydney,Major,5902.0,86.4,2014-07-01,Metropolitan
Jul-Sep 2014,Manning,Hunter New England,Major,6416.0,85.4,2014-07-01,Regional
Jul-Sep 2014,Milton,Illawarra Shoalhaven,District group 2,3245.0,75.9,2014-07-01,Metropolitan
Jul-Sep 2014,Mona Vale,Northern Sydney,Major,8491.0,80.3,2014-07-01,Metropolitan
Jul-Sep 2014,Moree,Hunter New England,District group 2,2080.0,94.9,2014-07-01,Regional
Jul-Sep 2014,Moruya,Southern NSW,District group 2,2392.0,80.0,2014-07-01,Regional
Jul-Sep 2014,Mount Druitt,Western Sydney,District group 1,8371.0,48.2,2014-07-01,Metropolitan
Jul-Sep 2014,Mudgee,Western NSW,District group 2,3259.0,63.9,2014-07-01,Regional
Jul-Sep 2014,Murwillumbah,Northern NSW,District group 1,4139.0,90.5,2014-07-01,Regional
Jul-Sep 2014,Muswellbrook,Hunter New England,District group 2,2055.0,80.8,2014-07-01,Regional
Jul-Sep 2014,Narrabri,Hunter New England,District group 2,1501.0,92.4,2014-07-01,Regional
Jul-Sep 2014,Nepean,Nepean Blue Mountains,Principal referral,16473.0,60.7,2014-07-01,Metropolitan
Jul-Sep 2014,Orange,Western NSW,Major,6963.0,86.6,2014-07-01,Regional
Jul-Sep 2014,Port Macquarie,Mid North Coast,Major,7326.0,68.4,2014-07-01,Regional
Jul-Sep 2014,Prince of Wales,South Eastern Sydney,Principal referral,13382.0,70.9,2014-07-01,Metropolitan
Jul-Sep 2014,Queanbeyan,Southern NSW,District group 2,4463.0,72.9,2014-07-01,Regional
Jul-Sep 2014,Royal North Shore,Northern Sydney,Principal referral,18279.0,79.1,2014-07-01,Metropolitan
Jul-Sep 2014,Royal Prince Alfred,Sydney,Principal referral,17826.0,51.4,2014-07-01,Metropolitan
Jul-Sep 2014,Ryde,Northern Sydney,District group 1,6811.0,86.8,2014-07-01,Metropolitan
Jul-Sep 2014,Shellharbour,Illawarra Shoalhaven,District group 1,7042.0,69.0,2014-07-01,Metropolitan
Jul-Sep 2014,Shoalhaven,Illawarra Shoalhaven,Major,8849.0,59.2,2014-07-01,Metropolitan
Jul-Sep 2014,Singleton,Hunter New England,District group 2,2812.0,66.9,2014-07-01,Regional
Jul-Sep 2014,South East Regional,Southern NSW,District group 1,2896.0,80.2,2014-07-01,Regional
Jul-Sep 2014,St George,South Eastern Sydney,Principal referral,17478.0,62.7,2014-07-01,Metropolitan
Jul-Sep 2014,St Vincent's,St Vincent's Health Network,Principal referral,11071.0,79.8,2014-07-01,Specialty network
Jul-Sep 2014,Sutherland,South Eastern Sydney,Major,12411.0,64.1,2014-07-01,Metropolitan
Jul-Sep 2014,Sydney Children's Randwick,Sydney Children's Hospitals Network,Paediatric specialist,9722.0,67.4,2014-07-01,Specialty network
Jul-Sep 2014,Sydney and Sydney Eye,South Eastern Sydney,Ungrouped acute - tertiary referral,9000.0,94.6,2014-07-01,Metropolitan
Jul-Sep 2014,Tamworth,Hunter New England,Major,10628.0,73.7,2014-07-01,Regional
Jul-Sep 2014,Tweed Valley,Northern NSW,Major,11855.0,83.0,2014-07-01,Regional
Jul-Sep 2014,Wagga Wagga,Murrumbidgee,Major,9125.0,73.2,2014-07-01,Regional
Jul-Sep 2014,Westmead,Western Sydney,Principal referral,17110.0,48.8,2014-07-01,Metropolitan
Jul-Sep 2014,Wollongong,Illawarra Shoalhaven,Principal referral,15101.0,62.5,2014-07-01,Metropolitan
Jul-Sep 2014,Wyong,Central Coast,Major,14189.0,77.7,2014-07-01,Metropolitan
Jul-Sep 2014,Young,Murrumbidgee,District group 2,2254.0,96.2,2014-07-01,Regional
Jul-Sep 2015,Armidale,Hunter New England,District group 1,4109.0,74.8,2015-07-01,Regional
Jul-Sep 2015,Auburn,Western Sydney,Major,6714.0,61.2,2015-07-01,Metropolitan
Jul-Sep 2015,Ballina,Northern NSW,District group 2,3969.0,76.2,2015-07-01,Regional
Jul-Sep 2015,Bankstown-Lidcombe,South Western Sydney,Principal referral,13582.0,71.1,2015-07-01,Metropolitan
Jul-Sep 2015,Batemans Bay,Southern NSW,District group 2,3167.0,72.6,2015-07-01,Regional
Jul-Sep 2015,Bathurst,Western NSW,District group 1,6371.0,78.4,2015-07-01,Regional
Jul-Sep 2015,Belmont,Hunter New England,District group 1,6052.0,82.5,2015-07-01,Regional
Jul-Sep 2015,Blacktown,Western Sydney,Major,10894.0,54.7,2015-07-01,Metropolitan
Jul-Sep 2015,Blue Mountains,Nepean Blue Mountains,District group 2,4011.0,80.7,2015-07-01,Metropolitan
Jul-Sep 2015,Bowral,South Western Sydney,District group 1,4489.0,78.9,2015-07-01,Metropolitan
Jul-Sep 2015,Broken Hill,Far West,District group 1,5256.0,78.9,2015-07-01,Regional
Jul-Sep 2015,Calvary Mater,Hunter New England,Ungrouped acute - tertiary referral,8620.0,76.3,2015-07-01,Regional
Jul-Sep 2015,Campbelltown,South Western Sydney,Major,16434.0,76.1,2015-07-01,Metropolitan
Jul-Sep 2015,Canterbury,Sydney,Major,11112.0,75.1,2015-07-01,Metropolitan
Jul-Sep 2015,Casino,Northern NSW,District group 2,3543.0,66.6,2015-07-01,Regional
Jul-Sep 2015,Cessnock,Hunter New England,District group 2,4266.0,78.8,2015-07-01,Regional
Jul-Sep 2015,Children's at Westmead,Sydney Children's Hospitals Network,Paediatric specialist,15284.0,57.0,2015-07-01,Specialty network
Jul-Sep 2015,Coffs Harbour,Mid North Coast,Major,9283.0,83.7,2015-07-01,Regional
Jul-Sep 2015,Concord,Sydney,Principal referral,9502.0,65.2,2015-07-01,Metropolitan
Jul-Sep 2015,Deniliquin,Murrumbidgee,District group 2,2382.0,96.5,2015-07-01,Regional
Jul-Sep 2015,Dubbo,Western NSW,Major,7512.0,63.7,2015-07-01,Regional
Jul-Sep 2015,Fairfield,South Western Sydney,Major,9014.0,64.7,2015-07-01,Metropolitan
Jul-Sep 2015,Forbes,Western NSW,District group 2,2512.0,85.6,2015-07-01,Regional
Jul-Sep 2015,Gosford,Central Coast,Principal referral,16038.0,63.4,2015-07-01,Metropolitan
Jul-Sep 2015,Goulburn,Southern NSW,District group 1,4249.0,61.5,2015-07-01,Regional
Jul-Sep 2015,Grafton,Northern NSW,District group 1,6048.0,68.5,2015-07-01,Regional
Jul-Sep 2015,Griffith,Murrumbidgee,District group 1,4971.0,78.3,2015-07-01,Regional
Jul-Sep 2015,Gunnedah,Hunter New England,District group 2,2128.0,78.9,2015-07-01,Regional
Jul-Sep 2015,Hawkesbury,Nepean Blue Mountains,District group 1,5596.0,82.4,2015-07-01,Metropolitan
Jul-Sep 2015,Hornsby,Northern Sydney,Major,9312.0,85.0,2015-07-01,Metropolitan
Jul-Sep 2015,Inverell,Hunter New England,District group 2,1986.0,81.9,2015-07-01,Regional
Jul-Sep 2015,John Hunter,Hunter New England,Principal referral,19016.0,65.7,2015-07-01,Regional
Jul-Sep 2015,Kempsey,Mid North Coast,District group 2,6228.0,78.7,2015-07-01,Regional
Jul-Sep 2015,Kurri Kurri,Hunter New England,District group 2,1360.0,88.0,2015-07-01,Regional
Jul-Sep 2015,Lismore,Northern NSW,Major,7807.0,60.3,2015-07-01,Regional
Jul-Sep 2015,Lithgow,Nepean Blue Mountains,District group 2,3121.0,90.4,2015-07-01,Metropolitan
Jul-Sep 2015,Liverpool,South Western Sydney,Principal referral,20759.0,58.8,2015-07-01,Metropolitan
Jul-Sep 2015,Macksville,Mid North Coast,District group 2,3179.0,71.9,2015-07-01,Regional
Jul-Sep 2015,Maclean,Northern NSW,District group 2,2773.0,62.1,2015-07-01,Regional
Jul-Sep 2015,Maitland,Hunter New England,Major,11780.0,67.6,2015-07-01,Regional
Jul-Sep 2015,Manly,Northern Sydney,Major,5845.0,87.2,2015-07-01,Metropolitan
Jul-Sep 2015,Manning,Hunter New England,Major,6872.0,80.6,2015-07-01,Regional
Jul-Sep 2015,Milton,Illawarra Shoalhaven,District group 2,3510.0,75.9,2015-07-01,Metropolitan
Jul-Sep 2015,Mona Vale,Northern Sydney,Major,8366.0,82.9,2015-07-01,Metropolitan
Jul-Sep 2015,Moree,Hunter New England,District group 2,1986.0,92.5,2015-07-01,Regional
Jul-Sep 2015,Moruya,Southern NSW,District group 2,2230.0,75.5,2015-07-01,Regional
Jul-Sep 2015,Mount Druitt,Western Sydney,District group 1,8551.0,52.1,2015-07-01,Metropolitan
Jul-Sep 2015,Mudgee,Western NSW,District group 2,3405.0,66.6,2015-07-01,Regional
Jul-Sep 2015,Murwillumbah,Northern NSW,District group 1,4130.0,83.2,2015-07-01,Regional
Jul-Sep 2015,Muswellbrook,Hunter New England,District group 2,2279.0,85.3,2015-07-01,Regional
Jul-Sep 2015,Narrabri,Hunter New England,District group 2,1419.0,84.9,2015-07-01,Regional
Jul-Sep 2015,Nepean,Nepean Blue Mountains,Principal referral,16838.0,51.6,2015-07-01,Metropolitan
Jul-Sep 2015,Orange,Western NSW,Major,6996.0,83.6,2015-07-01,Regional
Jul-Sep 2015,Port Macquarie,Mid North Coast,Major,8020.0,70.2,2015-07-01,Regional
Jul-Sep 2015,Prince of Wales,South Eastern Sydney,Principal referral,13683.0,75.2,2015-07-01,Metropolitan
Jul-Sep 2015,Queanbeyan,Southern NSW,District group 2,4313.0,70.7,2015-07-01,Regional
Jul-Sep 2015,Royal North Shore,Northern Sydney,Principal referral,19257.0,76.4,2015-07-01,Metropolitan
Jul-Sep 2015,Royal Prince Alfred,Sydney,Principal referral,18190.0,58.6,2015-07-01,Metropolitan
Jul-Sep 2015,Ryde,Northern Sydney,District group 1,6889.0,86.5,2015-07-01,Metropolitan
Jul-Sep 2015,Shellharbour,Illawarra Shoalhaven,District group 1,7221.0,73.1,2015-07-01,Metropolitan
Jul-Sep 2015,Shoalhaven,Illawarra Shoalhaven,Major,9356.0,62.8,2015-07-01,Metropolitan
Jul-Sep 2015,Singleton,Hunter New England,District group 2,2898.0,68.8,2015-07-01,Regional
Jul-Sep 2015,South East Regional,Southern NSW,District group 1,3122.0,73.7,2015-07-01,Regional
Jul-Sep 2015,St George,South Eastern Sydney,Principal referral,18843.0,61.9,2015-07-01,Metropolitan
Jul-Sep 2015,St Vincent's,St Vincent's Health Network,Principal referral,11638.0,82.6,2015-07-01,Specialty network
Jul-Sep 2015,Sutherland,South Eastern Sydney,Major,12480.0,62.8,2015-07-01,Metropolitan
Jul-Sep 2015,Sydney Children's Randwick,Sydney Children's Hospitals Network,Paediatric specialist,9726.0,63.8,2015-07-01,Specialty network
Jul-Sep 2015,Sydney and Sydney Eye,South Eastern Sydney,Ungrouped acute - tertiary referral,8742.0,92.6,2015-07-01,Metropolitan
Jul-Sep 2015,Tamworth,Hunter New England,Major,10891.0,59.7,2015-07-01,Regional
Jul-Sep 2015,Tweed Valley,Northern NSW,Major,12698.0,82.9,2015-07-01,Regional
Jul-Sep 2015,Wagga Wagga,Murrumbidgee,Major,9940.0,73.4,2015-07-01,Regional
Jul-Sep 2015,Westmead,Western Sydney,Principal referral,18185.0,41.3,2015-07-01,Metropolitan
Jul-Sep 2015,Wollongong,Illawarra Shoalhaven,Principal referral,15471.0,62.4,2015-07-01,Metropolitan
Jul-Sep 2015,Wyong,Central Coast,Major,15899.0,73.2,2015-07-01,Metropolitan
Jul-Sep 2015,Young,Murrumbidgee,District group 2,2279.0,84.5,2015-07-01,Regional
Jul-Sep 2016,Armidale,Hunter New England,District group 1,4076.0,69.4,2016-07-01,Regional
Jul-Sep 2016,Auburn,Western Sydney,Major,6654.0,68.4,2016-07-01,Metropolitan
Jul-Sep 2016,Ballina,Northern NSW,District group 2,3904.0,78.2,2016-07-01,Regional
Jul-Sep 2016,Bankstown-Lidcombe,South Western Sydney,Principal referral,13336.0,67.9,2016-07-01,Metropolitan
Jul-Sep 2016,Batemans Bay,Southern NSW,District group 2,3567.0,76.4,2016-07-01,Regional
Jul-Sep 2016,Bathurst,Western NSW,District group 1,6217.0,85.2,2016-07-01,Regional
Jul-Sep 2016,Belmont,Hunter New England,District group 1,5902.0,84.9,2016-07-01,Regional
Jul-Sep 2016,Blacktown,Western Sydney,Major,11262.0,53.2,2016-07-01,Metropolitan
Jul-Sep 2016,Blue Mountains,Nepean Blue Mountains,District group 2,4216.0,76.0,2016-07-01,Metropolitan
Jul-Sep 2016,Bowral,South Western Sydney,District group 1,4555.0,80.0,2016-07-01,Metropolitan
Jul-Sep 2016,Broken Hill,Far West,District group 1,5796.0,81.5,2016-07-01,Regional
Jul-Sep 2016,Byron Central,Northern NSW,District group 2,4055.0,82.0,2016-07-01,Regional
Jul-Sep 2016,Calvary Mater,Hunter New England,Ungrouped acute - tertiary referral,9066.0,81.0,2016-07-01,Regional
Jul-Sep 2016,Campbelltown,South Western Sydney,Major,16533.0,75.9,2016-07-01,Metropolitan
Jul-Sep 2016,Canterbury,Sydney,Major,11230.0,77.8,2016-07-01,Metropolitan
Jul-Sep 2016,Casino,Northern NSW,District group 2,3393.0,67.7,2016-07-01,Regional
Jul-Sep 2016,Cessnock,Hunter New England,District group 2,4262.0,73.4,2016-07-01,Regional
Jul-Sep 2016,Children's at Westmead,Sydney Children's Hospitals Network,Paediatric specialist,14740.0,59.0,2016-07-01,Specialty network
Jul-Sep 2016,Coffs Harbour,Mid North Coast,Major,9469.0,80.8,2016-07-01,Regional
Jul-Sep 2016,Concord,Sydney,Principal referral,9602.0,77.7,2016-07-01,Metropolitan
Jul-Sep 2016,Cooma,Southern NSW,District group 2,2944.0,74.2,2016-07-01,Regional
Jul-Sep 2016,Cowra,Western NSW,District group 2,1770.0,93.8,2016-07-01,Regional
Jul-Sep 2016,Deniliquin,Murrumbidgee,District group 2,2073.0,97.7,2016-07-01,Regional
Jul-Sep 2016,Dubbo,Western NSW,Major,8286.0,67.9,2016-07-01,Regional
Jul-Sep 2016,Fairfield,South Western Sydney,Major,8764.0,73.8,2016-07-01,Metropolitan
Jul-Sep 2016,Forbes,Western NSW,District group 2,1855.0,82.8,2016-07-01,Regional
Jul-Sep 2016,Gosford,Central Coast,Principal referral,16430.0,66.2,2016-07-01,Metropolitan
Jul-Sep 2016,Goulburn,Southern NSW,District group 1,4309.0,68.2,2016-07-01,Regional
Jul-Sep 2016,Grafton,Northern NSW,District group 1,6301.0,71.8,2016-07-01,Regional
Jul-Sep 2016,Griffith,Murrumbidgee,District group 1,5192.0,80.8,2016-07-01,Regional
Jul-Sep 2016,Gunnedah,Hunter New England,District group 2,1949.0,74.8,2016-07-01,Regional
Jul-Sep 2016,Hawkesbury,Nepean Blue Mountains,District group 1,5695.0,83.3,2016-07-01,Metropolitan
Jul-Sep 2016,Hornsby,Northern Sydney,Major,9574.0,86.8,2016-07-01,Metropolitan
Jul-Sep 2016,Inverell,Hunter New England,District group 2,2081.0,84.0,2016-07-01,Regional
Jul-Sep 2016,John Hunter,Hunter New England,Principal referral,19427.0,69.7,2016-07-01,Regional
Jul-Sep 2016,Kempsey,Mid North Coast,District group 2,6490.0,67.4,2016-07-01,Regional
Jul-Sep 2016,Kurri Kurri,Hunter New England,District group 2,969.0,93.0,2016-07-01,Regional
Jul-Sep 2016,Lismore,Northern NSW,Major,7927.0,64.6,2016-07-01,Regional
Jul-Sep 2016,Lithgow,Nepean Blue Mountains,District group 2,3099.0,91.0,2016-07-01,Metropolitan
Jul-Sep 2016,Liverpool,South Western Sydney,Principal referral,20751.0,77.1,2016-07-01,Metropolitan
Jul-Sep 2016,Macksville,Mid North Coast,District group 2,3003.0,76.0,2016-07-01,Regional
Jul-Sep 2016,Maclean,Northern NSW,District group 2,2948.0,59.6,2016-07-01,Regional
Jul-Sep 2016,Maitland,Hunter New England,Major,12232.0,70.8,2016-07-01,Regional
Jul-Sep 2016,Manly,Northern Sydney,Major,5800.0,87.6,2016-07-01,Metropolitan
Jul-Sep 2016,Manning,Hunter New England,Major,6985.0,79.8,2016-07-01,Regional
Jul-Sep 2016,Milton,Illawarra Shoalhaven,District group 2,3560.0,73.2,2016-07-01,Metropolitan
Jul-Sep 2016,Mona Vale,Northern Sydney,Major,8422.0,83.8,2016-07-01,Metropolitan
Jul-Sep 2016,Moree,Hunter New England,District group 2,1956.0,87.4,2016-07-01,Regional
Jul-Sep 2016,Moruya,Southern NSW,District group 2,2441.0,77.7,2016-07-01,Regional
Jul-Sep 2016,Mount Druitt,Western Sydney,District group 1,8133.0,55.7,2016-07-01,Metropolitan
Jul-Sep 2016,Mudgee,Western NSW,District group 2,2730.0,75.7,2016-07-01,Regional
Jul-Sep 2016,Murwillumbah,Northern NSW,District group 1,4385.0,91.5,2016-07-01,Regional
Jul-Sep 2016,Muswellbrook,Hunter New England,District group 2,2378.0,82.1,2016-07-01,Regional
Jul-Sep 2016,Narrabri,Hunter New England,District group 2,1339.0,91.4,2016-07-01,Regional
Jul-Sep 2016,Nepean,Nepean Blue Mountains,Principal referral,17046.0,61.6,2016-07-01,Metropolitan
Jul-Sep 2016,Orange,Western NSW,Major,7136.0,87.4,2016-07-01,Regional
Jul-Sep 2016,Port Macquarie,Mid North Coast,Major,8397.0,67.9,2016-07-01,Regional
Jul-Sep 2016,Prince of Wales,South Eastern Sydney,Principal referral,13921.0,74.8,2016-07-01,Metropolitan
Jul-Sep 2016,Queanbeyan,Southern NSW,District group 2,4793.0,71.7,2016-07-01,Regional
Jul-Sep 2016,Royal North Shore,Northern Sydney,Principal referral,20111.0,80.6,2016-07-01,Metropolitan
Jul-Sep 2016,Royal Prince Alfred,Sydney,Principal referral,18420.0,63.2,2016-07-01,Metropolitan
Jul-Sep 2016,Ryde,Northern Sydney,District group 1,6480.0,86.9,2016-07-01,Metropolitan
Jul-Sep 2016,Shellharbour,Illawarra Shoalhaven,District group 1,7574.0,73.1,2016-07-01,Metropolitan
Jul-Sep 2016,Shoalhaven,Illawarra Shoalhaven,Major,9234.0,62.5,2016-07-01,Metropolitan
Jul-Sep 2016,Singleton,Hunter New England,District group 2,2724.0,75.7,2016-07-01,Regional
Jul-Sep 2016,South East Regional,Southern NSW,District group 1,4188.0,61.3,2016-07-01,Regional
Jul-Sep 2016,St George,South Eastern Sydney,Principal referral,19065.0,68.0,2016-07-01,Metropolitan
Jul-Sep 2016,St Vincent's,St Vincent's Health Network,Principal referral,11181.0,80.1,2016-07-01,Specialty network
Jul-Sep 2016,Sutherland,South Eastern Sydney,Major,12462.0,60.9,2016-07-01,Metropolitan
Jul-Sep 2016,Sydney Children's Randwick,Sydney Children's Hospitals Network,Paediatric specialist,9445.0,68.4,2016-07-01,Specialty network
Jul-Sep 2016,Sydney and Sydney Eye,South Eastern Sydney,Ungrouped acute - tertiary referral,7814.0,84.5,2016-07-01,Metropolitan
Jul-Sep 2016,Tamworth,Hunter New England,Major,10879.0,74.5,2016-07-01,Regional
Jul-Sep 2016,Tweed Valley,Northern NSW,Major,12698.0,83.6,2016-07-01,Regional
Jul-Sep 2016,Wagga Wagga,Murrumbidgee,Major,10022.0,75.8,2016-07-01,Regional
Jul-Sep 2016,Westmead,Western Sydney,Principal referral,18660.0,47.1,2016-07-01,Metropolitan
Jul-Sep 2016,Wollongong,Illawarra Shoalhaven,Principal referral,15656.0,67.5,2016-07-01,Metropolitan
Jul-Sep 2016,Wyong,Central Coast,Major,15970.0,76.1,2016-07-01,Metropolitan
Jul-Sep 2016,Young,Murrumbidgee,District group 2,2697.0,93.4,2016-07-01,Regional
Jul-Sep 2017,Armidale,Hunter New England,District group 1,4200.0,60.8,2017-07-01,Regional
Jul-Sep 2017,Auburn,Western Sydney,Major,7767.0,60.8,2017-07-01,Metropolitan
Jul-Sep 2017,Ballina,Northern NSW,District group 2,4382.0,72.9,2017-07-01,Regional
Jul-Sep 2017,Bankstown-Lidcombe,South Western Sydney,Principal referral,14570.0,53.3,2017-07-01,Metropolitan
Jul-Sep 2017,Batemans Bay,Southern NSW,District group 2,4039.0,67.8,2017-07-01,Regional
Jul-Sep 2017,Bathurst,Western NSW,District group 1,6955.0,74.8,2017-07-01,Regional
Jul-Sep 2017,Belmont,Hunter New England,District group 1,6616.0,80.6,2017-07-01,Regional
Jul-Sep 2017,Blacktown,Western Sydney,Major,12901.0,48.0,2017-07-01,Metropolitan
Jul-Sep 2017,Blue Mountains,Nepean Blue Mountains,District group 2,4492.0,69.9,2017-07-01,Metropolitan
Jul-Sep 2017,Bowral,South Western Sydney,District group 1,5124.0,71.9,2017-07-01,Metropolitan
Jul-Sep 2017,Broken Hill,Far West,District group 1,5747.0,85.3,2017-07-01,Regional
Jul-Sep 2017,Byron Central,Northern NSW,District group 2,4564.0,80.6,2017-07-01,Regional
Jul-Sep 2017,Calvary Mater,Hunter New England,Ungrouped acute - tertiary referral,9654.0,81.4,2017-07-01,Regional
Jul-Sep 2017,Campbelltown,South Western Sydney,Major,18835.0,72.7,2017-07-01,Metropolitan
Jul-Sep 2017,Canterbury,Sydney,Major,12453.0,71.2,2017-07-01,Metropolitan
Jul-Sep 2017,Casino,Northern NSW,District group 2,3564.0,71.0,2017-07-01,Regional
Jul-Sep 2017,Cessnock,Hunter New England,District group 2,4669.0,74.5,2017-07-01,Regional
Jul-Sep 2017,Children's at Westmead,Sydney Children's Hospitals Network,Paediatric specialist,16349.0,57.2,2017-07-01,Specialty network
Jul-Sep 2017,Coffs Harbour,Mid North Coast,Major,10514.0,75.5,2017-07-01,Regional
Jul-Sep 2017,Concord,Sydney,Principal referral,10445.0,70.4,2017-07-01,Metropolitan
Jul-Sep 2017,Cooma,Southern NSW,District group 2,3039.0,76.9,2017-07-01,Regional
Jul-Sep 2017,Cowra,Western NSW,District group 2,1691.0,93.2,2017-07-01,Regional
Jul-Sep 2017,Deniliquin,Murrumbidgee,District group 2,2264.0,91.5,2017-07-01,Regional
Jul-Sep 2017,Dubbo,Western NSW,Major,9026.0,76.4,2017-07-01,Regional
Jul-Sep 2017,Fairfield,South Western Sydney,Major,9769.0,59.1,2017-07-01,Metropolitan
Jul-Sep 2017,Forbes,Western NSW,District group 2,2031.0,85.4,2017-07-01,Regional
Jul-Sep 2017,Gosford,Central Coast,Principal referral,17739.0,64.7,2017-07-01,Metropolitan
Jul-Sep 2017,Goulburn,Southern NSW,District group 1,4658.0,70.0,2017-07-01,Regional
Jul-Sep 2017,Grafton,Northern NSW,District group 1,6802.0,69.9,2017-07-01,Regional
Jul-Sep 2017,Griffith,Murrumbidgee,District group 1,5407.0,75.3,2017-07-01,Regional
Jul-Sep 2017,Gunnedah,Hunter New England,District group 2,2457.0,72.1,2017-07-01,Regional
Jul-Sep 2017,Hawkesbury,Nepean Blue Mountains,District group 1,6452.0,78.2,2017-07-01,Metropolitan
Jul-Sep 2017,Hornsby,Northern Sydney,Major,10644.0,83.8,2017-07-01,Metropolitan
Jul-Sep 2017,Inverell,Hunter New England,District group 2,2349.0,84.2,2017-07-01,Regional
Jul-Sep 2017,John Hunter,Hunter New England,Principal referral,20675.0,68.1,2017-07-01,Regional
Jul-Sep 2017,Kempsey,Mid North Coast,District group 2,7565.0,62.8,2017-07-01,Regional
Jul-Sep 2017,Kurri Kurri,Hunter New England,District group 2,973.0,92.6,2017-07-01,Regional
Jul-Sep 2017,Lismore,Northern NSW,Major,9035.0,59.9,2017-07-01,Regional
Jul-Sep 2017,Lithgow,Nepean Blue Mountains,District group 2,3265.0,86.8,2017-07-01,Metropolitan
Jul-Sep 2017,Liverpool,South Western Sydney,Principal referral,22556.0,72.9,2017-07-01,Metropolitan
Jul-Sep 2017,Macksville,Mid North Coast,District group 2,3884.0,73.2,2017-07-01,Regional
Jul-Sep 2017,Maclean,Northern NSW,District group 2,3070.0,72.1,2017-07-01,Regional
Jul-Sep 2017,Maitland,Hunter New England,Major,12608.0,59.1,2017-07-01,Regional
Jul-Sep 2017,Manly,Northern Sydney,Major,6369.0,87.3,2017-07-01,Metropolitan
Jul-Sep 2017,Manning,Hunter New England,Major,8194.0,67.4,2017-07-01,Regional
Jul-Sep 2017,Milton,Illawarra Shoalhaven,District group 2,3320.0,72.3,2017-07-01,Metropolitan
Jul-Sep 2017,Mona Vale,Northern Sydney,Major,8915.0,81.2,2017-07-01,Metropolitan
Jul-Sep 2017,Moree,Hunter New England,District group 2,2583.0,88.5,2017-07-01,Regional
Jul-Sep 2017,Moruya,Southern NSW,District group 2,2628.0,75.1,2017-07-01,Regional
Jul-Sep 2017,Mount Druitt,Western Sydney,District group 1,9355.0,61.4,2017-07-01,Metropolitan
Jul-Sep 2017,Mudgee,Western NSW,District group 2,3314.0,66.9,2017-07-01,Regional
Jul-Sep 2017,Murwillumbah,Northern NSW,District group 1,4825.0,85.6,2017-07-01,Regional
Jul-Sep 2017,Muswellbrook,Hunter New England,District group 2,2606.0,78.6,2017-07-01,Regional
Jul-Sep 2017,Narrabri,Hunter New England,District group 2,1696.0,91.5,2017-07-01,Regional
Jul-Sep 2017,Nepean,Nepean Blue Mountains,Principal referral,18743.0,51.8,2017-07-01,Metropolitan
Jul-Sep 2017,Orange,Western NSW,Major,7911.0,84.6,2017-07-01,Regional
Jul-Sep 2017,Port Macquarie,Mid North Coast,Major,8832.0,71.3,2017-07-01,Regional
Jul-Sep 2017,Prince of Wales,South Eastern Sydney,Principal referral,14497.0,70.9,2017-07-01,Metropolitan
Jul-Sep 2017,Queanbeyan,Southern NSW,District group 2,5261.0,72.7,2017-07-01,Regional
Jul-Sep 2017,Royal North Shore,Northern Sydney,Principal referral,22435.0,78.7,2017-07-01,Metropolitan
Jul-Sep 2017,Royal Prince Alfred,Sydney,Principal referral,19676.0,54.6,2017-07-01,Metropolitan
Jul-Sep 2017,Ryde,Northern Sydney,District group 1,7452.0,85.7,2017-07-01,Metropolitan
Jul-Sep 2017,Shellharbour,Illawarra Shoalhaven,District group 1,7962.0,66.2,2017-07-01,Metropolitan
Jul-Sep 2017,Shoalhaven,Illawarra Shoalhaven,Major,10037.0,59.0,2017-07-01,Metropolitan
Jul-Sep 2017,Singleton,Hunter New England,District group 2,3050.0,67.1,2017-07-01,Regional
Jul-Sep 2017,South East Regional,Southern NSW,District group 1,4342.0,70.8,2017-07-01,Regional
Jul-Sep 2017,St George,South Eastern Sydney,Principal referral,21169.0,59.3,2017-07-01,Metropolitan
Jul-Sep 2017,St Vincent's,St Vincent's Health Network,Principal referral,11832.0,76.2,2017-07-01,Specialty network
Jul-Sep 2017,Sutherland,South Eastern Sydney,Major,13549.0,55.7,2017-07-01,Metropolitan
Jul-Sep 2017,Sydney Children's Randwick,Sydney Children's Hospitals Network,Paediatric specialist,10049.0,61.4,2017-07-01,Specialty network
Jul-Sep 2017,Sydney and Sydney Eye,South Eastern Sydney,Ungrouped acute - tertiary referral,8124.0,83.8,2017-07-01,Metropolitan
Jul-Sep 2017,Tamworth,Hunter New England,Major,12366.0,63.3,2017-07-01,Regional
Jul-Sep 2017,Tweed Valley,Northern NSW,Major,13317.0,76.9,2017-07-01,Regional
Jul-Sep 2017,Wagga Wagga,Murrumbidgee,Major,10629.0,75.3,2017-07-01,Regional
Jul-Sep 2017,Westmead,Western Sydney,Principal referral,19288.0,54.0,2017-07-01,Metropolitan
Jul-Sep 2017,Wollongong,Illawarra Shoalhaven,Principal referral,17544.0,68.0,2017-07-01,Metropolitan
Jul-Sep 2017,Wyong,Central Coast,Major,17444.0,74.1,2017-07-01,Metropolitan
Jul-Sep 2017,Young,Murrumbidgee,District group 2,2269.0,93.2,2017-07-01,Regional
Jul-Sep 2018,Armidale,Hunter New England,District group 1,4065.0,72.1,2018-07-01,Regional
Jul-Sep 2018,Auburn,Western Sydney,Major,6968.0,64.0,2018-07-01,Metropolitan
Jul-Sep 2018,Ballina,Northern NSW,District group 2,4166.0,82.1,2018-07-01,Regional
Jul-Sep 2018,Bankstown-Lidcombe,South Western Sydney,Principal referral,13647.0,64.2,2018-07-01,Metropolitan
Jul-Sep 2018,Batemans Bay,Southern NSW,District group 2,4362.0,73.3,2018-07-01,Regional
Jul-Sep 2018,Bathurst,Western NSW,District group 1,6473.0,88.5,2018-07-01,Regional
Jul-Sep 2018,Belmont,Hunter New England,District group 1,6417.0,82.5,2018-07-01,Regional
Jul-Sep 2018,Blacktown,Western Sydney,Major,13616.0,70.2,2018-07-01,Metropolitan
Jul-Sep 2018,Blue Mountains,Nepean Blue Mountains,District group 2,4193.0,70.2,2018-07-01,Metropolitan
Jul-Sep 2018,Bowral,South Western Sydney,District group 1,4847.0,76.3,2018-07-01,Metropolitan
Jul-Sep 2018,Broken Hill,Far West,District group 1,6011.0,77.5,2018-07-01,Regional
Jul-Sep 2018,Byron Central,Northern NSW,District group 2,4750.0,80.5,2018-07-01,Regional
Jul-Sep 2018,Calvary Mater,Hunter New England,Ungrouped acute - tertiary referral,9673.0,82.9,2018-07-01,Regional
Jul-Sep 2018,Campbelltown,South Western Sydney,Major,19285.0,79.2,2018-07-01,Metropolitan
Jul-Sep 2018,Canterbury,Sydney,Major,11448.0,72.5,2018-07-01,Metropolitan
Jul-Sep 2018,Casino,Northern NSW,District group 2,3018.0,77.2,2018-07-01,Regional
Jul-Sep 2018,Cessnock,Hunter New England,District group 2,4272.0,72.7,2018-07-01,Regional
Jul-Sep 2018,Children's at Westmead,Sydney Children's Hospitals Network,Paediatric specialist,15431.0,54.8,2018-07-01,Specialty network
Jul-Sep 2018,Coffs Harbour,Mid North Coast,Major,9944.0,80.0,2018-07-01,Regional
Jul-Sep 2018,Concord,Sydney,Principal referral,10113.0,76.2,2018-07-01,Metropolitan
Jul-Sep 2018,Cooma,Southern NSW,District group 2,2957.0,77.5,2018-07-01,Regional
Jul-Sep 2018,Cowra,Western NSW,District group 2,1776.0,91.2,2018-07-01,Regional
Jul-Sep 2018,Deniliquin,Murrumbidgee,District group 2,2370.0,93.2,2018-07-01,Regional
Jul-Sep 2018,Dubbo,Western NSW,Major,8480.0,68.0,2018-07-01,Regional
Jul-Sep 2018,Fairfield,South Western Sydney,Major,9083.0,67.8,2018-07-01,Metropolitan
Jul-Sep 2018,Forbes,Western NSW,District group 2,1886.0,83.4,2018-07-01,Regional
Jul-Sep 2018,Gosford,Central Coast,Principal referral,17173.0,66.3,2018-07-01,Metropolitan
Jul-Sep 2018,Goulburn,Southern NSW,District group 1,4831.0,64.6,2018-07-01,Regional
Jul-Sep 2018,Grafton,Northern NSW,District group 1,6651.0,74.4,2018-07-01,Regional
Jul-Sep 2018,Griffith,Murrumbidgee,District group 1,5619.0,72.8,2018-07-01,Regional
Jul-Sep 2018,Gunnedah,Hunter New England,District group 2,2201.0,71.2,2018-07-01,Regional
Jul-Sep 2018,Hawkesbury,Nepean Blue Mountains,District group 1,6471.0,77.3,2018-07-01,Metropolitan
Jul-Sep 2018,Hornsby,Northern Sydney,Major,10164.0,88.1,2018-07-01,Metropolitan
Jul-Sep 2018,Inverell,Hunter New England,District group 2,2358.0,85.4,2018-07-01,Regional
Jul-Sep 2018,John Hunter,Hunter New England,Principal referral,20298.0,73.2,2018-07-01,Regional
Jul-Sep 2018,Kempsey,Mid North Coast,District group 2,7056.0,70.1,2018-07-01,Regional
Jul-Sep 2018,Kurri Kurri,Hunter New England,District group 2,1012.0,91.8,2018-07-01,Regional
Jul-Sep 2018,Lismore,Northern NSW,Major,9568.0,75.6,2018-07-01,Regional
Jul-Sep 2018,Lithgow,Nepean Blue Mountains,District group 2,3239.0,87.6,2018-07-01,Metropolitan
Jul-Sep 2018,Liverpool,South Western Sydney,Principal referral,22433.0,76.5,2018-07-01,Metropolitan
Jul-Sep 2018,Macksville,Mid North Coast,District group 2,3431.0,77.8,2018-07-01,Regional
Jul-Sep 2018,Maclean,Northern NSW,District group 2,3008.0,73.3,2018-07-01,Regional
Jul-Sep 2018,Maitland,Hunter New England,Major,12151.0,64.8,2018-07-01,Regional
Jul-Sep 2018,Manly,Northern Sydney,Major,5958.0,91.6,2018-07-01,Metropolitan
Jul-Sep 2018,Manning,Hunter New England,Major,7953.0,72.1,2018-07-01,Regional
Jul-Sep 2018,Milton,Illawarra Shoalhaven,District group 2,2865.0,73.1,2018-07-01,Metropolitan
Jul-Sep 2018,Mona Vale,Northern Sydney,Major,8565.0,86.4,2018-07-01,Metropolitan
Jul-Sep 2018,Moree,Hunter New England,District group 2,2107.0,85.5,2018-07-01,Regional
Jul-Sep 2018,Moruya,Southern NSW,District group 2,2531.0,72.6,2018-07-01,Regional
Jul-Sep 2018,Mount Druitt,Western Sydney,District group 1,9194.0,73.0,2018-07-01,Metropolitan
Jul-Sep 2018,Mudgee,Western NSW,District group 2,2972.0,72.4,2018-07-01,Regional
Jul-Sep 2018,Murwillumbah,Northern NSW,District group 1,4485.0,89.1,2018-07-01,Regional
Jul-Sep 2018,Muswellbrook,Hunter New England,District group 2,2528.0,76.1,2018-07-01,Regional
Jul-Sep 2018,Narrabri,Hunter New England,District group 2,1392.0,90.6,2018-07-01,Regional
Jul-Sep 2018,Nepean,Nepean Blue Mountains,Principal referral,18009.0,51.5,2018-07-01,Metropolitan
Jul-Sep 2018,Orange,Western NSW,Major,7405.0,85.9,2018-07-01,Regional
Jul-Sep 2018,Port Macquarie,Mid North Coast,Major,8922.0,78.0,2018-07-01,Regional
Jul-Sep 2018,Prince of Wales,South Eastern Sydney,Principal referral,15027.0,68.5,2018-07-01,Metropolitan
Jul-Sep 2018,Queanbeyan,Southern NSW,District group 2,5585.0,73.7,2018-07-01,Regional
Jul-Sep 2018,Royal North Shore,Northern Sydney,Principal referral,22229.0,75.7,2018-07-01,Metropolitan
Jul-Sep 2018,Royal Prince Alfred,Sydney,Principal referral,19578.0,61.0,2018-07-01,Metropolitan
Jul-Sep 2018,Ryde,Northern Sydney,District group 1,6755.0,83.5,2018-07-01,Metropolitan
Jul-Sep 2018,Shellharbour,Illawarra Shoalhaven,District group 1,7763.0,67.2,2018-07-01,Metropolitan
Jul-Sep 2018,Shoalhaven,Illawarra Shoalhaven,Major,9774.0,63.1,2018-07-01,Metropolitan
Jul-Sep 2018,Singleton,Hunter New England,District group 2,3034.0,72.8,2018-07-01,Regional
Jul-Sep 2018,South East Regional,Southern NSW,District group 1,4283.0,76.2,2018-07-01,Regional
Jul-Sep 2018,St George,South Eastern Sydney,Principal referral,20291.0,66.9,2018-07-01,Metropolitan
Jul-Sep 2018,St Vincent's,St Vincent's Health Network,Principal referral,11777.0,78.3,2018-07-01,Specialty network
Jul-Sep 2018,Sutherland,South Eastern Sydney,Major,13391.0,61.8,2018-07-01,Metropolitan
Jul-Sep 2018,Sydney Children's Randwick,Sydney Children's Hospitals Network,Paediatric specialist,9245.0,67.0,2018-07-01,Specialty network
Jul-Sep 2018,Sydney and Sydney Eye,South Eastern Sydney,Ungrouped acute - tertiary referral,7754.0,87.1,2018-07-01,Metropolitan
Jul-Sep 2018,Tamworth,Hunter New England,Major,10795.0,65.5,2018-07-01,Regional
Jul-Sep 2018,Tweed Valley,Northern NSW,Major,13132.0,80.7,2018-07-01,Regional
Jul-Sep 2018,Wagga Wagga,Murrumbidgee,Major,11108.0,81.6,2018-07-01,Regional
Jul-Sep 2018,Westmead,Western Sydney,Principal referral,19232.0,45.0,2018-07-01,Metropolitan
Jul-Sep 2018,Wollongong,Illawarra Shoalhaven,Principal referral,17511.0,69.9,2018-07-01,Metropolitan
Jul-Sep 2018,Wyong,Central Coast,Major,16891.0,71.6,2018-07-01,Metropolitan
Jul-Sep 2018,Young,Murrumbidgee,District group 2,1957.0,95.7,2018-07-01,Regional
Jul-Sep 2019,Armidale,Hunter New England,District group 1,4533.0,55.5,2019-07-01,Regional
Jul-Sep 2019,Auburn,Western Sydney,Major,7618.0,54.0,2019-07-01,Metropolitan
Jul-Sep 2019,Ballina,Northern NSW,District group 2,4481.0,71.9,2019-07-01,Regional
Jul-Sep 2019,Bankstown-Lidcombe,South Western Sydney,Principal referral,14480.0,62.0,2019-07-01,Metropolitan
Jul-Sep 2019,Batemans Bay,Southern NSW,District group 2,3668.0,70.7,2019-07-01,Regional
Jul-Sep 2019,Bathurst,Western NSW,District group 1,7069.0,80.3,2019-07-01,Regional
Jul-Sep 2019,Belmont,Hunter New England,District group 1,7169.0,76.9,2019-07-01,Regional
Jul-Sep 2019,Blacktown,Western Sydney,Major,14218.0,56.5,2019-07-01,Metropolitan
Jul-Sep 2019,Blue Mountains,Nepean Blue Mountains,District group 2,4530.0,73.2,2019-07-01,Metropolitan
Jul-Sep 2019,Bowral,South Western Sydney,District group 1,4975.0,62.6,2019-07-01,Metropolitan
Jul-Sep 2019,Broken Hill,Far West,District group 1,6173.0,66.0,2019-07-01,Regional
Jul-Sep 2019,Byron Central,Northern NSW,District group 2,5098.0,85.3,2019-07-01,Regional
Jul-Sep 2019,Calvary Mater,Hunter New England,Ungrouped acute - tertiary referral,10121.0,79.7,2019-07-01,Regional
Jul-Sep 2019,Campbelltown,South Western Sydney,Major,20991.0,75.2,2019-07-01,Metropolitan
Jul-Sep 2019,Canterbury,Sydney,Major,12073.0,67.2,2019-07-01,Metropolitan
Jul-Sep 2019,Casino,Northern NSW,District group 2,3760.0,61.3,2019-07-01,Regional
Jul-Sep 2019,Cessnock,Hunter New England,District group 2,4486.0,71.7,2019-07-01,Regional
Jul-Sep 2019,Children's at Westmead,Sydney Children's Hospitals Network,Paediatric specialist,16788.0,73.8,2019-07-01,Specialty network
Jul-Sep 2019,Coffs Harbour,Mid North Coast,Major,10955.0,72.9,2019-07-01,Regional
Jul-Sep 2019,Concord,Sydney,Principal referral,11056.0,65.5,2019-07-01,Metropolitan
Jul-Sep 2019,Cooma,Southern NSW,District group 2,3196.0,74.6,2019-07-01,Regional
Jul-Sep 2019,Cowra,Western NSW,District group 2,1832.0,92.1,2019-07-01,Regional
Jul-Sep 2019,Deniliquin,Murrumbidgee,District group 2,2579.0,98.1,2019-07-01,Regional
Jul-Sep 2019,Dubbo,Western NSW,Major,9837.0,60.6,2019-07-01,Regional
Jul-Sep 2019,Fairfield,South Western Sydney,Major,9944.0,63.3,2019-07-01,Metropolitan
Jul-Sep 2019,Forbes,Western NSW,District group 2,2152.0,82.0,2019-07-01,Regional
Jul-Sep 2019,Gosford,Central Coast,Principal referral,18839.0,57.4,2019-07-01,Metropolitan
Jul-Sep 2019,Goulburn,Southern NSW,District group 1,5063.0,72.9,2019-07-01,Regional
Jul-Sep 2019,Grafton,Northern NSW,District group 1,6890.0,76.7,2019-07-01,Regional
Jul-Sep 2019,Griffith,Murrumbidgee,District group 1,6208.0,84.7,2019-07-01,Regional
Jul-Sep 2019,Gunnedah,Hunter New England,District group 2,2361.0,67.9,2019-07-01,Regional
Jul-Sep 2019,Hawkesbury,Nepean Blue Mountains,District group 1,6974.0,71.9,2019-07-01,Metropolitan
Jul-Sep 2019,Hornsby,Northern Sydney,Major,10716.0,84.7,2019-07-01,Metropolitan
Jul-Sep 2019,Inverell,Hunter New England,District group 2,2463.0,78.9,2019-07-01,Regional
Jul-Sep 2019,John Hunter,Hunter New England,Principal referral,22069.0,71.2,2019-07-01,Regional
Jul-Sep 2019,Kempsey,Mid North Coast,District group 2,7420.0,71.6,2019-07-01,Regional
Jul-Sep 2019,Kurri Kurri,Hunter New England,District group 2,841.0,94.8,2019-07-01,Regional
Jul-Sep 2019,Lismore,Northern NSW,Major,10181.0,67.2,2019-07-01,Regional
Jul-Sep 2019,Lithgow,Nepean Blue Mountains,District group 2,3123.0,91.9,2019-07-01,Metropolitan
Jul-Sep 2019,Liverpool,South Western Sydney,Principal referral,24318.0,68.5,2019-07-01,Metropolitan
Jul-Sep 2019,Macksville,Mid North Coast,District group 2,3557.0,75.7,2019-07-01,Regional
Jul-Sep 2019,Maclean,Northern NSW,District group 2,3538.0,68.8,2019-07-01,Regional
Jul-Sep 2019,Maitland,Hunter New England,Major,13126.0,63.7,2019-07-01,Regional
Jul-Sep 2019,Manning,Hunter New England,Major,8470.0,87.9,2019-07-01,Regional
Jul-Sep 2019,Milton,Illawarra Shoalhaven,District group 2,3511.0,72.0,2019-07-01,Metropolitan
Jul-Sep 2019,Moree,Hunter New England,District group 2,2601.0,73.2,2019-07-01,Regional
Jul-Sep 2019,Moruya,Southern NSW,District group 2,2779.0,73.4,2019-07-01,Regional
Jul-Sep 2019,Mount Druitt,Western Sydney,District group 1,10249.0,54.9,2019-07-01,Metropolitan
Jul-Sep 2019,Mudgee,Western NSW,District group 2,3607.0,63.1,2019-07-01,Regional
Jul-Sep 2019,Murwillumbah,Northern NSW,District group 1,4717.0,87.4,2019-07-01,Regional
Jul-Sep 2019,Muswellbrook,Hunter New England,District group 2,2798.0,80.2,2019-07-01,Regional
Jul-Sep 2019,Narrabri,Hunter New England,District group 2,1526.0,89.4,2019-07-01,Regional
Jul-Sep 2019,Nepean,Nepean Blue Mountains,Principal referral,19179.0,48.2,2019-07-01,Metropolitan
Jul-Sep 2019,Northern Beaches,Northern Sydney,Major,15424.0,76.3,2019-07-01,Metropolitan
Jul-Sep 2019,Orange,Western NSW,Major,7922.0,76.0,2019-07-01,Regional
Jul-Sep 2019,Port Macquarie,Mid North Coast,Major,10873.0,76.4,2019-07-01,Regional
Jul-Sep 2019,Prince of Wales,South Eastern Sydney,Principal referral,14912.0,63.1,2019-07-01,Metropolitan
Jul-Sep 2019,Queanbeyan,Southern NSW,District group 2,6118.0,72.6,2019-07-01,Regional
Jul-Sep 2019,Royal North Shore,Northern Sydney,Principal referral,22406.0,76.7,2019-07-01,Metropolitan
Jul-Sep 2019,Royal Prince Alfred,Sydney,Principal referral,20669.0,64.9,2019-07-01,Metropolitan
Jul-Sep 2019,Ryde,Northern Sydney,District group 1,7178.0,83.1,2019-07-01,Metropolitan
Jul-Sep 2019,Shellharbour,Illawarra Shoalhaven,District group 1,8407.0,64.6,2019-07-01,Metropolitan
Jul-Sep 2019,Shoalhaven,Illawarra Shoalhaven,Major,10199.0,51.2,2019-07-01,Metropolitan
Jul-Sep 2019,Singleton,Hunter New England,District group 2,3250.0,75.8,2019-07-01,Regional
Jul-Sep 2019,South East Regional,Southern NSW,District group 1,4864.0,68.6,2019-07-01,Regional
Jul-Sep 2019,St George,South Eastern Sydney,Principal referral,20574.0,59.8,2019-07-01,Metropolitan
Jul-Sep 2019,St Vincent's,St Vincent's Health Network,Principal referral,12463.0,74.3,2019-07-01,Specialty network
Jul-Sep 2019,Sutherland,South Eastern Sydney,Major,14785.0,59.7,2019-07-01,Metropolitan
Jul-Sep 2019,Sydney Children's Randwick,Sydney Children's Hospitals Network,Paediatric specialist,9502.0,62.9,2019-07-01,Specialty network
Jul-Sep 2019,Sydney and Sydney Eye,South Eastern Sydney,Ungrouped acute - tertiary referral,7895.0,87.5,2019-07-01,Metropolitan
Jul-Sep 2019,Tamworth,Hunter New England,Major,12180.0,62.4,2019-07-01,Regional
Jul-Sep 2019,Tweed Valley,Northern NSW,Major,13650.0,77.1,2019-07-01,Regional
Jul-Sep 2019,Wagga Wagga,Murrumbidgee,Major,12242.0,83.4,2019-07-01,Regional
Jul-Sep 2019,Westmead,Western Sydney,Principal referral,19023.0,52.1,2019-07-01,Metropolitan
Jul-Sep 2019,Wollongong,Illawarra Shoalhaven,Principal referral,18588.0,69.1,2019-07-01,Metropolitan
Jul-Sep 2019,Wyong,Central Coast,Major,18260.0,62.8,2019-07-01,Metropolitan
Jul-Sep 2019,Young,Murrumbidgee,District group 2,2422.0,97.8,2019-07-01,Regional
Jul-Sep 2020,Armidale,Hunter New England,District group 1,4035.0,71.0,2020-07-01,Regional
Jul-Sep 2020,Auburn,Western Sydney,Major,7258.0,77.1,2020-07-01,Metropolitan
Jul-Sep 2020,Ballina,Northern NSW,District group 2,4265.0,77.6,2020-07-01,Regional
Jul-Sep 2020,Bankstown-Lidcombe,South Western Sydney,Principal referral,12354.0,69.5,2020-07-01,Metropolitan
Jul-Sep 2020,Batemans Bay,Southern NSW,District group 2,2752.0,80.6,2020-07-01,Regional
Jul-Sep 2020,Bathurst,Western NSW,District group 1,12507.0,88.4,2020-07-01,Regional
Jul-Sep 2020,Belmont,Hunter New England,District group 1,6490.0,74.8,2020-07-01,Regional
Jul-Sep 2020,Blacktown,Western Sydney,Major,14230.0,75.2,2020-07-01,Metropolitan
Jul-Sep 2020,Blue Mountains,Nepean Blue Mountains,District group 2,4125.0,77.5,2020-07-01,Metropolitan
Jul-Sep 2020,Bowral,South Western Sydney,District group 1,4296.0,77.4,2020-07-01,Metropolitan
Jul-Sep 2020,Broken Hill,Far West,District group 1,4402.0,62.1,2020-07-01,Regional
Jul-Sep 2020,Byron Central,Northern NSW,District group 2,4905.0,83.3,2020-07-01,Regional
Jul-Sep 2020,Calvary Mater,Hunter New England,Ungrouped acute - tertiary referral,9367.0,84.0,2020-07-01,Regional
Jul-Sep 2020,Campbelltown,South Western Sydney,Major,18694.0,84.9,2020-07-01,Metropolitan
Jul-Sep 2020,Canterbury,Sydney,Major,9378.0,84.3,2020-07-01,Metropolitan
Jul-Sep 2020,Casino,Northern NSW,District group 2,2745.0,81.1,2020-07-01,Regional
Jul-Sep 2020,Cessnock,Hunter New England,District group 2,3912.0,66.8,2020-07-01,Regional
Jul-Sep 2020,Children's at Westmead,Sydney Children's Hospitals Network,Paediatric specialist,12376.0,75.8,2020-07-01,Specialty network
Jul-Sep 2020,Coffs Harbour,Mid North Coast,Major,10105.0,77.7,2020-07-01,Regional
Jul-Sep 2020,Concord,Sydney,Principal referral,9530.0,77.5,2020-07-01,Metropolitan
Jul-Sep 2020,Cooma,Southern NSW,District group 2,2502.0,87.7,2020-07-01,Regional
Jul-Sep 2020,Cowra,Western NSW,District group 2,1569.0,94.7,2020-07-01,Regional
Jul-Sep 2020,Deniliquin,Murrumbidgee,District group 2,1926.0,97.7,2020-07-01,Regional
Jul-Sep 2020,Dubbo,Western NSW,Major,13719.0,88.9,2020-07-01,Regional
Jul-Sep 2020,Fairfield,South Western Sydney,Major,7684.0,76.5,2020-07-01,Metropolitan
Jul-Sep 2020,Forbes,Western NSW,District group 2,1878.0,88.1,2020-07-01,Regional
Jul-Sep 2020,Gosford,Central Coast,Principal referral,17734.0,70.6,2020-07-01,Metropolitan
Jul-Sep 2020,Goulburn,Southern NSW,District group 1,4227.0,71.5,2020-07-01,Regional
Jul-Sep 2020,Grafton,Northern NSW,District group 1,5982.0,74.9,2020-07-01,Regional
Jul-Sep 2020,Griffith,Murrumbidgee,District group 1,4538.0,89.4,2020-07-01,Regional
Jul-Sep 2020,Gunnedah,Hunter New England,District group 2,2358.0,83.4,2020-07-01,Regional
Jul-Sep 2020,Hawkesbury,Nepean Blue Mountains,District group 1,6145.0,69.3,2020-07-01,Metropolitan
Jul-Sep 2020,Hornsby,Northern Sydney,Major,9542.0,92.3,2020-07-01,Metropolitan
Jul-Sep 2020,Inverell,Hunter New England,District group 2,1926.0,87.0,2020-07-01,Regional
Jul-Sep 2020,John Hunter,Hunter New England,Principal referral,21019.0,77.6,2020-07-01,Regional
Jul-Sep 2020,Kempsey,Mid North Coast,District group 2,6530.0,77.5,2020-07-01,Regional
Jul-Sep 2020,Kurri Kurri,Hunter New England,District group 2,534.0,95.9,2020-07-01,Regional
Jul-Sep 2020,Lismore,Northern NSW,Major,9524.0,69.2,2020-07-01,Regional
Jul-Sep 2020,Lithgow,Nepean Blue Mountains,District group 2,2573.0,93.4,2020-07-01,Metropolitan
Jul-Sep 2020,Liverpool,South Western Sydney,Principal referral,19511.0,84.2,2020-07-01,Metropolitan
Jul-Sep 2020,Macksville,Mid North Coast,District group 2,3036.0,94.2,2020-07-01,Regional
Jul-Sep 2020,Maclean,Northern NSW,District group 2,2802.0,72.7,2020-07-01,Regional
Jul-Sep 2020,Maitland,Hunter New England,Major,12151.0,67.2,2020-07-01,Regional
Jul-Sep 2020,Manning,Hunter New England,Major,7798.0,82.8,2020-07-01,Regional
Jul-Sep 2020,Milton,Illawarra Shoalhaven,District group 2,4547.0,90.6,2020-07-01,Metropolitan
Jul-Sep 2020,Moree,Hunter New England,District group 2,2249.0,76.8,2020-07-01,Regional
Jul-Sep 2020,Moruya,Southern NSW,District group 2,2345.0,75.2,2020-07-01,Regional
Jul-Sep 2020,Mount Druitt,Western Sydney,District group 1,7636.0,79.2,2020-07-01,Metropolitan
Jul-Sep 2020,Mudgee,Western NSW,District group 2,3107.0,76.8,2020-07-01,Regional
Jul-Sep 2020,Murwillumbah,Northern NSW,District group 1,4010.0,90.0,2020-07-01,Regional
Jul-Sep 2020,Muswellbrook,Hunter New England,District group 2,2478.0,74.8,2020-07-01,Regional
Jul-Sep 2020,Narrabri,Hunter New England,District group 2,1279.0,89.8,2020-07-01,Regional
Jul-Sep 2020,Nepean,Nepean Blue Mountains,Principal referral,17272.0,52.4,2020-07-01,Metropolitan
Jul-Sep 2020,Northern Beaches,Northern Sydney,Major,36742.0,91.7,2020-07-01,Metropolitan
Jul-Sep 2020,Orange,Western NSW,Major,9410.0,88.4,2020-07-01,Regional
Jul-Sep 2020,Port Macquarie,Mid North Coast,Major,10568.0,74.8,2020-07-01,Regional
Jul-Sep 2020,Prince of Wales,South Eastern Sydney,Principal referral,13617.0,75.1,2020-07-01,Metropolitan
Jul-Sep 2020,Queanbeyan,Southern NSW,District group 2,5316.0,82.9,2020-07-01,Regional
Jul-Sep 2020,Royal North Shore,Northern Sydney,Principal referral,19500.0,81.6,2020-07-01,Metropolitan
Jul-Sep 2020,Royal Prince Alfred,Sydney,Principal referral,18261.0,71.8,2020-07-01,Metropolitan
Jul-Sep 2020,Ryde,Northern Sydney,District group 1,6107.0,85.3,2020-07-01,Metropolitan
Jul-Sep 2020,Shellharbour,Illawarra Shoalhaven,District group 1,7677.0,76.8,2020-07-01,Metropolitan
Jul-Sep 2020,Shoalhaven,Illawarra Shoalhaven,Major,9271.0,65.2,2020-07-01,Metropolitan
Jul-Sep 2020,Singleton,Hunter New England,District group 2,3284.0,70.8,2020-07-01,Regional
Jul-Sep 2020,South East Regional,Southern NSW,District group 1,4383.0,80.3,2020-07-01,Regional
Jul-Sep 2020,St George,South Eastern Sydney,Principal referral,18785.0,69.8,2020-07-01,Metropolitan
Jul-Sep 2020,St Vincent's,St Vincent's Health Network,Principal referral,10445.0,84.0,2020-07-01,Specialty network
Jul-Sep 2020,Sutherland,South Eastern Sydney,Major,13955.0,77.0,2020-07-01,Metropolitan
Jul-Sep 2020,Sydney Children's Randwick,Sydney Children's Hospitals Network,Paediatric specialist,8076.0,70.3,2020-07-01,Specialty network
Jul-Sep 2020,Sydney and Sydney Eye,South Eastern Sydney,Ungrouped acute - tertiary referral,6010.0,93.2,2020-07-01,Metropolitan
Jul-Sep 2020,Tamworth,Hunter New England,Major,10174.0,69.9,2020-07-01,Regional
Jul-Sep 2020,Tweed Valley,Northern NSW,Major,11350.0,84.1,2020-07-01,Regional
Jul-Sep 2020,Wagga Wagga,Murrumbidgee,Major,10733.0,87.3,2020-07-01,Regional
Jul-Sep 2020,Westmead,Western Sydney,Principal referral,17785.0,53.1,2020-07-01,Metropolitan
Jul-Sep 2020,Wollongong,Illawarra Shoalhaven,Principal referral,17505.0,82.5,2020-07-01,Metropolitan
Jul-Sep 2020,Wyong,Central Coast,Major,17216.0,80.5,2020-07-01,Metropolitan
Jul-Sep 2020,Young,Murrumbidgee,District group 2,1639.0,95.6,2020-07-01,Regional
Jul-Sep 2021,Armidale,Hunter New England,District group 1,4200.0,67.0,2021-07-01,Regional
Jul-Sep 2021,Auburn,Western Sydney,Major,7387.0,76.9,2021-07-01,Metropolitan
Jul-Sep 2021,Ballina,Northern NSW,District group 2,4090.0,72.2,2021-07-01,Regional
Jul-Sep 2021,Bankstown-Lidcombe,South Western Sydney,Principal referral,12417.0,70.6,2021-07-01,Metropolitan
Jul-Sep 2021,Batemans Bay,Southern NSW,District group 2,2769.0,80.4,2021-07-01,Regional
Jul-Sep 2021,Bathurst,Western NSW,District group 1,18721.0,80.7,2021-07-01,Regional
Jul-Sep 2021,Belmont,Hunter New England,District group 1,6728.0,72.7,2021-07-01,Regional
Jul-Sep 2021,Blacktown,Western Sydney,Major,13397.0,52.1,2021-07-01,Metropolitan
Jul-Sep 2021,Blue Mountains,Nepean Blue Mountains,District group 2,4400.0,81.7,2021-07-01,Metropolitan
Jul-Sep 2021,Bowral,South Western Sydney,District group 1,5578.0,84.5,2021-07-01,Metropolitan
Jul-Sep 2021,Broken Hill,Far West,District group 1,4610.0,78.3,2021-07-01,Regional
Jul-Sep 2021,Byron Central,Northern NSW,District group 2,4874.0,81.8,2021-07-01,Regional
Jul-Sep 2021,Calvary Mater,Hunter New England,Ungrouped acute - tertiary referral,9493.0,82.2,2021-07-01,Regional
Jul-Sep 2021,Campbelltown,South Western Sydney,Major,18412.0,81.8,2021-07-01,Metropolitan
Jul-Sep 2021,Canterbury,Sydney,Major,9609.0,72.6,2021-07-01,Metropolitan
Jul-Sep 2021,Casino,Northern NSW,District group 2,3332.0,67.7,2021-07-01,Regional
Jul-Sep 2021,Cessnock,Hunter New England,District group 2,4141.0,71.7,2021-07-01,Regional
Jul-Sep 2021,Children's at Westmead,Sydney Children's Hospitals Network,Paediatric specialist,9570.0,84.0,2021-07-01,Specialty network
Jul-Sep 2021,Coffs Harbour,Mid North Coast,Major,10460.0,73.2,2021-07-01,Regional
Jul-Sep 2021,Concord,Sydney,Principal referral,9996.0,61.3,2021-07-01,Metropolitan
Jul-Sep 2021,Cooma,Southern NSW,District group 2,2686.0,82.7,2021-07-01,Regional
Jul-Sep 2021,Cowra,Western NSW,District group 2,1953.0,92.6,2021-07-01,Regional
Jul-Sep 2021,Deniliquin,Murrumbidgee,District group 2,2219.0,97.9,2021-07-01,Regional
Jul-Sep 2021,Dubbo,Western NSW,Major,11134.0,82.0,2021-07-01,Regional
Jul-Sep 2021,Fairfield,South Western Sydney,Major,8569.0,83.4,2021-07-01,Metropolitan
Jul-Sep 2021,Forbes,Western NSW,District group 2,1910.0,86.3,2021-07-01,Regional
Jul-Sep 2021,Gosford,Central Coast,Principal referral,17736.0,57.1,2021-07-01,Metropolitan
Jul-Sep 2021,Goulburn,Southern NSW,District group 1,4611.0,68.9,2021-07-01,Regional
Jul-Sep 2021,Grafton,Northern NSW,District group 1,6571.0,74.4,2021-07-01,Regional
Jul-Sep 2021,Griffith,Murrumbidgee,District group 1,5085.0,85.7,2021-07-01,Regional
Jul-Sep 2021,Gunnedah,Hunter New England,District group 2,2212.0,80.7,2021-07-01,Regional
Jul-Sep 2021,Hawkesbury,Nepean Blue Mountains,District group 1,6653.0,67.6,2021-07-01,Metropolitan
Jul-Sep 2021,Hornsby,Northern Sydney,Major,9487.0,87.1,2021-07-01,Metropolitan
Jul-Sep 2021,Inverell,Hunter New England,District group 2,2371.0,80.4,2021-07-01,Regional
Jul-Sep 2021,John Hunter,Hunter New England,Principal referral,20297.0,68.5,2021-07-01,Regional
Jul-Sep 2021,Kempsey,Mid North Coast,District group 2,6789.0,77.6,2021-07-01,Regional
Jul-Sep 2021,Kurri Kurri,Hunter New England,District group 2,535.0,99.0,2021-07-01,Regional
Jul-Sep 2021,Lismore,Northern NSW,Major,9556.0,64.0,2021-07-01,Regional
Jul-Sep 2021,Lithgow,Nepean Blue Mountains,District group 2,2542.0,86.7,2021-07-01,Metropolitan
Jul-Sep 2021,Liverpool,South Western Sydney,Principal referral,18429.0,83.2,2021-07-01,Metropolitan
Jul-Sep 2021,Macksville,Mid North Coast,District group 2,3029.0,89.8,2021-07-01,Regional
Jul-Sep 2021,Maclean,Northern NSW,District group 2,3434.0,70.2,2021-07-01,Regional
Jul-Sep 2021,Maitland,Hunter New England,Major,12195.0,60.3,2021-07-01,Regional
Jul-Sep 2021,Manning,Hunter New England,Major,8422.0,76.7,2021-07-01,Regional
Jul-Sep 2021,Milton,Illawarra Shoalhaven,District group 2,3155.0,76.0,2021-07-01,Metropolitan
Jul-Sep 2021,Moree,Hunter New England,District group 2,2707.0,74.3,2021-07-01,Regional
Jul-Sep 2021,Moruya,Southern NSW,District group 2,2506.0,68.0,2021-07-01,Regional
Jul-Sep 2021,Mount Druitt,Western Sydney,District group 1,7435.0,68.1,2021-07-01,Metropolitan
Jul-Sep 2021,Mudgee,Western NSW,District group 2,3238.0,71.4,2021-07-01,Regional
Jul-Sep 2021,Murwillumbah,Northern NSW,District group 1,4114.0,81.8,2021-07-01,Regional
Jul-Sep 2021,Muswellbrook,Hunter New England,District group 2,2782.0,68.5,2021-07-01,Regional
Jul-Sep 2021,Narrabri,Hunter New England,District group 2,1249.0,93.3,2021-07-01,Regional
Jul-Sep 2021,Nepean,Nepean Blue Mountains,Principal referral,15923.0,60.7,2021-07-01,Metropolitan
Jul-Sep 2021,Northern Beaches,Northern Sydney,Major,34892.0,90.8,2021-07-01,Metropolitan
Jul-Sep 2021,Orange,Western NSW,Major,8128.0,85.9,2021-07-01,Regional
Jul-Sep 2021,Port Macquarie,Mid North Coast,Major,11625.0,75.1,2021-07-01,Regional
Jul-Sep 2021,Prince of Wales,South Eastern Sydney,Principal referral,13257.0,63.7,2021-07-01,Metropolitan
Jul-Sep 2021,Queanbeyan,Southern NSW,District group 2,5769.0,89.4,2021-07-01,Regional
Jul-Sep 2021,Royal North Shore,Northern Sydney,Principal referral,17360.0,81.2,2021-07-01,Metropolitan
Jul-Sep 2021,Royal Prince Alfred,Sydney,Principal referral,17452.0,74.6,2021-07-01,Metropolitan
Jul-Sep 2021,Ryde,Northern Sydney,District group 1,6759.0,81.7,2021-07-01,Metropolitan
Jul-Sep 2021,Shellharbour,Illawarra Shoalhaven,District group 1,7695.0,72.4,2021-07-01,Metropolitan
Jul-Sep 2021,Shoalhaven,Illawarra Shoalhaven,Major,9848.0,63.4,2021-07-01,Metropolitan
Jul-Sep 2021,Singleton,Hunter New England,District group 2,3636.0,76.1,2021-07-01,Regional
Jul-Sep 2021,South East Regional,Southern NSW,District group 1,4910.0,62.2,2021-07-01,Regional
Jul-Sep 2021,St George,South Eastern Sydney,Principal referral,17916.0,66.6,2021-07-01,Metropolitan
Jul-Sep 2021,St Vincent's,St Vincent's Health Network,Principal referral,10358.0,82.1,2021-07-01,Specialty network
Jul-Sep 2021,Sutherland,South Eastern Sydney,Major,14012.0,64.9,2021-07-01,Metropolitan
Jul-Sep 2021,Sydney Children's Randwick,Sydney Children's Hospitals Network,Paediatric specialist,7413.0,70.4,2021-07-01,Specialty network
Jul-Sep 2021,Sydney and Sydney Eye,South Eastern Sydney,Ungrouped acute - tertiary referral,5114.0,90.1,2021-07-01,Metropolitan
Jul-Sep 2021,Tamworth,Hunter New England,Major,10242.0,57.4,2021-07-01,Regional
Jul-Sep 2021,Tweed Valley,Northern NSW,Major,11698.0,77.9,2021-07-01,Regional
Jul-Sep 2021,Wagga Wagga,Murrumbidgee,Major,11341.0,78.5,2021-07-01,Regional
Jul-Sep 2021,Westmead,Western Sydney,Principal referral,16724.0,35.0,2021-07-01,Metropolitan
Jul-Sep 2021,Wollongong,Illawarra Shoalhaven,Principal referral,16262.0,71.6,2021-07-01,Metropolitan
Jul-Sep 2021,Wyong,Central Coast,Major,15775.0,66.7,2021-07-01,Metropolitan
Jul-Sep 2021,Young,Murrumbidgee,District group 2,2185.0,94.8,2021-07-01,Regional
Jul-Sep 2022,Armidale,Hunter New England,District group 1,4640.0,54.5,2022-07-01,Regional
Jul-Sep 2022,Auburn,Western Sydney,Major,7611.0,71.3,2022-07-01,Metropolitan
Jul-Sep 2022,Ballina,Northern NSW,District group 2,4406.0,67.1,2022-07-01,Regional
Jul-Sep 2022,Bankstown-Lidcombe,South Western Sydney,Principal referral,14120.0,68.1,2022-07-01,Metropolitan
Jul-Sep 2022,Batemans Bay,Southern NSW,District group 2,3138.0,70.6,2022-07-01,Regional
Jul-Sep 2022,Bathurst,Western NSW,District group 1,6654.0,73.7,2022-07-01,Regional
Jul-Sep 2022,Belmont,Hunter New England,District group 1,7187.0,68.6,2022-07-01,Regional
Jul-Sep 2022,Blacktown,Western Sydney,Major,14597.0,28.9,2022-07-01,Metropolitan
Jul-Sep 2022,Blue Mountains,Nepean Blue Mountains,District group 2,4925.0,59.5,2022-07-01,Metropolitan
Jul-Sep 2022,Bowral,South Western Sydney,District group 1,5626.0,88.0,2022-07-01,Metropolitan
Jul-Sep 2022,Broken Hill,Far West,District group 1,5136.0,66.9,2022-07-01,Regional
Jul-Sep 2022,Byron Central,Northern NSW,District group 2,5129.0,92.0,2022-07-01,Regional
Jul-Sep 2022,Calvary Mater,Hunter New England,Ungrouped acute - tertiary referral,9601.0,76.8,2022-07-01,Regional
Jul-Sep 2022,Campbelltown,South Western Sydney,Major,21953.0,67.2,2022-07-01,Metropolitan
Jul-Sep 2022,Canterbury,Sydney,Major,11548.0,73.7,2022-07-01,Metropolitan
Jul-Sep 2022,Casino,Northern NSW,District group 2,3363.0,62.9,2022-07-01,Regional
Jul-Sep 2022,Cessnock,Hunter New England,District group 2,4171.0,65.6,2022-07-01,Regional
Jul-Sep 2022,Children's at Westmead,Sydney Children's Hospitals Network,Paediatric specialist,16915.0,68.6,2022-07-01,Specialty network
Jul-Sep 2022,Coffs Harbour,Mid North Coast,Major,10901.0,63.6,2022-07-01,Regional
Jul-Sep 2022,Concord,Sydney,Principal referral,10088.0,79.7,2022-07-01,Metropolitan
Jul-Sep 2022,Cooma,Southern NSW,District group 2,3229.0,84.8,2022-07-01,Regional
Jul-Sep 2022,Cowra,Western NSW,District group 2,2083.0,89.2,2022-07-01,Regional
Jul-Sep 2022,Deniliquin,Murrumbidgee,District group 2,2608.0,96.5,2022-07-01,Regional
Jul-Sep 2022,Dubbo,Western NSW,Major,9748.0,74.5,2022-07-01,Regional
Jul-Sep 2022,Fairfield,South Western Sydney,Major,9176.0,73.6,2022-07-01,Metropolitan
Jul-Sep 2022,Forbes,Western NSW,District group 2,2028.0,85.9,2022-07-01,Regional
Jul-Sep 2022,Gosford,Central Coast,Principal referral,18650.0,47.9,2022-07-01,Metropolitan
Jul-Sep 2022,Goulburn,Southern NSW,District group 1,4983.0,68.3,2022-07-01,Regional
Jul-Sep 2022,Grafton,Northern NSW,District group 1,6800.0,67.0,2022-07-01,Regional
Jul-Sep 2022,Griffith,Murrumbidgee,District group 1,5812.0,74.2,2022-07-01,Regional
Jul-Sep 2022,Gunnedah,Hunter New England,District group 2,2294.0,99.7,2022-07-01,Regional
Jul-Sep 2022,Hawkesbury,Nepean Blue Mountains,District group 1,7097.0,64.5,2022-07-01,Metropolitan
Jul-Sep 2022,Hornsby,Northern Sydney,Major,11289.0,77.3,2022-07-01,Metropolitan
Jul-Sep 2022,Inverell,Hunter New England,District group 2,2465.0,84.3,2022-07-01,Regional
Jul-Sep 2022,John Hunter,Hunter New England,Principal referral,21612.0,60.8,2022-07-01,Regional
Jul-Sep 2022,Kempsey,Mid North Coast,District group 2,6694.0,70.6,2022-07-01,Regional
Jul-Sep 2022,Kurri Kurri,Hunter New England,District group 2,614.0,96.7,2022-07-01,Regional
Jul-Sep 2022,Lismore,Northern NSW,Major,9567.0,59.9,2022-07-01,Regional
Jul-Sep 2022,Lithgow,Nepean Blue Mountains,District group 2,2939.0,80.0,2022-07-01,Metropolitan
Jul-Sep 2022,Liverpool,South Western Sydney,Principal referral,21332.0,61.4,2022-07-01,Metropolitan
Jul-Sep 2022,Macksville,Mid North Coast,District group 2,3284.0,89.1,2022-07-01,Regional
Jul-Sep 2022,Maclean,Northern NSW,District group 2,3918.0,81.8,2022-07-01,Regional
Jul-Sep 2022,Maitland,Hunter New England,Major,12451.0,45.0,2022-07-01,Regional
Jul-Sep 2022,Manning,Hunter New England,Major,8398.0,62.9,2022-07-01,Regional
Jul-Sep 2022,Milton,Illawarra Shoalhaven,District group 2,3509.0,71.2,2022-07-01,Metropolitan
Jul-Sep 2022,Moree,Hunter New England,District group 2,2846.0,61.7,2022-07-01,Regional
Jul-Sep 2022,Moruya,Southern NSW,District group 2,2607.0,72.6,2022-07-01,Regional
Jul-Sep 2022,Mount Druitt,Western Sydney,District group 1,9958.0,42.6,2022-07-01,Metropolitan
Jul-Sep 2022,Mudgee,Western NSW,District group 2,3949.0,61.9,2022-07-01,Regional
Jul-Sep 2022,Murwillumbah,Northern NSW,District group 1,4457.0,78.0,2022-07-01,Regional
Jul-Sep 2022,Muswellbrook,Hunter New England,District group 2,3046.0,63.0,2022-07-01,Regional
Jul-Sep 2022,Narrabri,Hunter New England,District group 2,1338.0,90.7,2022-07-01,Regional
Jul-Sep 2022,Nepean,Nepean Blue Mountains,Principal referral,18025.0,41.2,2022-07-01,Metropolitan
Jul-Sep 2022,Northern Beaches,Northern Sydney,Major,16194.0,79.3,2022-07-01,Metropolitan
Jul-Sep 2022,Orange,Western NSW,Major,7835.0,69.7,2022-07-01,Regional
Jul-Sep 2022,Port Macquarie,Mid North Coast,Major,12459.0,65.0,2022-07-01,Regional
Jul-Sep 2022,Prince of Wales,South Eastern Sydney,Principal referral,14149.0,62.2,2022-07-01,Metropolitan
Jul-Sep 2022,Queanbeyan,Southern NSW,District group 2,6427.0,83.4,2022-07-01,Regional
Jul-Sep 2022,Royal North Shore,Northern Sydney,Principal referral,20015.0,68.5,2022-07-01,Metropolitan
Jul-Sep 2022,Royal Prince Alfred,Sydney,Principal referral,20468.0,69.1,2022-07-01,Metropolitan
Jul-Sep 2022,Ryde,Northern Sydney,District group 1,7116.0,86.3,2022-07-01,Metropolitan
Jul-Sep 2022,Shellharbour,Illawarra Shoalhaven,District group 1,8957.0,46.0,2022-07-01,Metropolitan
Jul-Sep 2022,Shoalhaven,Illawarra Shoalhaven,Major,9518.0,51.6,2022-07-01,Metropolitan
Jul-Sep 2022,Singleton,Hunter New England,District group 2,4173.0,75.3,2022-07-01,Regional
Jul-Sep 2022,South East Regional,Southern NSW,District group 1,5117.0,73.6,2022-07-01,Regional
Jul-Sep 2022,St George,South Eastern Sydney,Principal referral,19767.0,46.9,2022-07-01,Metropolitan
Jul-Sep 2022,St Vincent's,St Vincent's Health Network,Principal referral,12033.0,72.3,2022-07-01,Specialty network
Jul-Sep 2022,Sutherland,South Eastern Sydney,Major,15160.0,50.1,2022-07-01,Metropolitan
Jul-Sep 2022,Sydney Children's Randwick,Sydney Children's Hospitals Network,Paediatric specialist,10004.0,50.6,2022-07-01,Specialty network
Jul-Sep 2022,Sydney and Sydney Eye,South Eastern Sydney,Ungrouped acute - tertiary referral,6997.0,74.7,2022-07-01,Metropolitan
Jul-Sep 2022,Tamworth,Hunter New England,Major,10250.0,55.2,2022-07-01,Regional
Jul-Sep 2022,Tweed Valley,Northern NSW,Major,13306.0,71.4,2022-07-01,Regional
Jul-Sep 2022,Wagga Wagga,Murrumbidgee,Major,11578.0,70.0,2022-07-01,Regional
Jul-Sep 2022,Westmead,Western Sydney,Principal referral,18318.0,43.1,2022-07-01,Metropolitan
Jul-Sep 2022,Wollongong,Illawarra Shoalhaven,Principal referral,17557.0,61.8,2022-07-01,Metropolitan
Jul-Sep 2022,Wyong,Central Coast,Major,18020.0,54.6,2022-07-01,Metropolitan
Jul-Sep 2022,Young,Murrumbidgee,District group 2,1904.0,94.7,2022-07-01,Regional
Jul-Sep 2023,Armidale,Hunter New England,District group 1,5094.0,50.5,2023-07-01,Regional
Jul-Sep 2023,Auburn,Western Sydney,Major,8568.0,69.7,2023-07-01,Metropolitan
Jul-Sep 2023,Ballina,Northern NSW,District group 2,4345.0,69.5,2023-07-01,Regional
Jul-Sep 2023,Bankstown-Lidcombe,South Western Sydney,Principal referral,14232.0,68.0,2023-07-01,Metropolitan
Jul-Sep 2023,Batemans Bay,Southern NSW,District group 2,3410.0,80.3,2023-07-01,Regional
Jul-Sep 2023,Bathurst,Western NSW,District group 1,6534.0,78.2,2023-07-01,Regional
Jul-Sep 2023,Belmont,Hunter New England,District group 1,7156.0,75.4,2023-07-01,Regional
Jul-Sep 2023,Blacktown,Western Sydney,Major,15842.0,32.4,2023-07-01,Metropolitan
Jul-Sep 2023,Blue Mountains,Nepean Blue Mountains,District group 2,4835.0,65.4,2023-07-01,Metropolitan
Jul-Sep 2023,Bowral,South Western Sydney,District group 1,5948.0,88.5,2023-07-01,Metropolitan
Jul-Sep 2023,Broken Hill,Far West,District group 1,5325.0,69.3,2023-07-01,Regional
Jul-Sep 2023,Byron Central,Northern NSW,District group 2,5259.0,86.1,2023-07-01,Regional
Jul-Sep 2023,Calvary Mater,Hunter New England,Ungrouped acute - tertiary referral,9785.0,81.8,2023-07-01,Regional
Jul-Sep 2023,Campbelltown,South Western Sydney,Major,22247.0,62.3,2023-07-01,Metropolitan
Jul-Sep 2023,Canterbury,Sydney,Major,12005.0,50.8,2023-07-01,Metropolitan
Jul-Sep 2023,Casino,Northern NSW,District group 2,3219.0,75.1,2023-07-01,Regional
Jul-Sep 2023,Cessnock,Hunter New England,District group 2,4018.0,78.5,2023-07-01,Regional
Jul-Sep 2023,Children's at Westmead,Sydney Children's Hospitals Network,Paediatric specialist,16335.0,74.2,2023-07-01,Specialty network
Jul-Sep 2023,Coffs Harbour,Mid North Coast,Major,11584.0,64.5,2023-07-01,Regional
Jul-Sep 2023,Concord,Sydney,Principal referral,10721.0,72.0,2023-07-01,Metropolitan
Jul-Sep 2023,Cooma,Southern NSW,District group 2,3435.0,85.7,2023-07-01,Regional
Jul-Sep 2023,Cowra,Western NSW,District group 2,2152.0,92.0,2023-07-01,Regional
Jul-Sep 2023,Deniliquin,Murrumbidgee,District group 2,2420.0,96.1,2023-07-01,Regional
Jul-Sep 2023,Dubbo,Western NSW,Major,10554.0,70.0,2023-07-01,Regional
Jul-Sep 2023,Fairfield,South Western Sydney,Major,9808.0,70.1,2023-07-01,Metropolitan
Jul-Sep 2023,Forbes,Western NSW,District group 2,2203.0,89.1,2023-07-01,Regional
Jul-Sep 2023,Gosford,Central Coast,Principal referral,19192.0,56.4,2023-07-01,Metropolitan
Jul-Sep 2023,Goulburn,Southern NSW,District group 1,5671.0,72.3,2023-07-01,Regional
Jul-Sep 2023,Grafton,Northern NSW,District group 1,6730.0,64.2,2023-07-01,Regional
Jul-Sep 2023,Griffith,Murrumbidgee,District group 1,5928.0,82.1,2023-07-01,Regional
Jul-Sep 2023,Gunnedah,Hunter New England,District group 2,1938.0,80.9,2023-07-01,Regional
Jul-Sep 2023,Hawkesbury,Nepean Blue Mountains,District group 1,7234.0,58.5,2023-07-01,Metropolitan
Jul-Sep 2023,Hornsby,Northern Sydney,Major,12067.0,80.8,2023-07-01,Metropolitan
Jul-Sep 2023,Inverell,Hunter New England,District group 2,2586.0,82.0,2023-07-01,Regional
Jul-Sep 2023,John Hunter,Hunter New England,Principal referral,20804.0,66.1,2023-07-01,Regional
Jul-Sep 2023,Kempsey,Mid North Coast,District group 2,6667.0,76.4,2023-07-01,Regional
Jul-Sep 2023,Kurri Kurri,Hunter New England,District group 2,789.0,92.4,2023-07-01,Regional
Jul-Sep 2023,Lismore,Northern NSW,Major,10052.0,63.5,2023-07-01,Regional
Jul-Sep 2023,Lithgow,Nepean Blue Mountains,District group 2,3136.0,78.8,2023-07-01,Metropolitan
Jul-Sep 2023,Liverpool,South Western Sydney,Principal referral,22136.0,53.3,2023-07-01,Metropolitan
Jul-Sep 2023,Macksville,Mid North Coast,District group 2,3297.0,91.2,2023-07-01,Regional
Jul-Sep 2023,Maclean,Northern NSW,District group 2,3790.0,82.8,2023-07-01,Regional
Jul-Sep 2023,Maitland,Hunter New England,Major,13114.0,54.1,2023-07-01,Regional
Jul-Sep 2023,Manning,Hunter New England,Major,9209.0,51.2,2023-07-01,Regional
Jul-Sep 2023,Milton,Illawarra Shoalhaven,District group 2,3707.0,73.0,2023-07-01,Metropolitan
Jul-Sep 2023,Moree,Hunter New England,District group 2,2868.0,59.8,2023-07-01,Regional
Jul-Sep 2023,Moruya,Southern NSW,District group 2,3141.0,84.4,2023-07-01,Regional
Jul-Sep 2023,Mount Druitt,Western Sydney,District group 1,10110.0,45.7,2023-07-01,Metropolitan
Jul-Sep 2023,Mudgee,Western NSW,District group 2,4201.0,67.2,2023-07-01,Regional
Jul-Sep 2023,Murwillumbah,Northern NSW,District group 1,4814.0,82.2,2023-07-01,Regional
Jul-Sep 2023,Muswellbrook,Hunter New England,District group 2,2759.0,67.0,2023-07-01,Regional
Jul-Sep 2023,Narrabri,Hunter New England,District group 2,1703.0,87.9,2023-07-01,Regional
Jul-Sep 2023,Nepean,Nepean Blue Mountains,Principal referral,20332.0,59.5,2023-07-01,Metropolitan
Jul-Sep 2023,Northern Beaches,Northern Sydney,Major,15236.0,73.2,2023-07-01,Metropolitan
Jul-Sep 2023,Orange,Western NSW,Major,8025.0,77.8,2023-07-01,Regional
Jul-Sep 2023,Port Macquarie,Mid North Coast,Major,12321.0,69.1,2023-07-01,Regional
Jul-Sep 2023,Prince of Wales,South Eastern Sydney,Principal referral,14914.0,54.9,2023-07-01,Metropolitan
Jul-Sep 2023,Queanbeyan,Southern NSW,District group 2,6541.0,84.9,2023-07-01,Regional
Jul-Sep 2023,Royal North Shore,Northern Sydney,Principal referral,21323.0,80.1,2023-07-01,Metropolitan
Jul-Sep 2023,Royal Prince Alfred,Sydney,Principal referral,20600.0,56.6,2023-07-01,Metropolitan
Jul-Sep 2023,Ryde,Northern Sydney,District group 1,7033.0,86.8,2023-07-01,Metropolitan
Jul-Sep 2023,Shellharbour,Illawarra Shoalhaven,District group 1,9394.0,58.9,2023-07-01,Metropolitan
Jul-Sep 2023,Shoalhaven,Illawarra Shoalhaven,Major,10127.0,54.6,2023-07-01,Metropolitan
Jul-Sep 2023,Singleton,Hunter New England,District group 2,4257.0,78.3,2023-07-01,Regional
Jul-Sep 2023,South East Regional,Southern NSW,District group 1,5386.0,78.8,2023-07-01,Regional
Jul-Sep 2023,St George,South Eastern Sydney,Principal referral,20221.0,51.5,2023-07-01,Metropolitan
Jul-Sep 2023,St Vincent's,St Vincent's Health Network,Principal referral,12801.0,60.0,2023-07-01,Specialty network
Jul-Sep 2023,Sutherland,South Eastern Sydney,Major,16237.0,53.1,2023-07-01,Metropolitan
Jul-Sep 2023,Sydney Children's Randwick,Sydney Children's Hospitals Network,Paediatric specialist,9737.0,56.6,2023-07-01,Specialty network
Jul-Sep 2023,Sydney and Sydney Eye,South Eastern Sydney,Ungrouped acute - tertiary referral,7562.0,80.3,2023-07-01,Metropolitan
Jul-Sep 2023,Tamworth,Hunter New England,Major,11197.0,56.0,2023-07-01,Regional
Jul-Sep 2023,Tweed Valley,Northern NSW,Major,13797.0,80.3,2023-07-01,Regional
Jul-Sep 2023,Wagga Wagga,Murrumbidgee,Major,12088.0,71.8,2023-07-01,Regional
Jul-Sep 2023,Westmead,Western Sydney,Principal referral,19100.0,37.9,2023-07-01,Metropolitan
Jul-Sep 2023,Wollongong,Illawarra Shoalhaven,Principal referral,18340.0,66.9,2023-07-01,Metropolitan
Jul-Sep 2023,Wyong,Central Coast,Major,18872.0,57.1,2023-07-01,Metropolitan
Jul-Sep 2023,Young,Murrumbidgee,District group 2,2452.0,89.3,2023-07-01,Regional
Jul-Sep 2024,Armidale,Hunter New England,District group 1,5475.0,52.1,2024-07-01,Regional
Jul-Sep 2024,Auburn,Western Sydney,Major,8724.0,68.8,2024-07-01,Metropolitan
Jul-Sep 2024,Ballina,Northern NSW,District group 2,4635.0,62.1,2024-07-01,Regional
Jul-Sep 2024,Bankstown-Lidcombe,South Western Sydney,Principal referral,14622.0,51.0,2024-07-01,Metropolitan
Jul-Sep 2024,Batemans Bay,Southern NSW,District group 2,2906.0,84.4,2024-07-01,Regional
Jul-Sep 2024,Bathurst,Western NSW,District group 1,6227.0,73.8,2024-07-01,Regional
Jul-Sep 2024,Belmont,Hunter New England,District group 1,7255.0,72.8,2024-07-01,Regional
Jul-Sep 2024,Blacktown,Western Sydney,Major,17069.0,30.3,2024-07-01,Metropolitan
Jul-Sep 2024,Blue Mountains,Nepean Blue Mountains,District group 2,4880.0,72.0,2024-07-01,Metropolitan
Jul-Sep 2024,Bowral,South Western Sydney,District group 1,5993.0,87.2,2024-07-01,Metropolitan
Jul-Sep 2024,Broken Hill,Far West,District group 1,5610.0,70.5,2024-07-01,Regional
Jul-Sep 2024,Byron Central,Northern NSW,District group 2,5353.0,85.0,2024-07-01,Regional
Jul-Sep 2024,Calvary Mater,Hunter New England,Ungrouped acute - tertiary referral,9912.0,82.3,2024-07-01,Regional
Jul-Sep 2024,Campbelltown,South Western Sydney,Major,22896.0,24.0,2024-07-01,Metropolitan
Jul-Sep 2024,Canterbury,Sydney,Major,12491.0,66.3,2024-07-01,Metropolitan
Jul-Sep 2024,Casino,Northern NSW,District group 2,3455.0,59.9,2024-07-01,Regional
Jul-Sep 2024,Cessnock,Hunter New England,District group 2,3999.0,76.1,2024-07-01,Regional
Jul-Sep 2024,Children's at Westmead,Sydney Children's Hospitals Network,Paediatric specialist,16519.0,61.8,2024-07-01,Specialty network
Jul-Sep 2024,Coffs Harbour,Mid North Coast,Major,11570.0,48.6,2024-07-01,Regional
Jul-Sep 2024,Concord,Sydney,Principal referral,10834.0,81.0,2024-07-01,Metropolitan
Jul-Sep 2024,Cooma,Southern NSW,District group 2,3143.0,90.5,2024-07-01,Regional
Jul-Sep 2024,Cowra,Western NSW,District group 2,2252.0,88.6,2024-07-01,Regional
Jul-Sep 2024,Deniliquin,Murrumbidgee,District group 2,2627.0,96.2,2024-07-01,Regional
Jul-Sep 2024,Dubbo,Western NSW,Major,10207.0,74.7,2024-07-01,Regional
Jul-Sep 2024,Fairfield,South Western Sydney,Major,9648.0,51.7,2024-07-01,Metropolitan
Jul-Sep 2024,Forbes,Western NSW,District group 2,2110.0,88.8,2024-07-01,Regional
Jul-Sep 2024,Gosford,Central Coast,Principal referral,19358.0,51.2,2024-07-01,Metropolitan
Jul-Sep 2024,Goulburn,Southern NSW,District group 1,5841.0,65.8,2024-07-01,Regional
Jul-Sep 2024,Grafton,Northern NSW,District group 1,7025.0,56.3,2024-07-01,Regional
Jul-Sep 2024,Griffith,Murrumbidgee,District group 1,5648.0,63.4,2024-07-01,Regional
Jul-Sep 2024,Gunnedah,Hunter New England,District group 2,2132.0,79.8,2024-07-01,Regional
Jul-Sep 2024,Hawkesbury,Nepean Blue Mountains,District group 1,7854.0,53.3,2024-07-01,Metropolitan
Jul-Sep 2024,Hornsby,Northern Sydney,Major,12322.0,68.8,2024-07-01,Metropolitan
Jul-Sep 2024,Inverell,Hunter New England,District group 2,2694.0,79.5,2024-07-01,Regional
Jul-Sep 2024,John Hunter,Hunter New England,Principal referral,21125.0,47.0,2024-07-01,Regional
Jul-Sep 2024,Kempsey,Mid North Coast,District group 2,6698.0,72.7,2024-07-01,Regional
Jul-Sep 2024,Kurri Kurri,Hunter New England,District group 2,659.0,96.7,2024-07-01,Regional
Jul-Sep 2024,Lismore,Northern NSW,Major,10043.0,51.2,2024-07-01,Regional
Jul-Sep 2024,Lithgow,Nepean Blue Mountains,District group 2,3356.0,80.1,2024-07-01,Metropolitan
Jul-Sep 2024,Liverpool,South Western Sydney,Principal referral,22834.0,53.5,2024-07-01,Metropolitan
Jul-Sep 2024,Macksville,Mid North Coast,District group 2,3471.0,80.2,2024-07-01,Regional
Jul-Sep 2024,Maclean,Northern NSW,District group 2,4073.0,75.6,2024-07-01,Regional
Jul-Sep 2024,Maitland,Hunter New England,Major,13713.0,43.6,2024-07-01,Regional
Jul-Sep 2024,Manning,Hunter New England,Major,9432.0,49.1,2024-07-01,Regional
Jul-Sep 2024,Milton,Illawarra Shoalhaven,District group 2,3986.0,65.3,2024-07-01,Metropolitan
Jul-Sep 2024,Moree,Hunter New England,District group 2,2635.0,82.4,2024-07-01,Regional
Jul-Sep 2024,Moruya,Southern NSW,District group 2,3080.0,77.2,2024-07-01,Regional
Jul-Sep 2024,Mount Druitt,Western Sydney,District group 1,10494.0,49.6,2024-07-01,Metropolitan
Jul-Sep 2024,Mudgee,Western NSW,District group 2,4524.0,73.8,2024-07-01,Regional
Jul-Sep 2024,Murwillumbah,Northern NSW,District group 1,5089.0,80.7,2024-07-01,Regional
Jul-Sep 2024,Muswellbrook,Hunter New England,District group 2,2705.0,72.3,2024-07-01,Regional
Jul-Sep 2024,Narrabri,Hunter New England,District group 2,1887.0,88.7,2024-07-01,Regional
Jul-Sep 2024,Nepean,Nepean Blue Mountains,Principal referral,21863.0,58.8,2024-07-01,Metropolitan
Jul-Sep 2024,Northern Beaches,Northern Sydney,Major,15790.0,74.0,2024-07-01,Metropolitan
Jul-Sep 2024,Orange,Western NSW,Major,7955.0,65.6,2024-07-01,Regional
Jul-Sep 2024,Port Macquarie,Mid North Coast,Major,12780.0,61.4,2024-07-01,Regional
Jul-Sep 2024,Prince of Wales,South Eastern Sydney,Principal referral,15493.0,43.8,2024-07-01,Metropolitan
Jul-Sep 2024,Queanbeyan,Southern NSW,District group 2,6795.0,81.2,2024-07-01,Regional
Jul-Sep 2024,Royal North Shore,Northern Sydney,Principal referral,21711.0,66.4,2024-07-01,Metropolitan
Jul-Sep 2024,Royal Prince Alfred,Sydney,Principal referral,20867.0,62.2,2024-07-01,Metropolitan
Jul-Sep 2024,Ryde,Northern Sydney,District group 1,7074.0,67.5,2024-07-01,Metropolitan
Jul-Sep 2024,Shellharbour,Illawarra Shoalhaven,District group 1,9307.0,68.8,2024-07-01,Metropolitan
Jul-Sep 2024,Shoalhaven,Illawarra Shoalhaven,Major,10620.0,51.9,2024-07-01,Metropolitan
Jul-Sep 2024,Singleton,Hunter New England,District group 2,4441.0,71.4,2024-07-01,Regional
Jul-Sep 2024,South East Regional,Southern NSW,District group 1,5749.0,69.1,2024-07-01,Regional
Jul-Sep 2024,St George,South Eastern Sydney,Principal referral,20261.0,49.0,2024-07-01,Metropolitan
Jul-Sep 2024,St Vincent's,St Vincent's Health Network,Principal referral,13572.0,65.3,2024-07-01,Specialty network
Jul-Sep 2024,Sutherland,South Eastern Sydney,Major,15954.0,49.5,2024-07-01,Metropolitan
Jul-Sep 2024,Sydney Children's Randwick,Sydney Children's Hospitals Network,Paediatric specialist,9466.0,64.4,2024-07-01,Specialty network
Jul-Sep 2024,Sydney and Sydney Eye,South Eastern Sydney,Ungrouped acute - tertiary referral,7792.0,75.3,2024-07-01,Metropolitan
Jul-Sep 2024,Tamworth,Hunter New England,Major,10810.0,49.3,2024-07-01,Regional
Jul-Sep 2024,Tweed Valley,Northern NSW,Major,14139.0,79.0,2024-07-01,Regional
Jul-Sep 2024,Wagga Wagga,Murrumbidgee,Major,11930.0,61.0,2024-07-01,Regional
Jul-Sep 2024,Westmead,Western Sydney,Principal referral,19824.0,38.7,2024-07-01,Metropolitan
Jul-Sep 2024,Wollongong,Illawarra Shoalhaven,Principal referral,18101.0,50.9,2024-07-01,Metropolitan
Jul-Sep 2024,Wyong,Central Coast,Major,18440.0,44.4,2024-07-01,Metropolitan
Jul-Sep 2024,Young,Murrumbidgee,District group 2,2502.0,76.6,2024-07-01,Regional
Jul-Sep 2025,Armidale,Hunter New England,District group 1,5049.0,60.0,2025-07-01,Regional
Jul-Sep 2025,Auburn,Western Sydney,Major,8981.0,79.6,2025-07-01,Metropolitan
Jul-Sep 2025,Ballina,Northern NSW,District group 2,4578.0,56.4,2025-07-01,Regional
Jul-Sep 2025,Bankstown-Lidcombe,South Western Sydney,Principal referral,14670.0,60.0,2025-07-01,Metropolitan
Jul-Sep 2025,Batemans Bay,Southern NSW,District group 2,2578.0,82.9,2025-07-01,Regional
Jul-Sep 2025,Bathurst,Western NSW,District group 1,6369.0,70.8,2025-07-01,Regional
Jul-Sep 2025,Belmont,Hunter New England,District group 1,6635.0,69.3,2025-07-01,Regional
Jul-Sep 2025,Blacktown,Western Sydney,Major,16916.0,45.7,2025-07-01,Metropolitan
Jul-Sep 2025,Blue Mountains,Nepean Blue Mountains,District group 2,4836.0,67.0,2025-07-01,Metropolitan
Jul-Sep 2025,Bowral,South Western Sydney,District group 1,6264.0,87.2,2025-07-01,Metropolitan
Jul-Sep 2025,Broken Hill,Far West,District group 1,5346.0,73.9,2025-07-01,Regional
Jul-Sep 2025,Byron Central,Northern NSW,District group 2,5373.0,83.5,2025-07-01,Regional
Jul-Sep 2025,Calvary Mater,Hunter New England,Ungrouped acute - tertiary referral,9357.0,82.9,2025-07-01,Regional
Jul-Sep 2025,Campbelltown,South Western Sydney,Major,23489.0,55.6,2025-07-01,Metropolitan
Jul-Sep 2025,Canterbury,Sydney,Major,12836.0,61.7,2025-07-01,Metropolitan
Jul-Sep 2025,Casino,Northern NSW,District group 2,3612.0,67.7,2025-07-01,Regional
Jul-Sep 2025,Cessnock,Hunter New England,District group 2,3682.0,75.5,2025-07-01,Regional
Jul-Sep 2025,Children's at Westmead,Sydney Children's Hospitals Network,Paediatric specialist,16234.0,60.7,2025-07-01,Specialty network
Jul-Sep 2025,Coffs Harbour,Mid North Coast,Major,12012.0,49.6,2025-07-01,Regional
Jul-Sep 2025,Concord,Sydney,Principal referral,11300.0,64.8,2025-07-01,Metropolitan
Jul-Sep 2025,Cooma,Southern NSW,District group 2,3491.0,91.0,2025-07-01,Regional
Jul-Sep 2025,Cowra,Western NSW,District group 2,2223.0,81.4,2025-07-01,Regional
Jul-Sep 2025,Deniliquin,Murrumbidgee,District group 2,2592.0,96.6,2025-07-01,Regional
Jul-Sep 2025,Dubbo,Western NSW,Major,9847.0,63.7,2025-07-01,Regional
Jul-Sep 2025,Fairfield,South Western Sydney,Major,9605.0,50.3,2025-07-01,Metropolitan
Jul-Sep 2025,Forbes,Western NSW,District group 2,2058.0,87.5,2025-07-01,Regional
Jul-Sep 2025,Gosford,Central Coast,Principal referral,19398.0,49.7,2025-07-01,Metropolitan
Jul-Sep 2025,Goulburn,Southern NSW,District group 1,6113.0,68.3,2025-07-01,Regional
Jul-Sep 2025,Grafton,Northern NSW,District group 1,7462.0,63.0,2025-07-01,Regional
Jul-Sep 2025,Griffith,Murrumbidgee,District group 1,5425.0,82.0,2025-07-01,Regional
Jul-Sep 2025,Gunnedah,Hunter New England,District group 2,2233.0,78.9,2025-07-01,Regional
Jul-Sep 2025,Hawkesbury,Nepean Blue Mountains,District group 1,7944.0,56.8,2025-07-01,Metropolitan
Jul-Sep 2025,Hornsby,Northern Sydney,Major,12684.0,72.5,2025-07-01,Metropolitan
Jul-Sep 2025,Inverell,Hunter New England,District group 2,2969.0,80.3,2025-07-01,Regional
Jul-Sep 2025,John Hunter,Hunter New England,Principal referral,20687.0,53.1,2025-07-01,Regional
Jul-Sep 2025,Kempsey,Mid North Coast,District group 2,6703.0,72.0,2025-07-01,Regional
Jul-Sep 2025,Kurri Kurri,Hunter New England,District group 2,531.0,93.6,2025-07-01,Regional
Jul-Sep 2025,Lismore,Northern NSW,Major,10542.0,61.8,2025-07-01,Regional
Jul-Sep 2025,Lithgow,Nepean Blue Mountains,District group 2,3240.0,78.5,2025-07-01,Metropolitan
Jul-Sep 2025,Liverpool,South Western Sydney,Principal referral,23591.0,71.1,2025-07-01,Metropolitan
Jul-Sep 2025,Macksville,Mid North Coast,District group 2,3580.0,88.3,2025-07-01,Regional
Jul-Sep 2025,Maclean,Northern NSW,District group 2,3686.0,75.2,2025-07-01,Regional
Jul-Sep 2025,Maitland,Hunter New England,Major,14482.0,51.3,2025-07-01,Regional
Jul-Sep 2025,Manning,Hunter New England,Major,9612.0,47.3,2025-07-01,Regional
Jul-Sep 2025,Milton,Illawarra Shoalhaven,District group 2,4253.0,75.5,2025-07-01,Metropolitan
Jul-Sep 2025,Moree,Hunter New England,District group 2,2512.0,91.6,2025-07-01,Regional
Jul-Sep 2025,Moruya,Southern NSW,District group 2,3158.0,75.8,2025-07-01,Regional
Jul-Sep 2025,Mount Druitt,Western Sydney,District group 1,10624.0,52.2,2025-07-01,Metropolitan
Jul-Sep 2025,Mudgee,Western NSW,District group 2,4262.0,74.7,2025-07-01,Regional
Jul-Sep 2025,Murwillumbah,Northern NSW,District group 1,4716.0,89.4,2025-07-01,Regional
Jul-Sep 2025,Muswellbrook,Hunter New England,District group 2,2794.0,64.7,2025-07-01,Regional
Jul-Sep 2025,Narrabri,Hunter New England,District group 2,1733.0,82.7,2025-07-01,Regional
Jul-Sep 2025,Nepean,Nepean Blue Mountains,Principal referral,22722.0,53.3,2025-07-01,Metropolitan
Jul-Sep 2025,Northern Beaches,Northern Sydney,Major,15399.0,66.4,2025-07-01,Metropolitan
Jul-Sep 2025,Orange,Western NSW,Major,8239.0,57.2,2025-07-01,Regional
Jul-Sep 2025,Port Macquarie,Mid North Coast,Major,13477.0,61.2,2025-07-01,Regional
Jul-Sep 2025,Prince of Wales,South Eastern Sydney,Principal referral,15869.0,52.1,2025-07-01,Metropolitan
Jul-Sep 2025,Queanbeyan,Southern NSW,District group 2,6867.0,80.2,2025-07-01,Regional
Jul-Sep 2025,Royal North Shore,Northern Sydney,Principal referral,22533.0,66.1,2025-07-01,Metropolitan
Jul-Sep 2025,Royal Prince Alfred,Sydney,Principal referral,20808.0,58.5,2025-07-01,Metropolitan
Jul-Sep 2025,Ryde,Northern Sydney,District group 1,6968.0,82.3,2025-07-01,Metropolitan
Jul-Sep 2025,Shellharbour,Illawarra Shoalhaven,District group 1,9380.0,64.2,2025-07-01,Metropolitan
Jul-Sep 2025,Shoalhaven,Illawarra Shoalhaven,Major,10455.0,39.1,2025-07-01,Metropolitan
Jul-Sep 2025,Singleton,Hunter New England,District group 2,4232.0,75.3,2025-07-01,Regional
Jul-Sep 2025,South East Regional,Southern NSW,District group 1,5662.0,63.1,2025-07-01,Regional
Jul-Sep 2025,St George,South Eastern Sydney,Principal referral,21130.0,59.6,2025-07-01,Metropolitan
Jul-Sep 2025,St Vincent's,St Vincent's Health Network,Principal referral,13959.0,61.0,2025-07-01,Specialty network
Jul-Sep 2025,Sutherland,South Eastern Sydney,Major,16284.0,48.6,2025-07-01,Metropolitan
Jul-Sep 2025,Sydney Children's Randwick,Sydney Children's Hospitals Network,Paediatric specialist,9267.0,69.8,2025-07-01,Specialty network
Jul-Sep 2025,Sydney and Sydney Eye,South Eastern Sydney,Ungrouped acute - tertiary referral,7816.0,69.4,2025-07-01,Metropolitan
Jul-Sep 2025,Tamworth,Hunter New England,Major,10701.0,63.7,2025-07-01,Regional
Jul-Sep 2025,Tweed Valley,Northern NSW,Major,14739.0,78.7,2025-07-01,Regional
Jul-Sep 2025,Wagga Wagga,Murrumbidgee,Major,12854.0,68.3,2025-07-01,Regional
Jul-Sep 2025,Westmead,Western Sydney,Principal referral,19996.0,34.4,2025-07-01,Metropolitan
Jul-Sep 2025,Wollongong,Illawarra Shoalhaven,Principal referral,18483.0,76.4,2025-07-01,Metropolitan
Jul-Sep 2025,Wyong,Central Coast,Major,18049.0,44.5,2025-07-01,Metropolitan
Jul-Sep 2025,Young,Murrumbidgee,District group 2,1995.0,87.4,2025-07-01,Regional
Oct-Dec 2010,Armidale,Hunter New England,District group 1,3556.0,84.7,2010-10-01,Regional
Oct-Dec 2010,Auburn,Western Sydney,Major,6087.0,64.5,2010-10-01,Metropolitan
Oct-Dec 2010,Bankstown-Lidcombe,South Western Sydney,Principal referral,11352.0,82.1,2010-10-01,Metropolitan
Oct-Dec 2010,Belmont,Hunter New England,District group 1,6395.0,77.8,2010-10-01,Regional
Oct-Dec 2010,Blacktown,Western Sydney,Major,8792.0,70.5,2010-10-01,Metropolitan
Oct-Dec 2010,Blue Mountains,Nepean Blue Mountains,District group 2,4669.0,72.1,2010-10-01,Metropolitan
Oct-Dec 2010,Bowral,South Western Sydney,District group 1,4739.0,58.3,2010-10-01,Metropolitan
Oct-Dec 2010,Broken Hill,Far West,District group 1,6143.0,81.4,2010-10-01,Regional
Oct-Dec 2010,Calvary Mater,Hunter New England,Ungrouped acute - tertiary referral,7882.0,68.8,2010-10-01,Regional
Oct-Dec 2010,Campbelltown,South Western Sydney,Major,13641.0,67.0,2010-10-01,Metropolitan
Oct-Dec 2010,Canterbury,Sydney,Major,8607.0,67.2,2010-10-01,Metropolitan
Oct-Dec 2010,Cessnock,Hunter New England,District group 2,4651.0,76.8,2010-10-01,Regional
Oct-Dec 2010,Children's at Westmead,Sydney Children's Hospitals Network,Paediatric specialist,12252.0,73.9,2010-10-01,Specialty network
Oct-Dec 2010,Coffs Harbour,Mid North Coast,Major,8580.0,55.6,2010-10-01,Regional
Oct-Dec 2010,Concord,Sydney,Principal referral,8694.0,71.9,2010-10-01,Metropolitan
Oct-Dec 2010,Dubbo,Western NSW,Major,7192.0,62.5,2010-10-01,Regional
Oct-Dec 2010,Fairfield,South Western Sydney,Major,8290.0,65.6,2010-10-01,Metropolitan
Oct-Dec 2010,Gosford,Central Coast,Principal referral,14359.0,62.8,2010-10-01,Metropolitan
Oct-Dec 2010,Goulburn,Southern NSW,District group 1,4735.0,58.2,2010-10-01,Regional
Oct-Dec 2010,Grafton,Northern NSW,District group 1,5951.0,54.1,2010-10-01,Regional
Oct-Dec 2010,Gunnedah,Hunter New England,District group 2,2707.0,87.8,2010-10-01,Regional
Oct-Dec 2010,Hawkesbury,Nepean Blue Mountains,District group 1,5306.0,62.7,2010-10-01,Metropolitan
Oct-Dec 2010,Hornsby,Northern Sydney,Major,7921.0,77.2,2010-10-01,Metropolitan
Oct-Dec 2010,Inverell,Hunter New England,District group 2,2565.0,68.0,2010-10-01,Regional
Oct-Dec 2010,John Hunter,Hunter New England,Principal referral,16925.0,71.9,2010-10-01,Regional
Oct-Dec 2010,Kempsey,Mid North Coast,District group 2,5484.0,67.2,2010-10-01,Regional
Oct-Dec 2010,Kurri Kurri,Hunter New England,District group 2,2236.0,87.2,2010-10-01,Regional
Oct-Dec 2010,Lismore,Northern NSW,Major,7497.0,64.2,2010-10-01,Regional
Oct-Dec 2010,Lithgow,Nepean Blue Mountains,District group 2,3517.0,82.9,2010-10-01,Metropolitan
Oct-Dec 2010,Liverpool,South Western Sydney,Principal referral,15652.0,70.7,2010-10-01,Metropolitan
Oct-Dec 2010,Maitland,Hunter New England,Major,10934.0,61.9,2010-10-01,Regional
Oct-Dec 2010,Manly,Northern Sydney,Major,5861.0,89.8,2010-10-01,Metropolitan
Oct-Dec 2010,Manning,Hunter New England,Major,6428.0,57.6,2010-10-01,Regional
Oct-Dec 2010,Milton,Illawarra Shoalhaven,District group 2,3944.0,89.3,2010-10-01,Metropolitan
Oct-Dec 2010,Mona Vale,Northern Sydney,Major,6971.0,86.6,2010-10-01,Metropolitan
Oct-Dec 2010,Moree,Hunter New England,District group 2,2654.0,92.5,2010-10-01,Regional
Oct-Dec 2010,Mount Druitt,Western Sydney,District group 1,8093.0,73.5,2010-10-01,Metropolitan
Oct-Dec 2010,Murwillumbah,Northern NSW,District group 1,3772.0,81.0,2010-10-01,Regional
Oct-Dec 2010,Muswellbrook,Hunter New England,District group 2,2270.0,80.6,2010-10-01,Regional
Oct-Dec 2010,Narrabri,Hunter New England,District group 2,1271.0,93.5,2010-10-01,Regional
Oct-Dec 2010,Nepean,Nepean Blue Mountains,Principal referral,13202.0,56.6,2010-10-01,Metropolitan
Oct-Dec 2010,Orange,Western NSW,Major,7107.0,73.0,2010-10-01,Regional
Oct-Dec 2010,Port Macquarie,Mid North Coast,Major,8049.0,58.2,2010-10-01,Regional
Oct-Dec 2010,Prince of Wales,South Eastern Sydney,Principal referral,11266.0,51.0,2010-10-01,Metropolitan
Oct-Dec 2010,Royal North Shore,Northern Sydney,Principal referral,14893.0,85.5,2010-10-01,Metropolitan
Oct-Dec 2010,Royal Prince Alfred,Sydney,Principal referral,16151.0,61.9,2010-10-01,Metropolitan
Oct-Dec 2010,Ryde,Northern Sydney,District group 1,6341.0,84.0,2010-10-01,Metropolitan
Oct-Dec 2010,Shellharbour,Illawarra Shoalhaven,District group 1,7084.0,66.9,2010-10-01,Metropolitan
Oct-Dec 2010,Shoalhaven,Illawarra Shoalhaven,Major,8792.0,62.1,2010-10-01,Metropolitan
Oct-Dec 2010,Singleton,Hunter New England,District group 2,3427.0,74.7,2010-10-01,Regional
Oct-Dec 2010,South East Regional,Southern NSW,District group 1,3253.0,62.4,2010-10-01,Regional
Oct-Dec 2010,St George,South Eastern Sydney,Principal referral,15399.0,61.7,2010-10-01,Metropolitan
Oct-Dec 2010,St Vincent's,St Vincent's Health Network,Principal referral,10776.0,76.1,2010-10-01,Specialty network
Oct-Dec 2010,Sutherland,South Eastern Sydney,Major,11289.0,67.0,2010-10-01,Metropolitan
Oct-Dec 2010,Sydney Children's Randwick,Sydney Children's Hospitals Network,Paediatric specialist,9217.0,59.4,2010-10-01,Specialty network
Oct-Dec 2010,Sydney and Sydney Eye,South Eastern Sydney,Ungrouped acute - tertiary referral,9709.0,90.3,2010-10-01,Metropolitan
Oct-Dec 2010,Tamworth,Hunter New England,Major,11396.0,61.3,2010-10-01,Regional
Oct-Dec 2010,Tweed Valley,Northern NSW,Major,10626.0,64.4,2010-10-01,Regional
Oct-Dec 2010,Westmead,Western Sydney,Principal referral,14132.0,49.1,2010-10-01,Metropolitan
Oct-Dec 2010,Wollongong,Illawarra Shoalhaven,Principal referral,13681.0,61.1,2010-10-01,Metropolitan
Oct-Dec 2010,Wyong,Central Coast,Major,14001.0,71.9,2010-10-01,Metropolitan
Oct-Dec 2011,Armidale,Hunter New England,District group 1,3890.0,76.8,2011-10-01,Regional
Oct-Dec 2011,Auburn,Western Sydney,Major,6141.0,67.3,2011-10-01,Metropolitan
Oct-Dec 2011,Ballina,Northern NSW,District group 2,3879.0,58.7,2011-10-01,Regional
Oct-Dec 2011,Bankstown-Lidcombe,South Western Sydney,Principal referral,11302.0,77.7,2011-10-01,Metropolitan
Oct-Dec 2011,Bathurst,Western NSW,District group 1,6051.0,71.8,2011-10-01,Regional
Oct-Dec 2011,Belmont,Hunter New England,District group 1,6427.0,77.3,2011-10-01,Regional
Oct-Dec 2011,Blacktown,Western Sydney,Major,8907.0,70.1,2011-10-01,Metropolitan
Oct-Dec 2011,Blue Mountains,Nepean Blue Mountains,District group 2,4344.0,72.3,2011-10-01,Metropolitan
Oct-Dec 2011,Bowral,South Western Sydney,District group 1,4623.0,72.5,2011-10-01,Metropolitan
Oct-Dec 2011,Broken Hill,Far West,District group 1,5386.0,83.2,2011-10-01,Regional
Oct-Dec 2011,Calvary Mater,Hunter New England,Ungrouped acute - tertiary referral,8113.0,74.5,2011-10-01,Regional
Oct-Dec 2011,Campbelltown,South Western Sydney,Major,14051.0,71.7,2011-10-01,Metropolitan
Oct-Dec 2011,Canterbury,Sydney,Major,9029.0,66.3,2011-10-01,Metropolitan
Oct-Dec 2011,Casino,Northern NSW,District group 2,3819.0,66.1,2011-10-01,Regional
Oct-Dec 2011,Cessnock,Hunter New England,District group 2,4606.0,76.7,2011-10-01,Regional
Oct-Dec 2011,Children's at Westmead,Sydney Children's Hospitals Network,Paediatric specialist,12164.0,73.8,2011-10-01,Specialty network
Oct-Dec 2011,Coffs Harbour,Mid North Coast,Major,8438.0,65.3,2011-10-01,Regional
Oct-Dec 2011,Concord,Sydney,Principal referral,8388.0,74.4,2011-10-01,Metropolitan
Oct-Dec 2011,Dubbo,Western NSW,Major,7223.0,60.7,2011-10-01,Regional
Oct-Dec 2011,Fairfield,South Western Sydney,Major,8099.0,66.2,2011-10-01,Metropolitan
Oct-Dec 2011,Gosford,Central Coast,Principal referral,14412.0,64.5,2011-10-01,Metropolitan
Oct-Dec 2011,Goulburn,Southern NSW,District group 1,4742.0,57.8,2011-10-01,Regional
Oct-Dec 2011,Grafton,Northern NSW,District group 1,5818.0,65.6,2011-10-01,Regional
Oct-Dec 2011,Griffith,Murrumbidgee,District group 1,4768.0,75.9,2011-10-01,Regional
Oct-Dec 2011,Gunnedah,Hunter New England,District group 2,2604.0,75.5,2011-10-01,Regional
Oct-Dec 2011,Hawkesbury,Nepean Blue Mountains,District group 1,5335.0,64.0,2011-10-01,Metropolitan
Oct-Dec 2011,Inverell,Hunter New England,District group 2,2677.0,77.5,2011-10-01,Regional
Oct-Dec 2011,John Hunter,Hunter New England,Principal referral,17348.0,65.2,2011-10-01,Regional
Oct-Dec 2011,Kempsey,Mid North Coast,District group 2,5536.0,76.7,2011-10-01,Regional
Oct-Dec 2011,Kurri Kurri,Hunter New England,District group 2,2117.0,88.5,2011-10-01,Regional
Oct-Dec 2011,Lismore,Northern NSW,Major,7457.0,64.3,2011-10-01,Regional
Oct-Dec 2011,Lithgow,Nepean Blue Mountains,District group 2,3257.0,88.2,2011-10-01,Metropolitan
Oct-Dec 2011,Liverpool,South Western Sydney,Principal referral,16467.0,66.0,2011-10-01,Metropolitan
Oct-Dec 2011,Maclean,Northern NSW,District group 2,3170.0,75.4,2011-10-01,Regional
Oct-Dec 2011,Maitland,Hunter New England,Major,10739.0,64.8,2011-10-01,Regional
Oct-Dec 2011,Manning,Hunter New England,Major,6381.0,64.3,2011-10-01,Regional
Oct-Dec 2011,Milton,Illawarra Shoalhaven,District group 2,3816.0,85.7,2011-10-01,Metropolitan
Oct-Dec 2011,Moree,Hunter New England,District group 2,2294.0,85.4,2011-10-01,Regional
Oct-Dec 2011,Mount Druitt,Western Sydney,District group 1,7651.0,60.5,2011-10-01,Metropolitan
Oct-Dec 2011,Murwillumbah,Northern NSW,District group 1,3840.0,84.3,2011-10-01,Regional
Oct-Dec 2011,Muswellbrook,Hunter New England,District group 2,2178.0,75.4,2011-10-01,Regional
Oct-Dec 2011,Narrabri,Hunter New England,District group 2,1418.0,96.0,2011-10-01,Regional
Oct-Dec 2011,Nepean,Nepean Blue Mountains,Principal referral,13767.0,66.7,2011-10-01,Metropolitan
Oct-Dec 2011,Orange,Western NSW,Major,6961.0,81.2,2011-10-01,Regional
Oct-Dec 2011,Port Macquarie,Mid North Coast,Major,8198.0,68.3,2011-10-01,Regional
Oct-Dec 2011,Prince of Wales,South Eastern Sydney,Principal referral,11498.0,63.4,2011-10-01,Metropolitan
Oct-Dec 2011,Royal North Shore,Northern Sydney,Principal referral,15393.0,72.2,2011-10-01,Metropolitan
Oct-Dec 2011,Royal Prince Alfred,Sydney,Principal referral,17008.0,64.2,2011-10-01,Metropolitan
Oct-Dec 2011,Shellharbour,Illawarra Shoalhaven,District group 1,6572.0,65.4,2011-10-01,Metropolitan
Oct-Dec 2011,Shoalhaven,Illawarra Shoalhaven,Major,9147.0,69.1,2011-10-01,Metropolitan
Oct-Dec 2011,Singleton,Hunter New England,District group 2,3152.0,76.1,2011-10-01,Regional
Oct-Dec 2011,South East Regional,Southern NSW,District group 1,2867.0,74.1,2011-10-01,Regional
Oct-Dec 2011,St George,South Eastern Sydney,Principal referral,16293.0,61.2,2011-10-01,Metropolitan
Oct-Dec 2011,St Vincent's,St Vincent's Health Network,Principal referral,11146.0,72.4,2011-10-01,Specialty network
Oct-Dec 2011,Sutherland,South Eastern Sydney,Major,11510.0,72.1,2011-10-01,Metropolitan
Oct-Dec 2011,Sydney Children's Randwick,Sydney Children's Hospitals Network,Paediatric specialist,8820.0,69.2,2011-10-01,Specialty network
Oct-Dec 2011,Sydney and Sydney Eye,South Eastern Sydney,Ungrouped acute - tertiary referral,10181.0,93.6,2011-10-01,Metropolitan
Oct-Dec 2011,Tamworth,Hunter New England,Major,10243.0,66.9,2011-10-01,Regional
Oct-Dec 2011,Tweed Valley,Northern NSW,Major,10211.0,66.3,2011-10-01,Regional
Oct-Dec 2011,Wagga Wagga,Murrumbidgee,Major,8388.0,81.2,2011-10-01,Regional
Oct-Dec 2011,Westmead,Western Sydney,Principal referral,14811.0,65.3,2011-10-01,Metropolitan
Oct-Dec 2011,Wollongong,Illawarra Shoalhaven,Principal referral,13278.0,58.6,2011-10-01,Metropolitan
Oct-Dec 2011,Wyong,Central Coast,Major,14118.0,74.9,2011-10-01,Metropolitan
Oct-Dec 2012,Armidale,Hunter New England,District group 1,3737.0,77.6,2012-10-01,Regional
Oct-Dec 2012,Auburn,Western Sydney,Major,6392.0,64.2,2012-10-01,Metropolitan
Oct-Dec 2012,Ballina,Northern NSW,District group 2,4090.0,73.0,2012-10-01,Regional
Oct-Dec 2012,Bankstown-Lidcombe,South Western Sydney,Principal referral,11627.0,71.5,2012-10-01,Metropolitan
Oct-Dec 2012,Bathurst,Western NSW,District group 1,6153.0,82.0,2012-10-01,Regional
Oct-Dec 2012,Belmont,Hunter New England,District group 1,6457.0,74.6,2012-10-01,Regional
Oct-Dec 2012,Blacktown,Western Sydney,Major,9474.0,69.5,2012-10-01,Metropolitan
Oct-Dec 2012,Blue Mountains,Nepean Blue Mountains,District group 2,4487.0,68.1,2012-10-01,Metropolitan
Oct-Dec 2012,Bowral,South Western Sydney,District group 1,4448.0,71.3,2012-10-01,Metropolitan
Oct-Dec 2012,Broken Hill,Far West,District group 1,6228.0,76.4,2012-10-01,Regional
Oct-Dec 2012,Calvary Mater,Hunter New England,Ungrouped acute - tertiary referral,8544.0,79.0,2012-10-01,Regional
Oct-Dec 2012,Campbelltown,South Western Sydney,Major,14714.0,74.5,2012-10-01,Metropolitan
Oct-Dec 2012,Canterbury,Sydney,Major,9283.0,61.9,2012-10-01,Metropolitan
Oct-Dec 2012,Casino,Northern NSW,District group 2,3613.0,67.2,2012-10-01,Regional
Oct-Dec 2012,Cessnock,Hunter New England,District group 2,4550.0,80.1,2012-10-01,Regional
Oct-Dec 2012,Children's at Westmead,Sydney Children's Hospitals Network,Paediatric specialist,12572.0,60.1,2012-10-01,Specialty network
Oct-Dec 2012,Coffs Harbour,Mid North Coast,Major,8989.0,72.5,2012-10-01,Regional
Oct-Dec 2012,Concord,Sydney,Principal referral,9026.0,79.4,2012-10-01,Metropolitan
Oct-Dec 2012,Dubbo,Western NSW,Major,7163.0,71.7,2012-10-01,Regional
Oct-Dec 2012,Fairfield,South Western Sydney,Major,8411.0,79.6,2012-10-01,Metropolitan
Oct-Dec 2012,Gosford,Central Coast,Principal referral,14658.0,67.5,2012-10-01,Metropolitan
Oct-Dec 2012,Goulburn,Southern NSW,District group 1,4493.0,54.9,2012-10-01,Regional
Oct-Dec 2012,Grafton,Northern NSW,District group 1,5733.0,78.2,2012-10-01,Regional
Oct-Dec 2012,Griffith,Murrumbidgee,District group 1,4813.0,77.8,2012-10-01,Regional
Oct-Dec 2012,Gunnedah,Hunter New England,District group 2,2367.0,82.8,2012-10-01,Regional
Oct-Dec 2012,Hawkesbury,Nepean Blue Mountains,District group 1,5449.0,67.0,2012-10-01,Metropolitan
Oct-Dec 2012,Hornsby,Northern Sydney,Major,8515.0,82.3,2012-10-01,Metropolitan
Oct-Dec 2012,Inverell,Hunter New England,District group 2,2846.0,76.1,2012-10-01,Regional
Oct-Dec 2012,John Hunter,Hunter New England,Principal referral,17745.0,74.2,2012-10-01,Regional
Oct-Dec 2012,Kempsey,Mid North Coast,District group 2,5555.0,72.2,2012-10-01,Regional
Oct-Dec 2012,Kurri Kurri,Hunter New England,District group 2,1772.0,86.4,2012-10-01,Regional
Oct-Dec 2012,Lismore,Northern NSW,Major,7698.0,60.2,2012-10-01,Regional
Oct-Dec 2012,Lithgow,Nepean Blue Mountains,District group 2,3434.0,90.4,2012-10-01,Metropolitan
Oct-Dec 2012,Liverpool,South Western Sydney,Principal referral,17747.0,71.0,2012-10-01,Metropolitan
Oct-Dec 2012,Maclean,Northern NSW,District group 2,2933.0,71.0,2012-10-01,Regional
Oct-Dec 2012,Maitland,Hunter New England,Major,11441.0,67.1,2012-10-01,Regional
Oct-Dec 2012,Manly,Northern Sydney,Major,6246.0,83.6,2012-10-01,Metropolitan
Oct-Dec 2012,Manning,Hunter New England,Major,6618.0,76.0,2012-10-01,Regional
Oct-Dec 2012,Milton,Illawarra Shoalhaven,District group 2,3818.0,78.2,2012-10-01,Metropolitan
Oct-Dec 2012,Mona Vale,Northern Sydney,Major,8058.0,81.1,2012-10-01,Metropolitan
Oct-Dec 2012,Moree,Hunter New England,District group 2,2293.0,88.8,2012-10-01,Regional
Oct-Dec 2012,Mount Druitt,Western Sydney,District group 1,8127.0,61.7,2012-10-01,Metropolitan
Oct-Dec 2012,Murwillumbah,Northern NSW,District group 1,4161.0,89.2,2012-10-01,Regional
Oct-Dec 2012,Muswellbrook,Hunter New England,District group 2,1983.0,84.9,2012-10-01,Regional
Oct-Dec 2012,Narrabri,Hunter New England,District group 2,1416.0,96.4,2012-10-01,Regional
Oct-Dec 2012,Nepean,Nepean Blue Mountains,Principal referral,14433.0,82.3,2012-10-01,Metropolitan
Oct-Dec 2012,Orange,Western NSW,Major,7022.0,81.9,2012-10-01,Regional
Oct-Dec 2012,Port Macquarie,Mid North Coast,Major,7438.0,73.2,2012-10-01,Regional
Oct-Dec 2012,Prince of Wales,South Eastern Sydney,Principal referral,12972.0,73.9,2012-10-01,Metropolitan
Oct-Dec 2012,Royal North Shore,Northern Sydney,Principal referral,15837.0,77.9,2012-10-01,Metropolitan
Oct-Dec 2012,Royal Prince Alfred,Sydney,Principal referral,17797.0,48.8,2012-10-01,Metropolitan
Oct-Dec 2012,Ryde,Northern Sydney,District group 1,6416.0,89.4,2012-10-01,Metropolitan
Oct-Dec 2012,Shellharbour,Illawarra Shoalhaven,District group 1,6821.0,69.1,2012-10-01,Metropolitan
Oct-Dec 2012,Shoalhaven,Illawarra Shoalhaven,Major,9364.0,70.4,2012-10-01,Metropolitan
Oct-Dec 2012,Singleton,Hunter New England,District group 2,3121.0,75.0,2012-10-01,Regional
Oct-Dec 2012,South East Regional,Southern NSW,District group 1,2963.0,76.7,2012-10-01,Regional
Oct-Dec 2012,St George,South Eastern Sydney,Principal referral,16656.0,64.4,2012-10-01,Metropolitan
Oct-Dec 2012,St Vincent's,St Vincent's Health Network,Principal referral,11389.0,79.0,2012-10-01,Specialty network
Oct-Dec 2012,Sutherland,South Eastern Sydney,Major,12235.0,70.7,2012-10-01,Metropolitan
Oct-Dec 2012,Sydney Children's Randwick,Sydney Children's Hospitals Network,Paediatric specialist,9233.0,69.4,2012-10-01,Specialty network
Oct-Dec 2012,Sydney and Sydney Eye,South Eastern Sydney,Ungrouped acute - tertiary referral,10011.0,92.3,2012-10-01,Metropolitan
Oct-Dec 2012,Tamworth,Hunter New England,Major,10358.0,75.4,2012-10-01,Regional
Oct-Dec 2012,Tweed Valley,Northern NSW,Major,10728.0,76.8,2012-10-01,Regional
Oct-Dec 2012,Wagga Wagga,Murrumbidgee,Major,9047.0,75.3,2012-10-01,Regional
Oct-Dec 2012,Westmead,Western Sydney,Principal referral,15243.0,62.2,2012-10-01,Metropolitan
Oct-Dec 2012,Wollongong,Illawarra Shoalhaven,Principal referral,14335.0,65.9,2012-10-01,Metropolitan
Oct-Dec 2012,Wyong,Central Coast,Major,15123.0,77.9,2012-10-01,Metropolitan
Oct-Dec 2013,Armidale,Hunter New England,District group 1,3802.0,81.5,2013-10-01,Regional
Oct-Dec 2013,Auburn,Western Sydney,Major,6537.0,65.6,2013-10-01,Metropolitan
Oct-Dec 2013,Ballina,Northern NSW,District group 2,4282.0,77.7,2013-10-01,Regional
Oct-Dec 2013,Bankstown-Lidcombe,South Western Sydney,Principal referral,12200.0,74.8,2013-10-01,Metropolitan
Oct-Dec 2013,Batemans Bay,Southern NSW,District group 2,4291.0,73.4,2013-10-01,Regional
Oct-Dec 2013,Bathurst,Western NSW,District group 1,5937.0,83.2,2013-10-01,Regional
Oct-Dec 2013,Belmont,Hunter New England,District group 1,6577.0,78.6,2013-10-01,Regional
Oct-Dec 2013,Blacktown,Western Sydney,Major,9948.0,88.2,2013-10-01,Metropolitan
Oct-Dec 2013,Blue Mountains,Nepean Blue Mountains,District group 2,4174.0,75.9,2013-10-01,Metropolitan
Oct-Dec 2013,Bowral,South Western Sydney,District group 1,4566.0,71.5,2013-10-01,Metropolitan
Oct-Dec 2013,Broken Hill,Far West,District group 1,5510.0,72.7,2013-10-01,Regional
Oct-Dec 2013,Calvary Mater,Hunter New England,Ungrouped acute - tertiary referral,8304.0,79.8,2013-10-01,Regional
Oct-Dec 2013,Campbelltown,South Western Sydney,Major,14924.0,75.8,2013-10-01,Metropolitan
Oct-Dec 2013,Canterbury,Sydney,Major,9836.0,73.8,2013-10-01,Metropolitan
Oct-Dec 2013,Casino,Northern NSW,District group 2,3565.0,73.4,2013-10-01,Regional
Oct-Dec 2013,Cessnock,Hunter New England,District group 2,4222.0,73.0,2013-10-01,Regional
Oct-Dec 2013,Children's at Westmead,Sydney Children's Hospitals Network,Paediatric specialist,12768.0,66.1,2013-10-01,Specialty network
Oct-Dec 2013,Coffs Harbour,Mid North Coast,Major,9422.0,85.6,2013-10-01,Regional
Oct-Dec 2013,Concord,Sydney,Principal referral,9309.0,73.3,2013-10-01,Metropolitan
Oct-Dec 2013,Deniliquin,Murrumbidgee,District group 2,2060.0,92.0,2013-10-01,Regional
Oct-Dec 2013,Dubbo,Western NSW,Major,6952.0,79.1,2013-10-01,Regional
Oct-Dec 2013,Fairfield,South Western Sydney,Major,8808.0,80.6,2013-10-01,Metropolitan
Oct-Dec 2013,Gosford,Central Coast,Principal referral,14485.0,68.7,2013-10-01,Metropolitan
Oct-Dec 2013,Goulburn,Southern NSW,District group 1,4279.0,63.3,2013-10-01,Regional
Oct-Dec 2013,Grafton,Northern NSW,District group 1,5637.0,71.9,2013-10-01,Regional
Oct-Dec 2013,Griffith,Murrumbidgee,District group 1,4688.0,77.3,2013-10-01,Regional
Oct-Dec 2013,Gunnedah,Hunter New England,District group 2,2077.0,78.8,2013-10-01,Regional
Oct-Dec 2013,Hawkesbury,Nepean Blue Mountains,District group 1,5501.0,82.1,2013-10-01,Metropolitan
Oct-Dec 2013,Hornsby,Northern Sydney,Major,9294.0,86.5,2013-10-01,Metropolitan
Oct-Dec 2013,Inverell,Hunter New England,District group 2,3545.0,82.9,2013-10-01,Regional
Oct-Dec 2013,John Hunter,Hunter New England,Principal referral,17986.0,77.7,2013-10-01,Regional
Oct-Dec 2013,Kempsey,Mid North Coast,District group 2,5578.0,76.9,2013-10-01,Regional
Oct-Dec 2013,Kurri Kurri,Hunter New England,District group 2,1888.0,79.8,2013-10-01,Regional
Oct-Dec 2013,Lismore,Northern NSW,Major,7424.0,65.9,2013-10-01,Regional
Oct-Dec 2013,Lithgow,Nepean Blue Mountains,District group 2,3311.0,86.7,2013-10-01,Metropolitan
Oct-Dec 2013,Liverpool,South Western Sydney,Principal referral,19005.0,76.5,2013-10-01,Metropolitan
Oct-Dec 2013,Macksville,Mid North Coast,District group 2,3248.0,68.8,2013-10-01,Regional
Oct-Dec 2013,Maclean,Northern NSW,District group 2,2962.0,69.6,2013-10-01,Regional
Oct-Dec 2013,Maitland,Hunter New England,Major,11317.0,64.0,2013-10-01,Regional
Oct-Dec 2013,Manly,Northern Sydney,Major,6232.0,82.7,2013-10-01,Metropolitan
Oct-Dec 2013,Manning,Hunter New England,Major,6700.0,79.1,2013-10-01,Regional
Oct-Dec 2013,Milton,Illawarra Shoalhaven,District group 2,3961.0,78.1,2013-10-01,Metropolitan
Oct-Dec 2013,Mona Vale,Northern Sydney,Major,8320.0,83.2,2013-10-01,Metropolitan
Oct-Dec 2013,Moree,Hunter New England,District group 2,2221.0,96.8,2013-10-01,Regional
Oct-Dec 2013,Moruya,Southern NSW,District group 2,2909.0,75.3,2013-10-01,Regional
Oct-Dec 2013,Mount Druitt,Western Sydney,District group 1,8231.0,60.6,2013-10-01,Metropolitan
Oct-Dec 2013,Murwillumbah,Northern NSW,District group 1,4584.0,88.1,2013-10-01,Regional
Oct-Dec 2013,Muswellbrook,Hunter New England,District group 2,2058.0,83.0,2013-10-01,Regional
Oct-Dec 2013,Narrabri,Hunter New England,District group 2,1502.0,95.6,2013-10-01,Regional
Oct-Dec 2013,Nepean,Nepean Blue Mountains,Principal referral,15549.0,82.5,2013-10-01,Metropolitan
Oct-Dec 2013,Orange,Western NSW,Major,7103.0,82.2,2013-10-01,Regional
Oct-Dec 2013,Port Macquarie,Mid North Coast,Major,7583.0,76.0,2013-10-01,Regional
Oct-Dec 2013,Prince of Wales,South Eastern Sydney,Principal referral,13943.0,75.3,2013-10-01,Metropolitan
Oct-Dec 2013,Queanbeyan,Southern NSW,District group 2,4553.0,69.3,2013-10-01,Regional
Oct-Dec 2013,Royal North Shore,Northern Sydney,Principal referral,17923.0,81.9,2013-10-01,Metropolitan
Oct-Dec 2013,Royal Prince Alfred,Sydney,Principal referral,18322.0,51.9,2013-10-01,Metropolitan
Oct-Dec 2013,Ryde,Northern Sydney,District group 1,6779.0,87.7,2013-10-01,Metropolitan
Oct-Dec 2013,Shellharbour,Illawarra Shoalhaven,District group 1,7191.0,67.5,2013-10-01,Metropolitan
Oct-Dec 2013,Shoalhaven,Illawarra Shoalhaven,Major,9293.0,64.6,2013-10-01,Metropolitan
Oct-Dec 2013,Singleton,Hunter New England,District group 2,2799.0,74.0,2013-10-01,Regional
Oct-Dec 2013,South East Regional,Southern NSW,District group 1,2946.0,73.4,2013-10-01,Regional
Oct-Dec 2013,St George,South Eastern Sydney,Principal referral,17109.0,65.7,2013-10-01,Metropolitan
Oct-Dec 2013,St Vincent's,St Vincent's Health Network,Principal referral,12096.0,80.8,2013-10-01,Specialty network
Oct-Dec 2013,Sutherland,South Eastern Sydney,Major,12343.0,70.2,2013-10-01,Metropolitan
Oct-Dec 2013,Sydney Children's Randwick,Sydney Children's Hospitals Network,Paediatric specialist,9230.0,68.7,2013-10-01,Specialty network
Oct-Dec 2013,Sydney and Sydney Eye,South Eastern Sydney,Ungrouped acute - tertiary referral,10024.0,93.0,2013-10-01,Metropolitan
Oct-Dec 2013,Tamworth,Hunter New England,Major,10141.0,77.6,2013-10-01,Regional
Oct-Dec 2013,Tweed Valley,Northern NSW,Major,11230.0,88.1,2013-10-01,Regional
Oct-Dec 2013,Wagga Wagga,Murrumbidgee,Major,8972.0,82.6,2013-10-01,Regional
Oct-Dec 2013,Westmead,Western Sydney,Principal referral,16936.0,70.5,2013-10-01,Metropolitan
Oct-Dec 2013,Wollongong,Illawarra Shoalhaven,Principal referral,15186.0,65.2,2013-10-01,Metropolitan
Oct-Dec 2013,Wyong,Central Coast,Major,14804.0,71.1,2013-10-01,Metropolitan
Oct-Dec 2013,Young,Murrumbidgee,District group 2,2294.0,90.9,2013-10-01,Regional
Oct-Dec 2014,Armidale,Hunter New England,District group 1,3870.0,75.9,2014-10-01,Regional
Oct-Dec 2014,Auburn,Western Sydney,Major,6707.0,73.2,2014-10-01,Metropolitan
Oct-Dec 2014,Ballina,Northern NSW,District group 2,4307.0,74.8,2014-10-01,Regional
Oct-Dec 2014,Bankstown-Lidcombe,South Western Sydney,Principal referral,12941.0,69.6,2014-10-01,Metropolitan
Oct-Dec 2014,Batemans Bay,Southern NSW,District group 2,3550.0,77.9,2014-10-01,Regional
Oct-Dec 2014,Bathurst,Western NSW,District group 1,6264.0,85.0,2014-10-01,Regional
Oct-Dec 2014,Belmont,Hunter New England,District group 1,6429.0,84.0,2014-10-01,Regional
Oct-Dec 2014,Blacktown,Western Sydney,Major,10303.0,75.4,2014-10-01,Metropolitan
Oct-Dec 2014,Blue Mountains,Nepean Blue Mountains,District group 2,4538.0,74.4,2014-10-01,Metropolitan
Oct-Dec 2014,Bowral,South Western Sydney,District group 1,4565.0,73.6,2014-10-01,Metropolitan
Oct-Dec 2014,Broken Hill,Far West,District group 1,5190.0,72.9,2014-10-01,Regional
Oct-Dec 2014,Calvary Mater,Hunter New England,Ungrouped acute - tertiary referral,8890.0,78.5,2014-10-01,Regional
Oct-Dec 2014,Campbelltown,South Western Sydney,Major,15773.0,75.9,2014-10-01,Metropolitan
Oct-Dec 2014,Canterbury,Sydney,Major,10569.0,77.6,2014-10-01,Metropolitan
Oct-Dec 2014,Casino,Northern NSW,District group 2,3543.0,67.7,2014-10-01,Regional
Oct-Dec 2014,Cessnock,Hunter New England,District group 2,4280.0,77.8,2014-10-01,Regional
Oct-Dec 2014,Children's at Westmead,Sydney Children's Hospitals Network,Paediatric specialist,13958.0,70.1,2014-10-01,Specialty network
Oct-Dec 2014,Coffs Harbour,Mid North Coast,Major,9500.0,85.8,2014-10-01,Regional
Oct-Dec 2014,Concord,Sydney,Principal referral,9638.0,74.7,2014-10-01,Metropolitan
Oct-Dec 2014,Deniliquin,Murrumbidgee,District group 2,2218.0,90.2,2014-10-01,Regional
Oct-Dec 2014,Dubbo,Western NSW,Major,7350.0,75.0,2014-10-01,Regional
Oct-Dec 2014,Fairfield,South Western Sydney,Major,9088.0,70.8,2014-10-01,Metropolitan
Oct-Dec 2014,Forbes,Western NSW,District group 2,2195.0,87.2,2014-10-01,Regional
Oct-Dec 2014,Gosford,Central Coast,Principal referral,15487.0,67.7,2014-10-01,Metropolitan
Oct-Dec 2014,Goulburn,Southern NSW,District group 1,4378.0,63.4,2014-10-01,Regional
Oct-Dec 2014,Grafton,Northern NSW,District group 1,6143.0,71.1,2014-10-01,Regional
Oct-Dec 2014,Griffith,Murrumbidgee,District group 1,4856.0,78.5,2014-10-01,Regional
Oct-Dec 2014,Gunnedah,Hunter New England,District group 2,2230.0,80.0,2014-10-01,Regional
Oct-Dec 2014,Hawkesbury,Nepean Blue Mountains,District group 1,5756.0,82.2,2014-10-01,Metropolitan
Oct-Dec 2014,Hornsby,Northern Sydney,Major,9727.0,91.2,2014-10-01,Metropolitan
Oct-Dec 2014,Inverell,Hunter New England,District group 2,2712.0,81.9,2014-10-01,Regional
Oct-Dec 2014,John Hunter,Hunter New England,Principal referral,18752.0,73.8,2014-10-01,Regional
Oct-Dec 2014,Kempsey,Mid North Coast,District group 2,5888.0,77.5,2014-10-01,Regional
Oct-Dec 2014,Kurri Kurri,Hunter New England,District group 2,1590.0,87.6,2014-10-01,Regional
Oct-Dec 2014,Lismore,Northern NSW,Major,8126.0,75.6,2014-10-01,Regional
Oct-Dec 2014,Lithgow,Nepean Blue Mountains,District group 2,3125.0,90.7,2014-10-01,Metropolitan
Oct-Dec 2014,Liverpool,South Western Sydney,Principal referral,19729.0,64.8,2014-10-01,Metropolitan
Oct-Dec 2014,Macksville,Mid North Coast,District group 2,3425.0,62.6,2014-10-01,Regional
Oct-Dec 2014,Maclean,Northern NSW,District group 2,3050.0,66.0,2014-10-01,Regional
Oct-Dec 2014,Maitland,Hunter New England,Major,11659.0,65.4,2014-10-01,Regional
Oct-Dec 2014,Manly,Northern Sydney,Major,6397.0,89.7,2014-10-01,Metropolitan
Oct-Dec 2014,Manning,Hunter New England,Major,7576.0,84.4,2014-10-01,Regional
Oct-Dec 2014,Milton,Illawarra Shoalhaven,District group 2,4118.0,74.9,2014-10-01,Metropolitan
Oct-Dec 2014,Mona Vale,Northern Sydney,Major,8525.0,84.5,2014-10-01,Metropolitan
Oct-Dec 2014,Moree,Hunter New England,District group 2,2090.0,95.8,2014-10-01,Regional
Oct-Dec 2014,Moruya,Southern NSW,District group 2,2772.0,76.4,2014-10-01,Regional
Oct-Dec 2014,Mount Druitt,Western Sydney,District group 1,7982.0,59.9,2014-10-01,Metropolitan
Oct-Dec 2014,Mudgee,Western NSW,District group 2,2869.0,71.4,2014-10-01,Regional
Oct-Dec 2014,Murwillumbah,Northern NSW,District group 1,4072.0,92.9,2014-10-01,Regional
Oct-Dec 2014,Muswellbrook,Hunter New England,District group 2,2168.0,83.6,2014-10-01,Regional
Oct-Dec 2014,Narrabri,Hunter New England,District group 2,1495.0,94.0,2014-10-01,Regional
Oct-Dec 2014,Nepean,Nepean Blue Mountains,Principal referral,16773.0,65.3,2014-10-01,Metropolitan
Oct-Dec 2014,Orange,Western NSW,Major,7397.0,89.3,2014-10-01,Regional
Oct-Dec 2014,Port Macquarie,Mid North Coast,Major,7873.0,76.4,2014-10-01,Regional
Oct-Dec 2014,Prince of Wales,South Eastern Sydney,Principal referral,14435.0,71.4,2014-10-01,Metropolitan
Oct-Dec 2014,Queanbeyan,Southern NSW,District group 2,4502.0,69.1,2014-10-01,Regional
Oct-Dec 2014,Royal North Shore,Northern Sydney,Principal referral,18913.0,82.2,2014-10-01,Metropolitan
Oct-Dec 2014,Royal Prince Alfred,Sydney,Principal referral,18387.0,54.5,2014-10-01,Metropolitan
Oct-Dec 2014,Ryde,Northern Sydney,District group 1,6762.0,89.8,2014-10-01,Metropolitan
Oct-Dec 2014,Shellharbour,Illawarra Shoalhaven,District group 1,7332.0,73.9,2014-10-01,Metropolitan
Oct-Dec 2014,Shoalhaven,Illawarra Shoalhaven,Major,9202.0,63.1,2014-10-01,Metropolitan
Oct-Dec 2014,Singleton,Hunter New England,District group 2,3017.0,70.5,2014-10-01,Regional
Oct-Dec 2014,South East Regional,Southern NSW,District group 1,3124.0,74.8,2014-10-01,Regional
Oct-Dec 2014,St George,South Eastern Sydney,Principal referral,18333.0,74.2,2014-10-01,Metropolitan
Oct-Dec 2014,St Vincent's,St Vincent's Health Network,Principal referral,12438.0,79.5,2014-10-01,Specialty network
Oct-Dec 2014,Sutherland,South Eastern Sydney,Major,12661.0,72.2,2014-10-01,Metropolitan
Oct-Dec 2014,Sydney Children's Randwick,Sydney Children's Hospitals Network,Paediatric specialist,9358.0,74.8,2014-10-01,Specialty network
Oct-Dec 2014,Sydney and Sydney Eye,South Eastern Sydney,Ungrouped acute - tertiary referral,9795.0,91.3,2014-10-01,Metropolitan
Oct-Dec 2014,Tamworth,Hunter New England,Major,10444.0,77.8,2014-10-01,Regional
Oct-Dec 2014,Tweed Valley,Northern NSW,Major,12485.0,85.4,2014-10-01,Regional
Oct-Dec 2014,Wagga Wagga,Murrumbidgee,Major,9046.0,83.7,2014-10-01,Regional
Oct-Dec 2014,Westmead,Western Sydney,Principal referral,18198.0,54.6,2014-10-01,Metropolitan
Oct-Dec 2014,Wollongong,Illawarra Shoalhaven,Principal referral,15327.0,64.9,2014-10-01,Metropolitan
Oct-Dec 2014,Wyong,Central Coast,Major,15149.0,80.2,2014-10-01,Metropolitan
Oct-Dec 2014,Young,Murrumbidgee,District group 2,2462.0,95.5,2014-10-01,Regional
Oct-Dec 2015,Armidale,Hunter New England,District group 1,4022.0,72.8,2015-10-01,Regional
Oct-Dec 2015,Auburn,Western Sydney,Major,6678.0,68.8,2015-10-01,Metropolitan
Oct-Dec 2015,Ballina,Northern NSW,District group 2,4258.0,76.5,2015-10-01,Regional
Oct-Dec 2015,Bankstown-Lidcombe,South Western Sydney,Principal referral,13418.0,80.7,2015-10-01,Metropolitan
Oct-Dec 2015,Batemans Bay,Southern NSW,District group 2,3649.0,75.5,2015-10-01,Regional
Oct-Dec 2015,Bathurst,Western NSW,District group 1,6430.0,79.2,2015-10-01,Regional
Oct-Dec 2015,Belmont,Hunter New England,District group 1,6048.0,91.5,2015-10-01,Regional
Oct-Dec 2015,Blacktown,Western Sydney,Major,10902.0,65.6,2015-10-01,Metropolitan
Oct-Dec 2015,Blue Mountains,Nepean Blue Mountains,District group 2,4348.0,74.1,2015-10-01,Metropolitan
Oct-Dec 2015,Bowral,South Western Sydney,District group 1,4731.0,78.2,2015-10-01,Metropolitan
Oct-Dec 2015,Broken Hill,Far West,District group 1,4885.0,90.6,2015-10-01,Regional
Oct-Dec 2015,Calvary Mater,Hunter New England,Ungrouped acute - tertiary referral,8825.0,75.4,2015-10-01,Regional
Oct-Dec 2015,Campbelltown,South Western Sydney,Major,16280.0,77.3,2015-10-01,Metropolitan
Oct-Dec 2015,Canterbury,Sydney,Major,10677.0,86.6,2015-10-01,Metropolitan
Oct-Dec 2015,Casino,Northern NSW,District group 2,3571.0,65.2,2015-10-01,Regional
Oct-Dec 2015,Cessnock,Hunter New England,District group 2,4421.0,79.5,2015-10-01,Regional
Oct-Dec 2015,Children's at Westmead,Sydney Children's Hospitals Network,Paediatric specialist,14129.0,61.2,2015-10-01,Specialty network
Oct-Dec 2015,Coffs Harbour,Mid North Coast,Major,9370.0,84.9,2015-10-01,Regional
Oct-Dec 2015,Concord,Sydney,Principal referral,9714.0,71.4,2015-10-01,Metropolitan
Oct-Dec 2015,Deniliquin,Murrumbidgee,District group 2,2428.0,96.3,2015-10-01,Regional
Oct-Dec 2015,Dubbo,Western NSW,Major,7789.0,69.5,2015-10-01,Regional
Oct-Dec 2015,Fairfield,South Western Sydney,Major,8788.0,71.1,2015-10-01,Metropolitan
Oct-Dec 2015,Forbes,Western NSW,District group 2,2492.0,89.1,2015-10-01,Regional
Oct-Dec 2015,Gosford,Central Coast,Principal referral,15962.0,71.1,2015-10-01,Metropolitan
Oct-Dec 2015,Goulburn,Southern NSW,District group 1,4436.0,58.0,2015-10-01,Regional
Oct-Dec 2015,Grafton,Northern NSW,District group 1,6356.0,70.7,2015-10-01,Regional
Oct-Dec 2015,Griffith,Murrumbidgee,District group 1,4796.0,75.1,2015-10-01,Regional
Oct-Dec 2015,Gunnedah,Hunter New England,District group 2,2144.0,78.6,2015-10-01,Regional
Oct-Dec 2015,Hawkesbury,Nepean Blue Mountains,District group 1,5896.0,82.7,2015-10-01,Metropolitan
Oct-Dec 2015,Hornsby,Northern Sydney,Major,9565.0,85.9,2015-10-01,Metropolitan
Oct-Dec 2015,Inverell,Hunter New England,District group 2,2023.0,86.1,2015-10-01,Regional
Oct-Dec 2015,John Hunter,Hunter New England,Principal referral,19336.0,70.5,2015-10-01,Regional
Oct-Dec 2015,Kempsey,Mid North Coast,District group 2,6256.0,77.1,2015-10-01,Regional
Oct-Dec 2015,Kurri Kurri,Hunter New England,District group 2,1321.0,90.2,2015-10-01,Regional
Oct-Dec 2015,Lismore,Northern NSW,Major,7942.0,65.5,2015-10-01,Regional
Oct-Dec 2015,Lithgow,Nepean Blue Mountains,District group 2,3255.0,91.4,2015-10-01,Metropolitan
Oct-Dec 2015,Liverpool,South Western Sydney,Principal referral,20531.0,67.4,2015-10-01,Metropolitan
Oct-Dec 2015,Macksville,Mid North Coast,District group 2,3440.0,77.1,2015-10-01,Regional
Oct-Dec 2015,Maclean,Northern NSW,District group 2,3084.0,62.9,2015-10-01,Regional
Oct-Dec 2015,Maitland,Hunter New England,Major,11829.0,74.0,2015-10-01,Regional
Oct-Dec 2015,Manly,Northern Sydney,Major,6151.0,89.2,2015-10-01,Metropolitan
Oct-Dec 2015,Manning,Hunter New England,Major,7318.0,76.8,2015-10-01,Regional
Oct-Dec 2015,Milton,Illawarra Shoalhaven,District group 2,4138.0,78.9,2015-10-01,Metropolitan
Oct-Dec 2015,Mona Vale,Northern Sydney,Major,8822.0,83.6,2015-10-01,Metropolitan
Oct-Dec 2015,Moree,Hunter New England,District group 2,2074.0,94.4,2015-10-01,Regional
Oct-Dec 2015,Moruya,Southern NSW,District group 2,2686.0,76.8,2015-10-01,Regional
Oct-Dec 2015,Mount Druitt,Western Sydney,District group 1,7969.0,63.4,2015-10-01,Metropolitan
Oct-Dec 2015,Mudgee,Western NSW,District group 2,3463.0,74.4,2015-10-01,Regional
Oct-Dec 2015,Murwillumbah,Northern NSW,District group 1,4453.0,85.5,2015-10-01,Regional
Oct-Dec 2015,Muswellbrook,Hunter New England,District group 2,2492.0,82.5,2015-10-01,Regional
Oct-Dec 2015,Narrabri,Hunter New England,District group 2,1407.0,90.0,2015-10-01,Regional
Oct-Dec 2015,Nepean,Nepean Blue Mountains,Principal referral,16819.0,60.5,2015-10-01,Metropolitan
Oct-Dec 2015,Orange,Western NSW,Major,7515.0,87.1,2015-10-01,Regional
Oct-Dec 2015,Port Macquarie,Mid North Coast,Major,8130.0,75.7,2015-10-01,Regional
Oct-Dec 2015,Prince of Wales,South Eastern Sydney,Principal referral,14696.0,76.0,2015-10-01,Metropolitan
Oct-Dec 2015,Queanbeyan,Southern NSW,District group 2,4407.0,74.5,2015-10-01,Regional
Oct-Dec 2015,Royal North Shore,Northern Sydney,Principal referral,19865.0,81.3,2015-10-01,Metropolitan
Oct-Dec 2015,Royal Prince Alfred,Sydney,Principal referral,18691.0,62.3,2015-10-01,Metropolitan
Oct-Dec 2015,Ryde,Northern Sydney,District group 1,6914.0,86.4,2015-10-01,Metropolitan
Oct-Dec 2015,Shellharbour,Illawarra Shoalhaven,District group 1,7652.0,73.0,2015-10-01,Metropolitan
Oct-Dec 2015,Shoalhaven,Illawarra Shoalhaven,Major,9572.0,61.4,2015-10-01,Metropolitan
Oct-Dec 2015,Singleton,Hunter New England,District group 2,2858.0,69.9,2015-10-01,Regional
Oct-Dec 2015,South East Regional,Southern NSW,District group 1,3351.0,73.4,2015-10-01,Regional
Oct-Dec 2015,St George,South Eastern Sydney,Principal referral,19396.0,70.8,2015-10-01,Metropolitan
Oct-Dec 2015,St Vincent's,St Vincent's Health Network,Principal referral,12447.0,83.4,2015-10-01,Specialty network
Oct-Dec 2015,Sutherland,South Eastern Sydney,Major,12915.0,67.3,2015-10-01,Metropolitan
Oct-Dec 2015,Sydney Children's Randwick,Sydney Children's Hospitals Network,Paediatric specialist,9401.0,64.8,2015-10-01,Specialty network
Oct-Dec 2015,Sydney and Sydney Eye,South Eastern Sydney,Ungrouped acute - tertiary referral,9908.0,88.4,2015-10-01,Metropolitan
Oct-Dec 2015,Tamworth,Hunter New England,Major,10861.0,64.5,2015-10-01,Regional
Oct-Dec 2015,Tweed Valley,Northern NSW,Major,12940.0,87.8,2015-10-01,Regional
Oct-Dec 2015,Wagga Wagga,Murrumbidgee,Major,9860.0,77.8,2015-10-01,Regional
Oct-Dec 2015,Westmead,Western Sydney,Principal referral,18448.0,53.8,2015-10-01,Metropolitan
Oct-Dec 2015,Wollongong,Illawarra Shoalhaven,Principal referral,15872.0,63.0,2015-10-01,Metropolitan
Oct-Dec 2015,Wyong,Central Coast,Major,16013.0,77.7,2015-10-01,Metropolitan
Oct-Dec 2015,Young,Murrumbidgee,District group 2,2326.0,91.2,2015-10-01,Regional
Oct-Dec 2016,Armidale,Hunter New England,District group 1,4072.0,64.0,2016-10-01,Regional
Oct-Dec 2016,Auburn,Western Sydney,Major,6796.0,68.8,2016-10-01,Metropolitan
Oct-Dec 2016,Ballina,Northern NSW,District group 2,4170.0,77.8,2016-10-01,Regional
Oct-Dec 2016,Bankstown-Lidcombe,South Western Sydney,Principal referral,13519.0,71.0,2016-10-01,Metropolitan
Oct-Dec 2016,Batemans Bay,Southern NSW,District group 2,4132.0,75.8,2016-10-01,Regional
Oct-Dec 2016,Bathurst,Western NSW,District group 1,6384.0,83.9,2016-10-01,Regional
Oct-Dec 2016,Belmont,Hunter New England,District group 1,6292.0,85.8,2016-10-01,Regional
Oct-Dec 2016,Blacktown,Western Sydney,Major,11714.0,56.1,2016-10-01,Metropolitan
Oct-Dec 2016,Blue Mountains,Nepean Blue Mountains,District group 2,4258.0,77.0,2016-10-01,Metropolitan
Oct-Dec 2016,Bowral,South Western Sydney,District group 1,5133.0,79.2,2016-10-01,Metropolitan
Oct-Dec 2016,Broken Hill,Far West,District group 1,5845.0,88.1,2016-10-01,Regional
Oct-Dec 2016,Byron Central,Northern NSW,District group 2,4958.0,82.5,2016-10-01,Regional
Oct-Dec 2016,Calvary Mater,Hunter New England,Ungrouped acute - tertiary referral,9442.0,82.5,2016-10-01,Regional
Oct-Dec 2016,Campbelltown,South Western Sydney,Major,16810.0,79.6,2016-10-01,Metropolitan
Oct-Dec 2016,Canterbury,Sydney,Major,11536.0,82.5,2016-10-01,Metropolitan
Oct-Dec 2016,Casino,Northern NSW,District group 2,3471.0,68.5,2016-10-01,Regional
Oct-Dec 2016,Cessnock,Hunter New England,District group 2,4487.0,79.7,2016-10-01,Regional
Oct-Dec 2016,Children's at Westmead,Sydney Children's Hospitals Network,Paediatric specialist,14210.0,64.2,2016-10-01,Specialty network
Oct-Dec 2016,Coffs Harbour,Mid North Coast,Major,10055.0,82.2,2016-10-01,Regional
Oct-Dec 2016,Concord,Sydney,Principal referral,9980.0,80.7,2016-10-01,Metropolitan
Oct-Dec 2016,Cooma,Southern NSW,District group 2,2560.0,77.3,2016-10-01,Regional
Oct-Dec 2016,Cowra,Western NSW,District group 2,2024.0,94.4,2016-10-01,Regional
Oct-Dec 2016,Deniliquin,Murrumbidgee,District group 2,2699.0,98.2,2016-10-01,Regional
Oct-Dec 2016,Dubbo,Western NSW,Major,8656.0,71.3,2016-10-01,Regional
Oct-Dec 2016,Fairfield,South Western Sydney,Major,8934.0,71.8,2016-10-01,Metropolitan
Oct-Dec 2016,Forbes,Western NSW,District group 2,2047.0,87.0,2016-10-01,Regional
Oct-Dec 2016,Gosford,Central Coast,Principal referral,16368.0,73.8,2016-10-01,Metropolitan
Oct-Dec 2016,Goulburn,Southern NSW,District group 1,4660.0,73.4,2016-10-01,Regional
Oct-Dec 2016,Grafton,Northern NSW,District group 1,6313.0,79.4,2016-10-01,Regional
Oct-Dec 2016,Griffith,Murrumbidgee,District group 1,5425.0,77.7,2016-10-01,Regional
Oct-Dec 2016,Gunnedah,Hunter New England,District group 2,2225.0,74.9,2016-10-01,Regional
Oct-Dec 2016,Hawkesbury,Nepean Blue Mountains,District group 1,6173.0,84.7,2016-10-01,Metropolitan
Oct-Dec 2016,Hornsby,Northern Sydney,Major,10088.0,85.8,2016-10-01,Metropolitan
Oct-Dec 2016,Inverell,Hunter New England,District group 2,2425.0,79.9,2016-10-01,Regional
Oct-Dec 2016,John Hunter,Hunter New England,Principal referral,19397.0,71.6,2016-10-01,Regional
Oct-Dec 2016,Kempsey,Mid North Coast,District group 2,6903.0,71.1,2016-10-01,Regional
Oct-Dec 2016,Kurri Kurri,Hunter New England,District group 2,1035.0,95.8,2016-10-01,Regional
Oct-Dec 2016,Lismore,Northern NSW,Major,8441.0,71.8,2016-10-01,Regional
Oct-Dec 2016,Lithgow,Nepean Blue Mountains,District group 2,3294.0,90.4,2016-10-01,Metropolitan
Oct-Dec 2016,Liverpool,South Western Sydney,Principal referral,21173.0,79.9,2016-10-01,Metropolitan
Oct-Dec 2016,Macksville,Mid North Coast,District group 2,3587.0,76.7,2016-10-01,Regional
Oct-Dec 2016,Maclean,Northern NSW,District group 2,3066.0,66.4,2016-10-01,Regional
Oct-Dec 2016,Maitland,Hunter New England,Major,12446.0,70.5,2016-10-01,Regional
Oct-Dec 2016,Manly,Northern Sydney,Major,6289.0,89.0,2016-10-01,Metropolitan
Oct-Dec 2016,Manning,Hunter New England,Major,7808.0,78.6,2016-10-01,Regional
Oct-Dec 2016,Milton,Illawarra Shoalhaven,District group 2,4143.0,76.7,2016-10-01,Metropolitan
Oct-Dec 2016,Mona Vale,Northern Sydney,Major,9168.0,85.4,2016-10-01,Metropolitan
Oct-Dec 2016,Moree,Hunter New England,District group 2,2223.0,89.1,2016-10-01,Regional
Oct-Dec 2016,Moruya,Southern NSW,District group 2,2787.0,80.4,2016-10-01,Regional
Oct-Dec 2016,Mount Druitt,Western Sydney,District group 1,8063.0,63.9,2016-10-01,Metropolitan
Oct-Dec 2016,Mudgee,Western NSW,District group 2,3236.0,72.0,2016-10-01,Regional
Oct-Dec 2016,Murwillumbah,Northern NSW,District group 1,4564.0,89.2,2016-10-01,Regional
Oct-Dec 2016,Muswellbrook,Hunter New England,District group 2,2623.0,81.8,2016-10-01,Regional
Oct-Dec 2016,Narrabri,Hunter New England,District group 2,1578.0,92.7,2016-10-01,Regional
Oct-Dec 2016,Nepean,Nepean Blue Mountains,Principal referral,17137.0,68.4,2016-10-01,Metropolitan
Oct-Dec 2016,Orange,Western NSW,Major,7542.0,87.3,2016-10-01,Regional
Oct-Dec 2016,Port Macquarie,Mid North Coast,Major,8903.0,65.3,2016-10-01,Regional
Oct-Dec 2016,Prince of Wales,South Eastern Sydney,Principal referral,14881.0,75.3,2016-10-01,Metropolitan
Oct-Dec 2016,Queanbeyan,Southern NSW,District group 2,4840.0,76.7,2016-10-01,Regional
Oct-Dec 2016,Royal North Shore,Northern Sydney,Principal referral,21160.0,79.8,2016-10-01,Metropolitan
Oct-Dec 2016,Royal Prince Alfred,Sydney,Principal referral,19246.0,64.0,2016-10-01,Metropolitan
Oct-Dec 2016,Ryde,Northern Sydney,District group 1,6758.0,88.9,2016-10-01,Metropolitan
Oct-Dec 2016,Shellharbour,Illawarra Shoalhaven,District group 1,7658.0,77.0,2016-10-01,Metropolitan
Oct-Dec 2016,Shoalhaven,Illawarra Shoalhaven,Major,10048.0,64.5,2016-10-01,Metropolitan
Oct-Dec 2016,Singleton,Hunter New England,District group 2,3051.0,72.7,2016-10-01,Regional
Oct-Dec 2016,South East Regional,Southern NSW,District group 1,4440.0,71.9,2016-10-01,Regional
Oct-Dec 2016,St George,South Eastern Sydney,Principal referral,19717.0,71.1,2016-10-01,Metropolitan
Oct-Dec 2016,St Vincent's,St Vincent's Health Network,Principal referral,12418.0,78.8,2016-10-01,Specialty network
Oct-Dec 2016,Sutherland,South Eastern Sydney,Major,12934.0,64.4,2016-10-01,Metropolitan
Oct-Dec 2016,Sydney Children's Randwick,Sydney Children's Hospitals Network,Paediatric specialist,9049.0,71.4,2016-10-01,Specialty network
Oct-Dec 2016,Sydney and Sydney Eye,South Eastern Sydney,Ungrouped acute - tertiary referral,8596.0,83.9,2016-10-01,Metropolitan
Oct-Dec 2016,Tamworth,Hunter New England,Major,11640.0,73.0,2016-10-01,Regional
Oct-Dec 2016,Tweed Valley,Northern NSW,Major,13175.0,84.7,2016-10-01,Regional
Oct-Dec 2016,Wagga Wagga,Murrumbidgee,Major,10023.0,82.0,2016-10-01,Regional
Oct-Dec 2016,Westmead,Western Sydney,Principal referral,19143.0,41.6,2016-10-01,Metropolitan
Oct-Dec 2016,Wollongong,Illawarra Shoalhaven,Principal referral,15861.0,73.7,2016-10-01,Metropolitan
Oct-Dec 2016,Wyong,Central Coast,Major,16300.0,78.6,2016-10-01,Metropolitan
Oct-Dec 2016,Young,Murrumbidgee,District group 2,2800.0,93.4,2016-10-01,Regional
Oct-Dec 2017,Armidale,Hunter New England,District group 1,3788.0,73.4,2017-10-01,Regional
Oct-Dec 2017,Auburn,Western Sydney,Major,7178.0,72.0,2017-10-01,Metropolitan
Oct-Dec 2017,Ballina,Northern NSW,District group 2,4605.0,76.2,2017-10-01,Regional
Oct-Dec 2017,Bankstown-Lidcombe,South Western Sydney,Principal referral,13750.0,67.7,2017-10-01,Metropolitan
Oct-Dec 2017,Batemans Bay,Southern NSW,District group 2,4676.0,70.9,2017-10-01,Regional
Oct-Dec 2017,Bathurst,Western NSW,District group 1,6776.0,82.5,2017-10-01,Regional
Oct-Dec 2017,Belmont,Hunter New England,District group 1,6300.0,86.6,2017-10-01,Regional
Oct-Dec 2017,Blacktown,Western Sydney,Major,12712.0,67.6,2017-10-01,Metropolitan
Oct-Dec 2017,Blue Mountains,Nepean Blue Mountains,District group 2,4364.0,77.2,2017-10-01,Metropolitan
Oct-Dec 2017,Bowral,South Western Sydney,District group 1,5067.0,70.7,2017-10-01,Metropolitan
Oct-Dec 2017,Broken Hill,Far West,District group 1,5629.0,83.3,2017-10-01,Regional
Oct-Dec 2017,Byron Central,Northern NSW,District group 2,5470.0,80.7,2017-10-01,Regional
Oct-Dec 2017,Calvary Mater,Hunter New England,Ungrouped acute - tertiary referral,9511.0,84.2,2017-10-01,Regional
Oct-Dec 2017,Campbelltown,South Western Sydney,Major,17912.0,79.2,2017-10-01,Metropolitan
Oct-Dec 2017,Canterbury,Sydney,Major,11206.0,80.1,2017-10-01,Metropolitan
Oct-Dec 2017,Casino,Northern NSW,District group 2,3599.0,76.0,2017-10-01,Regional
Oct-Dec 2017,Cessnock,Hunter New England,District group 2,4430.0,72.3,2017-10-01,Regional
Oct-Dec 2017,Children's at Westmead,Sydney Children's Hospitals Network,Paediatric specialist,14570.0,63.8,2017-10-01,Specialty network
Oct-Dec 2017,Coffs Harbour,Mid North Coast,Major,10261.0,77.1,2017-10-01,Regional
Oct-Dec 2017,Concord,Sydney,Principal referral,10203.0,67.2,2017-10-01,Metropolitan
Oct-Dec 2017,Cooma,Southern NSW,District group 2,2615.0,77.5,2017-10-01,Regional
Oct-Dec 2017,Cowra,Western NSW,District group 2,1867.0,90.5,2017-10-01,Regional
Oct-Dec 2017,Deniliquin,Murrumbidgee,District group 2,2360.0,96.3,2017-10-01,Regional
Oct-Dec 2017,Dubbo,Western NSW,Major,8591.0,82.3,2017-10-01,Regional
Oct-Dec 2017,Fairfield,South Western Sydney,Major,8875.0,68.6,2017-10-01,Metropolitan
Oct-Dec 2017,Forbes,Western NSW,District group 2,1832.0,83.7,2017-10-01,Regional
Oct-Dec 2017,Gosford,Central Coast,Principal referral,17135.0,70.3,2017-10-01,Metropolitan
Oct-Dec 2017,Goulburn,Southern NSW,District group 1,4812.0,69.6,2017-10-01,Regional
Oct-Dec 2017,Grafton,Northern NSW,District group 1,6674.0,76.3,2017-10-01,Regional
Oct-Dec 2017,Griffith,Murrumbidgee,District group 1,5086.0,85.2,2017-10-01,Regional
Oct-Dec 2017,Gunnedah,Hunter New England,District group 2,2153.0,69.5,2017-10-01,Regional
Oct-Dec 2017,Hawkesbury,Nepean Blue Mountains,District group 1,6469.0,81.6,2017-10-01,Metropolitan
Oct-Dec 2017,Hornsby,Northern Sydney,Major,10292.0,88.7,2017-10-01,Metropolitan
Oct-Dec 2017,Inverell,Hunter New England,District group 2,2277.0,83.5,2017-10-01,Regional
Oct-Dec 2017,John Hunter,Hunter New England,Principal referral,19777.0,77.5,2017-10-01,Regional
Oct-Dec 2017,Kempsey,Mid North Coast,District group 2,7253.0,71.5,2017-10-01,Regional
Oct-Dec 2017,Kurri Kurri,Hunter New England,District group 2,1032.0,89.3,2017-10-01,Regional
Oct-Dec 2017,Lismore,Northern NSW,Major,8907.0,74.5,2017-10-01,Regional
Oct-Dec 2017,Lithgow,Nepean Blue Mountains,District group 2,3065.0,89.5,2017-10-01,Metropolitan
Oct-Dec 2017,Liverpool,South Western Sydney,Principal referral,21967.0,83.0,2017-10-01,Metropolitan
Oct-Dec 2017,Macksville,Mid North Coast,District group 2,3804.0,74.4,2017-10-01,Regional
Oct-Dec 2017,Maclean,Northern NSW,District group 2,3300.0,75.7,2017-10-01,Regional
Oct-Dec 2017,Maitland,Hunter New England,Major,12133.0,69.2,2017-10-01,Regional
Oct-Dec 2017,Manly,Northern Sydney,Major,6551.0,88.9,2017-10-01,Metropolitan
Oct-Dec 2017,Manning,Hunter New England,Major,8144.0,72.6,2017-10-01,Regional
Oct-Dec 2017,Milton,Illawarra Shoalhaven,District group 2,3530.0,76.9,2017-10-01,Metropolitan
Oct-Dec 2017,Mona Vale,Northern Sydney,Major,8934.0,88.3,2017-10-01,Metropolitan
Oct-Dec 2017,Moree,Hunter New England,District group 2,2473.0,90.6,2017-10-01,Regional
Oct-Dec 2017,Moruya,Southern NSW,District group 2,2842.0,75.0,2017-10-01,Regional
Oct-Dec 2017,Mount Druitt,Western Sydney,District group 1,8502.0,78.0,2017-10-01,Metropolitan
Oct-Dec 2017,Mudgee,Western NSW,District group 2,2944.0,71.9,2017-10-01,Regional
Oct-Dec 2017,Murwillumbah,Northern NSW,District group 1,4478.0,92.0,2017-10-01,Regional
Oct-Dec 2017,Muswellbrook,Hunter New England,District group 2,2489.0,83.2,2017-10-01,Regional
Oct-Dec 2017,Narrabri,Hunter New England,District group 2,1484.0,93.6,2017-10-01,Regional
Oct-Dec 2017,Nepean,Nepean Blue Mountains,Principal referral,17978.0,55.8,2017-10-01,Metropolitan
Oct-Dec 2017,Orange,Western NSW,Major,7568.0,89.9,2017-10-01,Regional
Oct-Dec 2017,Port Macquarie,Mid North Coast,Major,8616.0,74.4,2017-10-01,Regional
Oct-Dec 2017,Prince of Wales,South Eastern Sydney,Principal referral,15698.0,71.4,2017-10-01,Metropolitan
Oct-Dec 2017,Queanbeyan,Southern NSW,District group 2,5307.0,77.2,2017-10-01,Regional
Oct-Dec 2017,Royal North Shore,Northern Sydney,Principal referral,22732.0,84.3,2017-10-01,Metropolitan
Oct-Dec 2017,Royal Prince Alfred,Sydney,Principal referral,19364.0,60.8,2017-10-01,Metropolitan
Oct-Dec 2017,Ryde,Northern Sydney,District group 1,6995.0,87.6,2017-10-01,Metropolitan
Oct-Dec 2017,Shellharbour,Illawarra Shoalhaven,District group 1,8088.0,69.3,2017-10-01,Metropolitan
Oct-Dec 2017,Shoalhaven,Illawarra Shoalhaven,Major,10161.0,68.9,2017-10-01,Metropolitan
Oct-Dec 2017,Singleton,Hunter New England,District group 2,2918.0,70.6,2017-10-01,Regional
Oct-Dec 2017,South East Regional,Southern NSW,District group 1,4626.0,73.6,2017-10-01,Regional
Oct-Dec 2017,St George,South Eastern Sydney,Principal referral,20352.0,72.2,2017-10-01,Metropolitan
Oct-Dec 2017,St Vincent's,St Vincent's Health Network,Principal referral,12516.0,79.6,2017-10-01,Specialty network
Oct-Dec 2017,Sutherland,South Eastern Sydney,Major,12982.0,61.1,2017-10-01,Metropolitan
Oct-Dec 2017,Sydney Children's Randwick,Sydney Children's Hospitals Network,Paediatric specialist,9104.0,65.5,2017-10-01,Specialty network
Oct-Dec 2017,Sydney and Sydney Eye,South Eastern Sydney,Ungrouped acute - tertiary referral,8614.0,81.4,2017-10-01,Metropolitan
Oct-Dec 2017,Tamworth,Hunter New England,Major,11017.0,69.2,2017-10-01,Regional
Oct-Dec 2017,Tweed Valley,Northern NSW,Major,13661.0,84.4,2017-10-01,Regional
Oct-Dec 2017,Wagga Wagga,Murrumbidgee,Major,10486.0,85.0,2017-10-01,Regional
Oct-Dec 2017,Westmead,Western Sydney,Principal referral,19288.0,63.4,2017-10-01,Metropolitan
Oct-Dec 2017,Wollongong,Illawarra Shoalhaven,Principal referral,16764.0,71.7,2017-10-01,Metropolitan
Oct-Dec 2017,Wyong,Central Coast,Major,17000.0,79.7,2017-10-01,Metropolitan
Oct-Dec 2017,Young,Murrumbidgee,District group 2,2182.0,94.3,2017-10-01,Regional
Oct-Dec 2018,Armidale,Hunter New England,District group 1,4154.0,71.9,2018-10-01,Regional
Oct-Dec 2018,Auburn,Western Sydney,Major,7196.0,59.8,2018-10-01,Metropolitan
Oct-Dec 2018,Ballina,Northern NSW,District group 2,4576.0,82.7,2018-10-01,Regional
Oct-Dec 2018,Bankstown-Lidcombe,South Western Sydney,Principal referral,14333.0,62.4,2018-10-01,Metropolitan
Oct-Dec 2018,Batemans Bay,Southern NSW,District group 2,5044.0,68.2,2018-10-01,Regional
Oct-Dec 2018,Bathurst,Western NSW,District group 1,6782.0,90.8,2018-10-01,Regional
Oct-Dec 2018,Belmont,Hunter New England,District group 1,6931.0,82.8,2018-10-01,Regional
Oct-Dec 2018,Blacktown,Western Sydney,Major,13812.0,81.3,2018-10-01,Metropolitan
Oct-Dec 2018,Blue Mountains,Nepean Blue Mountains,District group 2,4522.0,77.2,2018-10-01,Metropolitan
Oct-Dec 2018,Bowral,South Western Sydney,District group 1,5045.0,71.9,2018-10-01,Metropolitan
Oct-Dec 2018,Broken Hill,Far West,District group 1,5960.0,74.9,2018-10-01,Regional
Oct-Dec 2018,Byron Central,Northern NSW,District group 2,5728.0,80.3,2018-10-01,Regional
Oct-Dec 2018,Calvary Mater,Hunter New England,Ungrouped acute - tertiary referral,10269.0,82.2,2018-10-01,Regional
Oct-Dec 2018,Campbelltown,South Western Sydney,Major,19812.0,82.0,2018-10-01,Metropolitan
Oct-Dec 2018,Canterbury,Sydney,Major,11594.0,76.3,2018-10-01,Metropolitan
Oct-Dec 2018,Casino,Northern NSW,District group 2,3526.0,72.5,2018-10-01,Regional
Oct-Dec 2018,Cessnock,Hunter New England,District group 2,4729.0,67.7,2018-10-01,Regional
Oct-Dec 2018,Children's at Westmead,Sydney Children's Hospitals Network,Paediatric specialist,14271.0,63.2,2018-10-01,Specialty network
Oct-Dec 2018,Coffs Harbour,Mid North Coast,Major,10774.0,78.0,2018-10-01,Regional
Oct-Dec 2018,Concord,Sydney,Principal referral,10650.0,72.8,2018-10-01,Metropolitan
Oct-Dec 2018,Cooma,Southern NSW,District group 2,2585.0,75.2,2018-10-01,Regional
Oct-Dec 2018,Cowra,Western NSW,District group 2,1972.0,92.3,2018-10-01,Regional
Oct-Dec 2018,Deniliquin,Murrumbidgee,District group 2,2649.0,94.8,2018-10-01,Regional
Oct-Dec 2018,Dubbo,Western NSW,Major,8755.0,74.7,2018-10-01,Regional
Oct-Dec 2018,Fairfield,South Western Sydney,Major,9160.0,67.1,2018-10-01,Metropolitan
Oct-Dec 2018,Forbes,Western NSW,District group 2,2043.0,77.9,2018-10-01,Regional
Oct-Dec 2018,Gosford,Central Coast,Principal referral,18166.0,64.8,2018-10-01,Metropolitan
Oct-Dec 2018,Goulburn,Southern NSW,District group 1,4692.0,70.9,2018-10-01,Regional
Oct-Dec 2018,Grafton,Northern NSW,District group 1,6874.0,78.7,2018-10-01,Regional
Oct-Dec 2018,Griffith,Murrumbidgee,District group 1,5414.0,83.8,2018-10-01,Regional
Oct-Dec 2018,Gunnedah,Hunter New England,District group 2,1925.0,81.0,2018-10-01,Regional
Oct-Dec 2018,Hawkesbury,Nepean Blue Mountains,District group 1,6687.0,78.7,2018-10-01,Metropolitan
Oct-Dec 2018,Hornsby,Northern Sydney,Major,10296.0,88.3,2018-10-01,Metropolitan
Oct-Dec 2018,Inverell,Hunter New England,District group 2,2272.0,83.4,2018-10-01,Regional
Oct-Dec 2018,John Hunter,Hunter New England,Principal referral,21151.0,74.9,2018-10-01,Regional
Oct-Dec 2018,Kempsey,Mid North Coast,District group 2,7387.0,71.4,2018-10-01,Regional
Oct-Dec 2018,Kurri Kurri,Hunter New England,District group 2,899.0,93.8,2018-10-01,Regional
Oct-Dec 2018,Lismore,Northern NSW,Major,10018.0,73.4,2018-10-01,Regional
Oct-Dec 2018,Lithgow,Nepean Blue Mountains,District group 2,3441.0,88.4,2018-10-01,Metropolitan
Oct-Dec 2018,Liverpool,South Western Sydney,Principal referral,23280.0,76.8,2018-10-01,Metropolitan
Oct-Dec 2018,Macksville,Mid North Coast,District group 2,3652.0,77.9,2018-10-01,Regional
Oct-Dec 2018,Maclean,Northern NSW,District group 2,3578.0,76.1,2018-10-01,Regional
Oct-Dec 2018,Maitland,Hunter New England,Major,12841.0,66.9,2018-10-01,Regional
Oct-Dec 2018,Manly,Northern Sydney,Major,1877.0,92.5,2018-10-01,Metropolitan
Oct-Dec 2018,Manning,Hunter New England,Major,8671.0,68.5,2018-10-01,Regional
Oct-Dec 2018,Milton,Illawarra Shoalhaven,District group 2,3562.0,76.1,2018-10-01,Metropolitan
Oct-Dec 2018,Mona Vale,Northern Sydney,Major,2721.0,88.1,2018-10-01,Metropolitan
Oct-Dec 2018,Moree,Hunter New England,District group 2,2181.0,86.1,2018-10-01,Regional
Oct-Dec 2018,Moruya,Southern NSW,District group 2,3020.0,69.5,2018-10-01,Regional
Oct-Dec 2018,Mount Druitt,Western Sydney,District group 1,8763.0,78.3,2018-10-01,Metropolitan
Oct-Dec 2018,Mudgee,Western NSW,District group 2,3182.0,69.8,2018-10-01,Regional
Oct-Dec 2018,Murwillumbah,Northern NSW,District group 1,4779.0,86.1,2018-10-01,Regional
Oct-Dec 2018,Muswellbrook,Hunter New England,District group 2,2726.0,78.0,2018-10-01,Regional
Oct-Dec 2018,Narrabri,Hunter New England,District group 2,1531.0,92.0,2018-10-01,Regional
Oct-Dec 2018,Nepean,Nepean Blue Mountains,Principal referral,17858.0,54.4,2018-10-01,Metropolitan
Oct-Dec 2018,Orange,Western NSW,Major,7809.0,85.5,2018-10-01,Regional
Oct-Dec 2018,Port Macquarie,Mid North Coast,Major,9726.0,73.5,2018-10-01,Regional
Oct-Dec 2018,Prince of Wales,South Eastern Sydney,Principal referral,15979.0,67.2,2018-10-01,Metropolitan
Oct-Dec 2018,Queanbeyan,Southern NSW,District group 2,5634.0,81.7,2018-10-01,Regional
Oct-Dec 2018,Royal North Shore,Northern Sydney,Principal referral,22832.0,78.1,2018-10-01,Metropolitan
Oct-Dec 2018,Royal Prince Alfred,Sydney,Principal referral,20661.0,62.8,2018-10-01,Metropolitan
Oct-Dec 2018,Ryde,Northern Sydney,District group 1,7243.0,81.9,2018-10-01,Metropolitan
Oct-Dec 2018,Shellharbour,Illawarra Shoalhaven,District group 1,8335.0,70.2,2018-10-01,Metropolitan
Oct-Dec 2018,Shoalhaven,Illawarra Shoalhaven,Major,10639.0,63.9,2018-10-01,Metropolitan
Oct-Dec 2018,Singleton,Hunter New England,District group 2,2981.0,73.6,2018-10-01,Regional
Oct-Dec 2018,South East Regional,Southern NSW,District group 1,5024.0,68.6,2018-10-01,Regional
Oct-Dec 2018,St George,South Eastern Sydney,Principal referral,20638.0,67.0,2018-10-01,Metropolitan
Oct-Dec 2018,St Vincent's,St Vincent's Health Network,Principal referral,13086.0,75.9,2018-10-01,Specialty network
Oct-Dec 2018,Sutherland,South Eastern Sydney,Major,14294.0,66.3,2018-10-01,Metropolitan
Oct-Dec 2018,Sydney Children's Randwick,Sydney Children's Hospitals Network,Paediatric specialist,8955.0,65.6,2018-10-01,Specialty network
Oct-Dec 2018,Sydney and Sydney Eye,South Eastern Sydney,Ungrouped acute - tertiary referral,8631.0,83.1,2018-10-01,Metropolitan
Oct-Dec 2018,Tamworth,Hunter New England,Major,10827.0,70.7,2018-10-01,Regional
Oct-Dec 2018,Tweed Valley,Northern NSW,Major,13723.0,77.6,2018-10-01,Regional
Oct-Dec 2018,Wagga Wagga,Murrumbidgee,Major,11737.0,84.0,2018-10-01,Regional
Oct-Dec 2018,Westmead,Western Sydney,Principal referral,20317.0,51.0,2018-10-01,Metropolitan
Oct-Dec 2018,Wollongong,Illawarra Shoalhaven,Principal referral,18043.0,70.9,2018-10-01,Metropolitan
Oct-Dec 2018,Wyong,Central Coast,Major,17901.0,72.6,2018-10-01,Metropolitan
Oct-Dec 2018,Young,Murrumbidgee,District group 2,2246.0,96.9,2018-10-01,Regional
Oct-Dec 2019,Armidale,Hunter New England,District group 1,4230.0,54.4,2019-10-01,Regional
Oct-Dec 2019,Auburn,Western Sydney,Major,7641.0,66.6,2019-10-01,Metropolitan
Oct-Dec 2019,Ballina,Northern NSW,District group 2,4776.0,71.9,2019-10-01,Regional
Oct-Dec 2019,Bankstown-Lidcombe,South Western Sydney,Principal referral,14746.0,67.5,2019-10-01,Metropolitan
Oct-Dec 2019,Batemans Bay,Southern NSW,District group 2,3804.0,74.2,2019-10-01,Regional
Oct-Dec 2019,Bathurst,Western NSW,District group 1,7066.0,81.3,2019-10-01,Regional
Oct-Dec 2019,Belmont,Hunter New England,District group 1,7455.0,77.3,2019-10-01,Regional
Oct-Dec 2019,Blacktown,Western Sydney,Major,14496.0,71.1,2019-10-01,Metropolitan
Oct-Dec 2019,Blue Mountains,Nepean Blue Mountains,District group 2,4647.0,77.3,2019-10-01,Metropolitan
Oct-Dec 2019,Bowral,South Western Sydney,District group 1,4981.0,66.4,2019-10-01,Metropolitan
Oct-Dec 2019,Broken Hill,Far West,District group 1,5786.0,65.4,2019-10-01,Regional
Oct-Dec 2019,Byron Central,Northern NSW,District group 2,5859.0,83.6,2019-10-01,Regional
Oct-Dec 2019,Calvary Mater,Hunter New England,Ungrouped acute - tertiary referral,10217.0,80.5,2019-10-01,Regional
Oct-Dec 2019,Campbelltown,South Western Sydney,Major,20675.0,74.5,2019-10-01,Metropolitan
Oct-Dec 2019,Canterbury,Sydney,Major,11828.0,70.3,2019-10-01,Metropolitan
Oct-Dec 2019,Casino,Northern NSW,District group 2,3385.0,70.0,2019-10-01,Regional
Oct-Dec 2019,Cessnock,Hunter New England,District group 2,4597.0,70.3,2019-10-01,Regional
Oct-Dec 2019,Children's at Westmead,Sydney Children's Hospitals Network,Paediatric specialist,15608.0,77.8,2019-10-01,Specialty network
Oct-Dec 2019,Coffs Harbour,Mid North Coast,Major,10836.0,73.8,2019-10-01,Regional
Oct-Dec 2019,Concord,Sydney,Principal referral,11159.0,69.0,2019-10-01,Metropolitan
Oct-Dec 2019,Cooma,Southern NSW,District group 2,2568.0,84.6,2019-10-01,Regional
Oct-Dec 2019,Cowra,Western NSW,District group 2,1975.0,90.5,2019-10-01,Regional
Oct-Dec 2019,Deniliquin,Murrumbidgee,District group 2,2877.0,98.3,2019-10-01,Regional
Oct-Dec 2019,Dubbo,Western NSW,Major,9796.0,65.6,2019-10-01,Regional
Oct-Dec 2019,Fairfield,South Western Sydney,Major,9891.0,67.6,2019-10-01,Metropolitan
Oct-Dec 2019,Forbes,Western NSW,District group 2,2083.0,87.1,2019-10-01,Regional
Oct-Dec 2019,Gosford,Central Coast,Principal referral,19683.0,59.6,2019-10-01,Metropolitan
Oct-Dec 2019,Goulburn,Southern NSW,District group 1,5059.0,71.5,2019-10-01,Regional
Oct-Dec 2019,Grafton,Northern NSW,District group 1,6837.0,72.5,2019-10-01,Regional
Oct-Dec 2019,Griffith,Murrumbidgee,District group 1,6230.0,83.9,2019-10-01,Regional
Oct-Dec 2019,Gunnedah,Hunter New England,District group 2,2455.0,66.6,2019-10-01,Regional
Oct-Dec 2019,Hawkesbury,Nepean Blue Mountains,District group 1,7347.0,76.2,2019-10-01,Metropolitan
Oct-Dec 2019,Hornsby,Northern Sydney,Major,11056.0,85.3,2019-10-01,Metropolitan
Oct-Dec 2019,Inverell,Hunter New England,District group 2,2343.0,86.0,2019-10-01,Regional
Oct-Dec 2019,John Hunter,Hunter New England,Principal referral,21946.0,75.8,2019-10-01,Regional
Oct-Dec 2019,Kempsey,Mid North Coast,District group 2,7573.0,74.0,2019-10-01,Regional
Oct-Dec 2019,Kurri Kurri,Hunter New England,District group 2,900.0,94.5,2019-10-01,Regional
Oct-Dec 2019,Lismore,Northern NSW,Major,10356.0,69.7,2019-10-01,Regional
Oct-Dec 2019,Lithgow,Nepean Blue Mountains,District group 2,3390.0,89.4,2019-10-01,Metropolitan
Oct-Dec 2019,Liverpool,South Western Sydney,Principal referral,24572.0,73.6,2019-10-01,Metropolitan
Oct-Dec 2019,Macksville,Mid North Coast,District group 2,3714.0,77.4,2019-10-01,Regional
Oct-Dec 2019,Maclean,Northern NSW,District group 2,3619.0,64.6,2019-10-01,Regional
Oct-Dec 2019,Maitland,Hunter New England,Major,13557.0,60.4,2019-10-01,Regional
Oct-Dec 2019,Manning,Hunter New England,Major,8628.0,80.8,2019-10-01,Regional
Oct-Dec 2019,Milton,Illawarra Shoalhaven,District group 2,3843.0,71.5,2019-10-01,Metropolitan
Oct-Dec 2019,Moree,Hunter New England,District group 2,2437.0,73.9,2019-10-01,Regional
Oct-Dec 2019,Moruya,Southern NSW,District group 2,3159.0,70.7,2019-10-01,Regional
Oct-Dec 2019,Mount Druitt,Western Sydney,District group 1,9722.0,69.5,2019-10-01,Metropolitan
Oct-Dec 2019,Mudgee,Western NSW,District group 2,3175.0,68.9,2019-10-01,Regional
Oct-Dec 2019,Murwillumbah,Northern NSW,District group 1,4472.0,88.0,2019-10-01,Regional
Oct-Dec 2019,Muswellbrook,Hunter New England,District group 2,2852.0,79.6,2019-10-01,Regional
Oct-Dec 2019,Narrabri,Hunter New England,District group 2,1218.0,84.6,2019-10-01,Regional
Oct-Dec 2019,Nepean,Nepean Blue Mountains,Principal referral,19104.0,52.3,2019-10-01,Metropolitan
Oct-Dec 2019,Northern Beaches,Northern Sydney,Major,16930.0,79.5,2019-10-01,Metropolitan
Oct-Dec 2019,Orange,Western NSW,Major,8091.0,79.1,2019-10-01,Regional
Oct-Dec 2019,Port Macquarie,Mid North Coast,Major,11013.0,79.7,2019-10-01,Regional
Oct-Dec 2019,Prince of Wales,South Eastern Sydney,Principal referral,15735.0,66.5,2019-10-01,Metropolitan
Oct-Dec 2019,Queanbeyan,Southern NSW,District group 2,6041.0,75.8,2019-10-01,Regional
Oct-Dec 2019,Royal North Shore,Northern Sydney,Principal referral,22938.0,80.0,2019-10-01,Metropolitan
Oct-Dec 2019,Royal Prince Alfred,Sydney,Principal referral,21431.0,62.0,2019-10-01,Metropolitan
Oct-Dec 2019,Ryde,Northern Sydney,District group 1,7678.0,81.3,2019-10-01,Metropolitan
Oct-Dec 2019,Shellharbour,Illawarra Shoalhaven,District group 1,8700.0,63.3,2019-10-01,Metropolitan
Oct-Dec 2019,Shoalhaven,Illawarra Shoalhaven,Major,10708.0,56.4,2019-10-01,Metropolitan
Oct-Dec 2019,Singleton,Hunter New England,District group 2,3356.0,76.8,2019-10-01,Regional
Oct-Dec 2019,South East Regional,Southern NSW,District group 1,4945.0,74.5,2019-10-01,Regional
Oct-Dec 2019,St George,South Eastern Sydney,Principal referral,20981.0,66.3,2019-10-01,Metropolitan
Oct-Dec 2019,St Vincent's,St Vincent's Health Network,Principal referral,13578.0,67.8,2019-10-01,Specialty network
Oct-Dec 2019,Sutherland,South Eastern Sydney,Major,15105.0,63.8,2019-10-01,Metropolitan
Oct-Dec 2019,Sydney Children's Randwick,Sydney Children's Hospitals Network,Paediatric specialist,9237.0,63.3,2019-10-01,Specialty network
Oct-Dec 2019,Sydney and Sydney Eye,South Eastern Sydney,Ungrouped acute - tertiary referral,8585.0,84.9,2019-10-01,Metropolitan
Oct-Dec 2019,Tamworth,Hunter New England,Major,11346.0,69.1,2019-10-01,Regional
Oct-Dec 2019,Tweed Valley,Northern NSW,Major,13916.0,81.6,2019-10-01,Regional
Oct-Dec 2019,Wagga Wagga,Murrumbidgee,Major,12321.0,83.5,2019-10-01,Regional
Oct-Dec 2019,Westmead,Western Sydney,Principal referral,19323.0,50.9,2019-10-01,Metropolitan
Oct-Dec 2019,Wollongong,Illawarra Shoalhaven,Principal referral,18720.0,69.8,2019-10-01,Metropolitan
Oct-Dec 2019,Wyong,Central Coast,Major,18220.0,64.4,2019-10-01,Metropolitan
Oct-Dec 2019,Young,Murrumbidgee,District group 2,2638.0,96.4,2019-10-01,Regional
Oct-Dec 2020,Armidale,Hunter New England,District group 1,4305.0,66.9,2020-10-01,Regional
Oct-Dec 2020,Auburn,Western Sydney,Major,7785.0,74.6,2020-10-01,Metropolitan
Oct-Dec 2020,Ballina,Northern NSW,District group 2,5013.0,72.8,2020-10-01,Regional
Oct-Dec 2020,Bankstown-Lidcombe,South Western Sydney,Principal referral,13699.0,62.5,2020-10-01,Metropolitan
Oct-Dec 2020,Batemans Bay,Southern NSW,District group 2,3690.0,76.6,2020-10-01,Regional
Oct-Dec 2020,Bathurst,Western NSW,District group 1,11561.0,85.3,2020-10-01,Regional
Oct-Dec 2020,Belmont,Hunter New England,District group 1,7601.0,69.6,2020-10-01,Regional
Oct-Dec 2020,Blacktown,Western Sydney,Major,14867.0,61.8,2020-10-01,Metropolitan
Oct-Dec 2020,Blue Mountains,Nepean Blue Mountains,District group 2,4793.0,72.2,2020-10-01,Metropolitan
Oct-Dec 2020,Bowral,South Western Sydney,District group 1,5155.0,71.6,2020-10-01,Metropolitan
Oct-Dec 2020,Broken Hill,Far West,District group 1,5004.0,61.7,2020-10-01,Regional
Oct-Dec 2020,Byron Central,Northern NSW,District group 2,6170.0,73.6,2020-10-01,Regional
Oct-Dec 2020,Calvary Mater,Hunter New England,Ungrouped acute - tertiary referral,10400.0,82.0,2020-10-01,Regional
Oct-Dec 2020,Campbelltown,South Western Sydney,Major,20883.0,84.7,2020-10-01,Metropolitan
Oct-Dec 2020,Canterbury,Sydney,Major,11087.0,80.4,2020-10-01,Metropolitan
Oct-Dec 2020,Casino,Northern NSW,District group 2,3169.0,77.0,2020-10-01,Regional
Oct-Dec 2020,Cessnock,Hunter New England,District group 2,4674.0,64.2,2020-10-01,Regional
Oct-Dec 2020,Children's at Westmead,Sydney Children's Hospitals Network,Paediatric specialist,15619.0,69.9,2020-10-01,Specialty network
Oct-Dec 2020,Coffs Harbour,Mid North Coast,Major,11692.0,71.6,2020-10-01,Regional
Oct-Dec 2020,Concord,Sydney,Principal referral,10936.0,76.8,2020-10-01,Metropolitan
Oct-Dec 2020,Cooma,Southern NSW,District group 2,2816.0,78.2,2020-10-01,Regional
Oct-Dec 2020,Cowra,Western NSW,District group 2,1915.0,93.9,2020-10-01,Regional
Oct-Dec 2020,Deniliquin,Murrumbidgee,District group 2,2309.0,97.8,2020-10-01,Regional
Oct-Dec 2020,Dubbo,Western NSW,Major,12773.0,84.3,2020-10-01,Regional
Oct-Dec 2020,Fairfield,South Western Sydney,Major,8952.0,76.9,2020-10-01,Metropolitan
Oct-Dec 2020,Forbes,Western NSW,District group 2,2087.0,89.3,2020-10-01,Regional
Oct-Dec 2020,Gosford,Central Coast,Principal referral,20466.0,61.2,2020-10-01,Metropolitan
Oct-Dec 2020,Goulburn,Southern NSW,District group 1,4764.0,66.0,2020-10-01,Regional
Oct-Dec 2020,Grafton,Northern NSW,District group 1,6940.0,70.9,2020-10-01,Regional
Oct-Dec 2020,Griffith,Murrumbidgee,District group 1,5240.0,87.0,2020-10-01,Regional
Oct-Dec 2020,Gunnedah,Hunter New England,District group 2,2576.0,83.0,2020-10-01,Regional
Oct-Dec 2020,Hawkesbury,Nepean Blue Mountains,District group 1,7348.0,66.8,2020-10-01,Metropolitan
Oct-Dec 2020,Hornsby,Northern Sydney,Major,10920.0,87.6,2020-10-01,Metropolitan
Oct-Dec 2020,Inverell,Hunter New England,District group 2,2419.0,84.4,2020-10-01,Regional
Oct-Dec 2020,John Hunter,Hunter New England,Principal referral,22932.0,70.6,2020-10-01,Regional
Oct-Dec 2020,Kempsey,Mid North Coast,District group 2,7245.0,68.5,2020-10-01,Regional
Oct-Dec 2020,Kurri Kurri,Hunter New England,District group 2,622.0,96.4,2020-10-01,Regional
Oct-Dec 2020,Lismore,Northern NSW,Major,10367.0,64.3,2020-10-01,Regional
Oct-Dec 2020,Lithgow,Nepean Blue Mountains,District group 2,3077.0,87.1,2020-10-01,Metropolitan
Oct-Dec 2020,Liverpool,South Western Sydney,Principal referral,22527.0,79.6,2020-10-01,Metropolitan
Oct-Dec 2020,Macksville,Mid North Coast,District group 2,3424.0,87.7,2020-10-01,Regional
Oct-Dec 2020,Maclean,Northern NSW,District group 2,3364.0,69.6,2020-10-01,Regional
Oct-Dec 2020,Maitland,Hunter New England,Major,13599.0,64.0,2020-10-01,Regional
Oct-Dec 2020,Manning,Hunter New England,Major,8925.0,82.0,2020-10-01,Regional
Oct-Dec 2020,Milton,Illawarra Shoalhaven,District group 2,4996.0,80.2,2020-10-01,Metropolitan
Oct-Dec 2020,Moree,Hunter New England,District group 2,2698.0,80.7,2020-10-01,Regional
Oct-Dec 2020,Moruya,Southern NSW,District group 2,2994.0,71.9,2020-10-01,Regional
Oct-Dec 2020,Mount Druitt,Western Sydney,District group 1,9133.0,64.0,2020-10-01,Metropolitan
Oct-Dec 2020,Mudgee,Western NSW,District group 2,3666.0,73.5,2020-10-01,Regional
Oct-Dec 2020,Murwillumbah,Northern NSW,District group 1,4420.0,88.4,2020-10-01,Regional
Oct-Dec 2020,Muswellbrook,Hunter New England,District group 2,2957.0,68.4,2020-10-01,Regional
Oct-Dec 2020,Narrabri,Hunter New England,District group 2,1365.0,87.9,2020-10-01,Regional
Oct-Dec 2020,Nepean,Nepean Blue Mountains,Principal referral,19024.0,47.3,2020-10-01,Metropolitan
Oct-Dec 2020,Northern Beaches,Northern Sydney,Major,34474.0,86.7,2020-10-01,Metropolitan
Oct-Dec 2020,Orange,Western NSW,Major,8754.0,79.8,2020-10-01,Regional
Oct-Dec 2020,Port Macquarie,Mid North Coast,Major,11853.0,68.5,2020-10-01,Regional
Oct-Dec 2020,Prince of Wales,South Eastern Sydney,Principal referral,15184.0,72.5,2020-10-01,Metropolitan
Oct-Dec 2020,Queanbeyan,Southern NSW,District group 2,6134.0,86.8,2020-10-01,Regional
Oct-Dec 2020,Royal North Shore,Northern Sydney,Principal referral,21662.0,77.8,2020-10-01,Metropolitan
Oct-Dec 2020,Royal Prince Alfred,Sydney,Principal referral,20238.0,63.9,2020-10-01,Metropolitan
Oct-Dec 2020,Ryde,Northern Sydney,District group 1,7154.0,86.9,2020-10-01,Metropolitan
Oct-Dec 2020,Shellharbour,Illawarra Shoalhaven,District group 1,8975.0,65.4,2020-10-01,Metropolitan
Oct-Dec 2020,Shoalhaven,Illawarra Shoalhaven,Major,10959.0,60.3,2020-10-01,Metropolitan
Oct-Dec 2020,Singleton,Hunter New England,District group 2,3835.0,73.5,2020-10-01,Regional
Oct-Dec 2020,South East Regional,Southern NSW,District group 1,5358.0,68.2,2020-10-01,Regional
Oct-Dec 2020,St George,South Eastern Sydney,Principal referral,20131.0,63.7,2020-10-01,Metropolitan
Oct-Dec 2020,St Vincent's,St Vincent's Health Network,Principal referral,11531.0,80.9,2020-10-01,Specialty network
Oct-Dec 2020,Sutherland,South Eastern Sydney,Major,15886.0,67.3,2020-10-01,Metropolitan
Oct-Dec 2020,Sydney Children's Randwick,Sydney Children's Hospitals Network,Paediatric specialist,9951.0,60.2,2020-10-01,Specialty network
Oct-Dec 2020,Sydney and Sydney Eye,South Eastern Sydney,Ungrouped acute - tertiary referral,6811.0,88.6,2020-10-01,Metropolitan
Oct-Dec 2020,Tamworth,Hunter New England,Major,11127.0,62.4,2020-10-01,Regional
Oct-Dec 2020,Tweed Valley,Northern NSW,Major,12874.0,79.5,2020-10-01,Regional
Oct-Dec 2020,Wagga Wagga,Murrumbidgee,Major,12218.0,83.3,2020-10-01,Regional
Oct-Dec 2020,Westmead,Western Sydney,Principal referral,19520.0,52.9,2020-10-01,Metropolitan
Oct-Dec 2020,Wollongong,Illawarra Shoalhaven,Principal referral,19085.0,82.7,2020-10-01,Metropolitan
Oct-Dec 2020,Wyong,Central Coast,Major,18978.0,70.5,2020-10-01,Metropolitan
Oct-Dec 2020,Young,Murrumbidgee,District group 2,1911.0,96.4,2020-10-01,Regional
Oct-Dec 2021,Armidale,Hunter New England,District group 1,4446.0,69.5,2021-10-01,Regional
Oct-Dec 2021,Auburn,Western Sydney,Major,8108.0,73.9,2021-10-01,Metropolitan
Oct-Dec 2021,Ballina,Northern NSW,District group 2,4774.0,68.1,2021-10-01,Regional
Oct-Dec 2021,Bankstown-Lidcombe,South Western Sydney,Principal referral,13952.0,69.6,2021-10-01,Metropolitan
Oct-Dec 2021,Batemans Bay,Southern NSW,District group 2,3121.0,80.2,2021-10-01,Regional
Oct-Dec 2021,Bathurst,Western NSW,District group 1,6924.0,85.5,2021-10-01,Regional
Oct-Dec 2021,Belmont,Hunter New England,District group 1,7218.0,71.9,2021-10-01,Regional
Oct-Dec 2021,Blacktown,Western Sydney,Major,15147.0,50.3,2021-10-01,Metropolitan
Oct-Dec 2021,Blue Mountains,Nepean Blue Mountains,District group 2,4749.0,85.2,2021-10-01,Metropolitan
Oct-Dec 2021,Bowral,South Western Sydney,District group 1,5647.0,88.9,2021-10-01,Metropolitan
Oct-Dec 2021,Broken Hill,Far West,District group 1,4415.0,81.0,2021-10-01,Regional
Oct-Dec 2021,Byron Central,Northern NSW,District group 2,6053.0,83.7,2021-10-01,Regional
Oct-Dec 2021,Calvary Mater,Hunter New England,Ungrouped acute - tertiary referral,10117.0,81.6,2021-10-01,Regional
Oct-Dec 2021,Campbelltown,South Western Sydney,Major,20565.0,82.2,2021-10-01,Metropolitan
Oct-Dec 2021,Canterbury,Sydney,Major,11010.0,76.2,2021-10-01,Metropolitan
Oct-Dec 2021,Casino,Northern NSW,District group 2,3400.0,63.6,2021-10-01,Regional
Oct-Dec 2021,Cessnock,Hunter New England,District group 2,4286.0,68.9,2021-10-01,Regional
Oct-Dec 2021,Children's at Westmead,Sydney Children's Hospitals Network,Paediatric specialist,12386.0,85.4,2021-10-01,Specialty network
Oct-Dec 2021,Coffs Harbour,Mid North Coast,Major,11268.0,69.8,2021-10-01,Regional
Oct-Dec 2021,Concord,Sydney,Principal referral,10159.0,67.4,2021-10-01,Metropolitan
Oct-Dec 2021,Cooma,Southern NSW,District group 2,2525.0,86.5,2021-10-01,Regional
Oct-Dec 2021,Cowra,Western NSW,District group 2,2018.0,94.0,2021-10-01,Regional
Oct-Dec 2021,Deniliquin,Murrumbidgee,District group 2,2612.0,97.5,2021-10-01,Regional
Oct-Dec 2021,Dubbo,Western NSW,Major,9162.0,84.9,2021-10-01,Regional
Oct-Dec 2021,Fairfield,South Western Sydney,Major,9123.0,77.3,2021-10-01,Metropolitan
Oct-Dec 2021,Forbes,Western NSW,District group 2,1987.0,87.5,2021-10-01,Regional
Oct-Dec 2021,Gosford,Central Coast,Principal referral,19292.0,53.9,2021-10-01,Metropolitan
Oct-Dec 2021,Goulburn,Southern NSW,District group 1,4595.0,59.0,2021-10-01,Regional
Oct-Dec 2021,Grafton,Northern NSW,District group 1,6569.0,73.8,2021-10-01,Regional
Oct-Dec 2021,Griffith,Murrumbidgee,District group 1,5722.0,81.0,2021-10-01,Regional
Oct-Dec 2021,Gunnedah,Hunter New England,District group 2,2273.0,90.7,2021-10-01,Regional
Oct-Dec 2021,Hawkesbury,Nepean Blue Mountains,District group 1,7367.0,69.2,2021-10-01,Metropolitan
Oct-Dec 2021,Hornsby,Northern Sydney,Major,10450.0,85.0,2021-10-01,Metropolitan
Oct-Dec 2021,Inverell,Hunter New England,District group 2,2652.0,76.3,2021-10-01,Regional
Oct-Dec 2021,John Hunter,Hunter New England,Principal referral,20833.0,69.2,2021-10-01,Regional
Oct-Dec 2021,Kempsey,Mid North Coast,District group 2,6748.0,76.5,2021-10-01,Regional
Oct-Dec 2021,Kurri Kurri,Hunter New England,District group 2,518.0,99.1,2021-10-01,Regional
Oct-Dec 2021,Lismore,Northern NSW,Major,10071.0,63.5,2021-10-01,Regional
Oct-Dec 2021,Lithgow,Nepean Blue Mountains,District group 2,2770.0,86.4,2021-10-01,Metropolitan
Oct-Dec 2021,Liverpool,South Western Sydney,Principal referral,20990.0,77.6,2021-10-01,Metropolitan
Oct-Dec 2021,Macksville,Mid North Coast,District group 2,3256.0,90.2,2021-10-01,Regional
Oct-Dec 2021,Maclean,Northern NSW,District group 2,3906.0,74.3,2021-10-01,Regional
Oct-Dec 2021,Maitland,Hunter New England,Major,12822.0,60.5,2021-10-01,Regional
Oct-Dec 2021,Manning,Hunter New England,Major,8732.0,78.4,2021-10-01,Regional
Oct-Dec 2021,Milton,Illawarra Shoalhaven,District group 2,3734.0,82.1,2021-10-01,Metropolitan
Oct-Dec 2021,Moree,Hunter New England,District group 2,2666.0,73.0,2021-10-01,Regional
Oct-Dec 2021,Moruya,Southern NSW,District group 2,2567.0,71.8,2021-10-01,Regional
Oct-Dec 2021,Mount Druitt,Western Sydney,District group 1,8989.0,66.6,2021-10-01,Metropolitan
Oct-Dec 2021,Mudgee,Western NSW,District group 2,3424.0,72.1,2021-10-01,Regional
Oct-Dec 2021,Murwillumbah,Northern NSW,District group 1,4387.0,80.2,2021-10-01,Regional
Oct-Dec 2021,Muswellbrook,Hunter New England,District group 2,2950.0,70.4,2021-10-01,Regional
Oct-Dec 2021,Narrabri,Hunter New England,District group 2,1398.0,91.0,2021-10-01,Regional
Oct-Dec 2021,Nepean,Nepean Blue Mountains,Principal referral,18106.0,56.4,2021-10-01,Metropolitan
Oct-Dec 2021,Northern Beaches,Northern Sydney,Major,37792.0,90.6,2021-10-01,Metropolitan
Oct-Dec 2021,Orange,Western NSW,Major,7892.0,83.3,2021-10-01,Regional
Oct-Dec 2021,Port Macquarie,Mid North Coast,Major,12209.0,78.9,2021-10-01,Regional
Oct-Dec 2021,Prince of Wales,South Eastern Sydney,Principal referral,14801.0,60.2,2021-10-01,Metropolitan
Oct-Dec 2021,Queanbeyan,Southern NSW,District group 2,5614.0,90.4,2021-10-01,Regional
Oct-Dec 2021,Royal North Shore,Northern Sydney,Principal referral,20127.0,76.6,2021-10-01,Metropolitan
Oct-Dec 2021,Royal Prince Alfred,Sydney,Principal referral,19798.0,75.3,2021-10-01,Metropolitan
Oct-Dec 2021,Ryde,Northern Sydney,District group 1,7298.0,81.7,2021-10-01,Metropolitan
Oct-Dec 2021,Shellharbour,Illawarra Shoalhaven,District group 1,8715.0,69.5,2021-10-01,Metropolitan
Oct-Dec 2021,Shoalhaven,Illawarra Shoalhaven,Major,10447.0,59.6,2021-10-01,Metropolitan
Oct-Dec 2021,Singleton,Hunter New England,District group 2,3798.0,80.0,2021-10-01,Regional
Oct-Dec 2021,South East Regional,Southern NSW,District group 1,5156.0,70.8,2021-10-01,Regional
Oct-Dec 2021,St George,South Eastern Sydney,Principal referral,20084.0,65.8,2021-10-01,Metropolitan
Oct-Dec 2021,St Vincent's,St Vincent's Health Network,Principal referral,12153.0,74.6,2021-10-01,Specialty network
Oct-Dec 2021,Sutherland,South Eastern Sydney,Major,15439.0,62.2,2021-10-01,Metropolitan
Oct-Dec 2021,Sydney Children's Randwick,Sydney Children's Hospitals Network,Paediatric specialist,8155.0,68.5,2021-10-01,Specialty network
Oct-Dec 2021,Sydney and Sydney Eye,South Eastern Sydney,Ungrouped acute - tertiary referral,7155.0,82.8,2021-10-01,Metropolitan
Oct-Dec 2021,Tamworth,Hunter New England,Major,10385.0,57.8,2021-10-01,Regional
Oct-Dec 2021,Tweed Valley,Northern NSW,Major,12365.0,78.2,2021-10-01,Regional
Oct-Dec 2021,Wagga Wagga,Murrumbidgee,Major,11288.0,78.7,2021-10-01,Regional
Oct-Dec 2021,Westmead,Western Sydney,Principal referral,18140.0,49.5,2021-10-01,Metropolitan
Oct-Dec 2021,Wollongong,Illawarra Shoalhaven,Principal referral,18411.0,71.5,2021-10-01,Metropolitan
Oct-Dec 2021,Wyong,Central Coast,Major,17673.0,53.8,2021-10-01,Metropolitan
Oct-Dec 2021,Young,Murrumbidgee,District group 2,1844.0,94.1,2021-10-01,Regional
Oct-Dec 2022,Armidale,Hunter New England,District group 1,4703.0,62.9,2022-10-01,Regional
Oct-Dec 2022,Auburn,Western Sydney,Major,8373.0,69.4,2022-10-01,Metropolitan
Oct-Dec 2022,Ballina,Northern NSW,District group 2,4570.0,68.7,2022-10-01,Regional
Oct-Dec 2022,Bankstown-Lidcombe,South Western Sydney,Principal referral,14749.0,69.8,2022-10-01,Metropolitan
Oct-Dec 2022,Batemans Bay,Southern NSW,District group 2,3749.0,77.9,2022-10-01,Regional
Oct-Dec 2022,Bathurst,Western NSW,District group 1,6971.0,68.6,2022-10-01,Regional
Oct-Dec 2022,Belmont,Hunter New England,District group 1,7678.0,72.8,2022-10-01,Regional
Oct-Dec 2022,Blacktown,Western Sydney,Major,15123.0,28.6,2022-10-01,Metropolitan
Oct-Dec 2022,Blue Mountains,Nepean Blue Mountains,District group 2,5206.0,59.9,2022-10-01,Metropolitan
Oct-Dec 2022,Bowral,South Western Sydney,District group 1,6321.0,87.2,2022-10-01,Metropolitan
Oct-Dec 2022,Broken Hill,Far West,District group 1,5211.0,68.1,2022-10-01,Regional
Oct-Dec 2022,Byron Central,Northern NSW,District group 2,5892.0,89.7,2022-10-01,Regional
Oct-Dec 2022,Calvary Mater,Hunter New England,Ungrouped acute - tertiary referral,10340.0,78.4,2022-10-01,Regional
Oct-Dec 2022,Campbelltown,South Western Sydney,Major,21669.0,69.0,2022-10-01,Metropolitan
Oct-Dec 2022,Canterbury,Sydney,Major,12542.0,68.6,2022-10-01,Metropolitan
Oct-Dec 2022,Casino,Northern NSW,District group 2,3679.0,63.6,2022-10-01,Regional
Oct-Dec 2022,Cessnock,Hunter New England,District group 2,4583.0,64.5,2022-10-01,Regional
Oct-Dec 2022,Children's at Westmead,Sydney Children's Hospitals Network,Paediatric specialist,16471.0,70.7,2022-10-01,Specialty network
Oct-Dec 2022,Coffs Harbour,Mid North Coast,Major,11196.0,62.8,2022-10-01,Regional
Oct-Dec 2022,Concord,Sydney,Principal referral,11090.0,79.9,2022-10-01,Metropolitan
Oct-Dec 2022,Cooma,Southern NSW,District group 2,2877.0,83.6,2022-10-01,Regional
Oct-Dec 2022,Cowra,Western NSW,District group 2,2142.0,86.8,2022-10-01,Regional
Oct-Dec 2022,Deniliquin,Murrumbidgee,District group 2,2886.0,97.1,2022-10-01,Regional
Oct-Dec 2022,Dubbo,Western NSW,Major,9957.0,74.6,2022-10-01,Regional
Oct-Dec 2022,Fairfield,South Western Sydney,Major,9664.0,79.4,2022-10-01,Metropolitan
Oct-Dec 2022,Forbes,Western NSW,District group 2,1825.0,89.5,2022-10-01,Regional
Oct-Dec 2022,Gosford,Central Coast,Principal referral,20072.0,52.0,2022-10-01,Metropolitan
Oct-Dec 2022,Goulburn,Southern NSW,District group 1,5322.0,67.3,2022-10-01,Regional
Oct-Dec 2022,Grafton,Northern NSW,District group 1,7203.0,65.1,2022-10-01,Regional
Oct-Dec 2022,Griffith,Murrumbidgee,District group 1,5955.0,75.7,2022-10-01,Regional
Oct-Dec 2022,Gunnedah,Hunter New England,District group 2,2163.0,96.8,2022-10-01,Regional
Oct-Dec 2022,Hawkesbury,Nepean Blue Mountains,District group 1,7764.0,61.6,2022-10-01,Metropolitan
Oct-Dec 2022,Hornsby,Northern Sydney,Major,12227.0,75.9,2022-10-01,Metropolitan
Oct-Dec 2022,Inverell,Hunter New England,District group 2,2345.0,88.1,2022-10-01,Regional
Oct-Dec 2022,John Hunter,Hunter New England,Principal referral,22187.0,59.5,2022-10-01,Regional
Oct-Dec 2022,Kempsey,Mid North Coast,District group 2,6728.0,77.8,2022-10-01,Regional
Oct-Dec 2022,Kurri Kurri,Hunter New England,District group 2,654.0,94.6,2022-10-01,Regional
Oct-Dec 2022,Lismore,Northern NSW,Major,10094.0,57.8,2022-10-01,Regional
Oct-Dec 2022,Lithgow,Nepean Blue Mountains,District group 2,3463.0,75.4,2022-10-01,Metropolitan
Oct-Dec 2022,Liverpool,South Western Sydney,Principal referral,22473.0,63.2,2022-10-01,Metropolitan
Oct-Dec 2022,Macksville,Mid North Coast,District group 2,3589.0,89.1,2022-10-01,Regional
Oct-Dec 2022,Maclean,Northern NSW,District group 2,4134.0,83.2,2022-10-01,Regional
Oct-Dec 2022,Maitland,Hunter New England,Major,13177.0,49.2,2022-10-01,Regional
Oct-Dec 2022,Manning,Hunter New England,Major,9308.0,61.0,2022-10-01,Regional
Oct-Dec 2022,Milton,Illawarra Shoalhaven,District group 2,4312.0,73.2,2022-10-01,Metropolitan
Oct-Dec 2022,Moree,Hunter New England,District group 2,2764.0,63.6,2022-10-01,Regional
Oct-Dec 2022,Moruya,Southern NSW,District group 2,3343.0,73.1,2022-10-01,Regional
Oct-Dec 2022,Mount Druitt,Western Sydney,District group 1,10234.0,42.3,2022-10-01,Metropolitan
Oct-Dec 2022,Mudgee,Western NSW,District group 2,3889.0,65.7,2022-10-01,Regional
Oct-Dec 2022,Murwillumbah,Northern NSW,District group 1,4624.0,77.5,2022-10-01,Regional
Oct-Dec 2022,Muswellbrook,Hunter New England,District group 2,3002.0,64.2,2022-10-01,Regional
Oct-Dec 2022,Narrabri,Hunter New England,District group 2,1414.0,86.5,2022-10-01,Regional
Oct-Dec 2022,Nepean,Nepean Blue Mountains,Principal referral,19104.0,55.6,2022-10-01,Metropolitan
Oct-Dec 2022,Northern Beaches,Northern Sydney,Major,17700.0,81.1,2022-10-01,Metropolitan
Oct-Dec 2022,Orange,Western NSW,Major,8104.0,73.4,2022-10-01,Regional
Oct-Dec 2022,Port Macquarie,Mid North Coast,Major,12687.0,64.0,2022-10-01,Regional
Oct-Dec 2022,Prince of Wales,South Eastern Sydney,Principal referral,15376.0,59.8,2022-10-01,Metropolitan
Oct-Dec 2022,Queanbeyan,Southern NSW,District group 2,6706.0,78.7,2022-10-01,Regional
Oct-Dec 2022,Royal North Shore,Northern Sydney,Principal referral,21905.0,70.7,2022-10-01,Metropolitan
Oct-Dec 2022,Royal Prince Alfred,Sydney,Principal referral,22163.0,63.3,2022-10-01,Metropolitan
Oct-Dec 2022,Ryde,Northern Sydney,District group 1,7841.0,84.7,2022-10-01,Metropolitan
Oct-Dec 2022,Shellharbour,Illawarra Shoalhaven,District group 1,9537.0,55.2,2022-10-01,Metropolitan
Oct-Dec 2022,Shoalhaven,Illawarra Shoalhaven,Major,10664.0,49.7,2022-10-01,Metropolitan
Oct-Dec 2022,Singleton,Hunter New England,District group 2,4431.0,73.5,2022-10-01,Regional
Oct-Dec 2022,South East Regional,Southern NSW,District group 1,5767.0,73.3,2022-10-01,Regional
Oct-Dec 2022,St George,South Eastern Sydney,Principal referral,21151.0,48.0,2022-10-01,Metropolitan
Oct-Dec 2022,St Vincent's,St Vincent's Health Network,Principal referral,13107.0,68.8,2022-10-01,Specialty network
Oct-Dec 2022,Sutherland,South Eastern Sydney,Major,16402.0,54.0,2022-10-01,Metropolitan
Oct-Dec 2022,Sydney Children's Randwick,Sydney Children's Hospitals Network,Paediatric specialist,10187.0,53.2,2022-10-01,Specialty network
Oct-Dec 2022,Sydney and Sydney Eye,South Eastern Sydney,Ungrouped acute - tertiary referral,8003.0,66.9,2022-10-01,Metropolitan
Oct-Dec 2022,Tamworth,Hunter New England,Major,10652.0,56.9,2022-10-01,Regional
Oct-Dec 2022,Tweed Valley,Northern NSW,Major,14087.0,77.5,2022-10-01,Regional
Oct-Dec 2022,Wagga Wagga,Murrumbidgee,Major,11851.0,69.4,2022-10-01,Regional
Oct-Dec 2022,Westmead,Western Sydney,Principal referral,19299.0,38.2,2022-10-01,Metropolitan
Oct-Dec 2022,Wollongong,Illawarra Shoalhaven,Principal referral,18650.0,63.5,2022-10-01,Metropolitan
Oct-Dec 2022,Wyong,Central Coast,Major,18707.0,50.2,2022-10-01,Metropolitan
Oct-Dec 2022,Young,Murrumbidgee,District group 2,2402.0,94.8,2022-10-01,Regional
Oct-Dec 2023,Armidale,Hunter New England,District group 1,5107.0,60.3,2023-10-01,Regional
Oct-Dec 2023,Auburn,Western Sydney,Major,8210.0,77.8,2023-10-01,Metropolitan
Oct-Dec 2023,Ballina,Northern NSW,District group 2,4887.0,66.7,2023-10-01,Regional
Oct-Dec 2023,Bankstown-Lidcombe,South Western Sydney,Principal referral,14450.0,66.5,2023-10-01,Metropolitan
Oct-Dec 2023,Batemans Bay,Southern NSW,District group 2,3534.0,80.2,2023-10-01,Regional
Oct-Dec 2023,Bathurst,Western NSW,District group 1,6729.0,79.5,2023-10-01,Regional
Oct-Dec 2023,Belmont,Hunter New England,District group 1,7371.0,73.4,2023-10-01,Regional
Oct-Dec 2023,Blacktown,Western Sydney,Major,16238.0,42.5,2023-10-01,Metropolitan
Oct-Dec 2023,Blue Mountains,Nepean Blue Mountains,District group 2,5182.0,71.8,2023-10-01,Metropolitan
Oct-Dec 2023,Bowral,South Western Sydney,District group 1,6327.0,87.8,2023-10-01,Metropolitan
Oct-Dec 2023,Broken Hill,Far West,District group 1,4748.0,74.7,2023-10-01,Regional
Oct-Dec 2023,Byron Central,Northern NSW,District group 2,6037.0,84.3,2023-10-01,Regional
Oct-Dec 2023,Calvary Mater,Hunter New England,Ungrouped acute - tertiary referral,10060.0,80.7,2023-10-01,Regional
Oct-Dec 2023,Campbelltown,South Western Sydney,Major,22288.0,63.2,2023-10-01,Metropolitan
Oct-Dec 2023,Canterbury,Sydney,Major,12216.0,56.8,2023-10-01,Metropolitan
Oct-Dec 2023,Casino,Northern NSW,District group 2,3691.0,68.0,2023-10-01,Regional
Oct-Dec 2023,Cessnock,Hunter New England,District group 2,4278.0,76.6,2023-10-01,Regional
Oct-Dec 2023,Children's at Westmead,Sydney Children's Hospitals Network,Paediatric specialist,14986.0,76.4,2023-10-01,Specialty network
Oct-Dec 2023,Coffs Harbour,Mid North Coast,Major,12266.0,62.3,2023-10-01,Regional
Oct-Dec 2023,Concord,Sydney,Principal referral,11312.0,78.7,2023-10-01,Metropolitan
Oct-Dec 2023,Cooma,Southern NSW,District group 2,2894.0,88.3,2023-10-01,Regional
Oct-Dec 2023,Cowra,Western NSW,District group 2,2438.0,93.4,2023-10-01,Regional
Oct-Dec 2023,Deniliquin,Murrumbidgee,District group 2,2743.0,95.1,2023-10-01,Regional
Oct-Dec 2023,Dubbo,Western NSW,Major,9894.0,67.2,2023-10-01,Regional
Oct-Dec 2023,Fairfield,South Western Sydney,Major,9913.0,81.8,2023-10-01,Metropolitan
Oct-Dec 2023,Forbes,Western NSW,District group 2,2273.0,88.0,2023-10-01,Regional
Oct-Dec 2023,Gosford,Central Coast,Principal referral,20352.0,57.2,2023-10-01,Metropolitan
Oct-Dec 2023,Goulburn,Southern NSW,District group 1,5863.0,69.1,2023-10-01,Regional
Oct-Dec 2023,Grafton,Northern NSW,District group 1,7185.0,61.7,2023-10-01,Regional
Oct-Dec 2023,Griffith,Murrumbidgee,District group 1,5918.0,83.2,2023-10-01,Regional
Oct-Dec 2023,Gunnedah,Hunter New England,District group 2,2152.0,83.5,2023-10-01,Regional
Oct-Dec 2023,Hawkesbury,Nepean Blue Mountains,District group 1,7572.0,59.8,2023-10-01,Metropolitan
Oct-Dec 2023,Hornsby,Northern Sydney,Major,12430.0,84.2,2023-10-01,Metropolitan
Oct-Dec 2023,Inverell,Hunter New England,District group 2,2443.0,81.2,2023-10-01,Regional
Oct-Dec 2023,John Hunter,Hunter New England,Principal referral,20945.0,61.0,2023-10-01,Regional
Oct-Dec 2023,Kempsey,Mid North Coast,District group 2,7144.0,80.8,2023-10-01,Regional
Oct-Dec 2023,Kurri Kurri,Hunter New England,District group 2,811.0,92.5,2023-10-01,Regional
Oct-Dec 2023,Lismore,Northern NSW,Major,10349.0,57.6,2023-10-01,Regional
Oct-Dec 2023,Lithgow,Nepean Blue Mountains,District group 2,3478.0,76.0,2023-10-01,Metropolitan
Oct-Dec 2023,Liverpool,South Western Sydney,Principal referral,22637.0,61.2,2023-10-01,Metropolitan
Oct-Dec 2023,Macksville,Mid North Coast,District group 2,3722.0,89.5,2023-10-01,Regional
Oct-Dec 2023,Maclean,Northern NSW,District group 2,3938.0,80.3,2023-10-01,Regional
Oct-Dec 2023,Maitland,Hunter New England,Major,13735.0,59.3,2023-10-01,Regional
Oct-Dec 2023,Manning,Hunter New England,Major,9698.0,48.4,2023-10-01,Regional
Oct-Dec 2023,Milton,Illawarra Shoalhaven,District group 2,4450.0,70.3,2023-10-01,Metropolitan
Oct-Dec 2023,Moree,Hunter New England,District group 2,2698.0,64.2,2023-10-01,Regional
Oct-Dec 2023,Moruya,Southern NSW,District group 2,3452.0,83.4,2023-10-01,Regional
Oct-Dec 2023,Mount Druitt,Western Sydney,District group 1,9966.0,48.6,2023-10-01,Metropolitan
Oct-Dec 2023,Mudgee,Western NSW,District group 2,4142.0,76.5,2023-10-01,Regional
Oct-Dec 2023,Murwillumbah,Northern NSW,District group 1,5226.0,80.6,2023-10-01,Regional
Oct-Dec 2023,Muswellbrook,Hunter New England,District group 2,2818.0,66.8,2023-10-01,Regional
Oct-Dec 2023,Narrabri,Hunter New England,District group 2,1734.0,87.8,2023-10-01,Regional
Oct-Dec 2023,Nepean,Nepean Blue Mountains,Principal referral,20624.0,61.7,2023-10-01,Metropolitan
Oct-Dec 2023,Northern Beaches,Northern Sydney,Major,16717.0,71.0,2023-10-01,Metropolitan
Oct-Dec 2023,Orange,Western NSW,Major,8549.0,74.5,2023-10-01,Regional
Oct-Dec 2023,Port Macquarie,Mid North Coast,Major,12933.0,71.1,2023-10-01,Regional
Oct-Dec 2023,Prince of Wales,South Eastern Sydney,Principal referral,16046.0,56.0,2023-10-01,Metropolitan
Oct-Dec 2023,Queanbeyan,Southern NSW,District group 2,6797.0,84.1,2023-10-01,Regional
Oct-Dec 2023,Royal North Shore,Northern Sydney,Principal referral,21756.0,77.0,2023-10-01,Metropolitan
Oct-Dec 2023,Royal Prince Alfred,Sydney,Principal referral,21856.0,62.8,2023-10-01,Metropolitan
Oct-Dec 2023,Ryde,Northern Sydney,District group 1,7537.0,86.3,2023-10-01,Metropolitan
Oct-Dec 2023,Shellharbour,Illawarra Shoalhaven,District group 1,9475.0,64.2,2023-10-01,Metropolitan
Oct-Dec 2023,Shoalhaven,Illawarra Shoalhaven,Major,10660.0,60.3,2023-10-01,Metropolitan
Oct-Dec 2023,Singleton,Hunter New England,District group 2,4362.0,78.6,2023-10-01,Regional
Oct-Dec 2023,South East Regional,Southern NSW,District group 1,5723.0,77.4,2023-10-01,Regional
Oct-Dec 2023,St George,South Eastern Sydney,Principal referral,20735.0,51.4,2023-10-01,Metropolitan
Oct-Dec 2023,St Vincent's,St Vincent's Health Network,Principal referral,14160.0,58.8,2023-10-01,Specialty network
Oct-Dec 2023,Sutherland,South Eastern Sydney,Major,16262.0,52.9,2023-10-01,Metropolitan
Oct-Dec 2023,Sydney Children's Randwick,Sydney Children's Hospitals Network,Paediatric specialist,9177.0,60.8,2023-10-01,Specialty network
Oct-Dec 2023,Sydney and Sydney Eye,South Eastern Sydney,Ungrouped acute - tertiary referral,8159.0,79.1,2023-10-01,Metropolitan
Oct-Dec 2023,Tamworth,Hunter New England,Major,10890.0,59.1,2023-10-01,Regional
Oct-Dec 2023,Tweed Valley,Northern NSW,Major,14481.0,83.1,2023-10-01,Regional
Oct-Dec 2023,Wagga Wagga,Murrumbidgee,Major,12286.0,72.9,2023-10-01,Regional
Oct-Dec 2023,Westmead,Western Sydney,Principal referral,19679.0,36.7,2023-10-01,Metropolitan
Oct-Dec 2023,Wollongong,Illawarra Shoalhaven,Principal referral,18631.0,70.2,2023-10-01,Metropolitan
Oct-Dec 2023,Wyong,Central Coast,Major,19330.0,53.8,2023-10-01,Metropolitan
Oct-Dec 2023,Young,Murrumbidgee,District group 2,2575.0,90.4,2023-10-01,Regional
Oct-Dec 2024,Armidale,Hunter New England,District group 1,5264.0,59.0,2024-10-01,Regional
Oct-Dec 2024,Auburn,Western Sydney,Major,8670.0,74.0,2024-10-01,Metropolitan
Oct-Dec 2024,Ballina,Northern NSW,District group 2,4872.0,54.0,2024-10-01,Regional
Oct-Dec 2024,Bankstown-Lidcombe,South Western Sydney,Principal referral,14466.0,58.9,2024-10-01,Metropolitan
Oct-Dec 2024,Batemans Bay,Southern NSW,District group 2,3017.0,81.4,2024-10-01,Regional
Oct-Dec 2024,Bathurst,Western NSW,District group 1,6362.0,68.9,2024-10-01,Regional
Oct-Dec 2024,Belmont,Hunter New England,District group 1,7336.0,75.6,2024-10-01,Regional
Oct-Dec 2024,Blacktown,Western Sydney,Major,16341.0,41.1,2024-10-01,Metropolitan
Oct-Dec 2024,Blue Mountains,Nepean Blue Mountains,District group 2,5034.0,73.9,2024-10-01,Metropolitan
Oct-Dec 2024,Bowral,South Western Sydney,District group 1,6233.0,87.0,2024-10-01,Metropolitan
Oct-Dec 2024,Broken Hill,Far West,District group 1,5403.0,76.1,2024-10-01,Regional
Oct-Dec 2024,Byron Central,Northern NSW,District group 2,6188.0,78.6,2024-10-01,Regional
Oct-Dec 2024,Calvary Mater,Hunter New England,Ungrouped acute - tertiary referral,9820.0,83.2,2024-10-01,Regional
Oct-Dec 2024,Campbelltown,South Western Sydney,Major,22413.0,37.4,2024-10-01,Metropolitan
Oct-Dec 2024,Canterbury,Sydney,Major,12576.0,71.0,2024-10-01,Metropolitan
Oct-Dec 2024,Casino,Northern NSW,District group 2,3605.0,60.8,2024-10-01,Regional
Oct-Dec 2024,Cessnock,Hunter New England,District group 2,3952.0,73.2,2024-10-01,Regional
Oct-Dec 2024,Children's at Westmead,Sydney Children's Hospitals Network,Paediatric specialist,14782.0,74.1,2024-10-01,Specialty network
Oct-Dec 2024,Coffs Harbour,Mid North Coast,Major,12548.0,55.5,2024-10-01,Regional
Oct-Dec 2024,Concord,Sydney,Principal referral,11170.0,81.9,2024-10-01,Metropolitan
Oct-Dec 2024,Cooma,Southern NSW,District group 2,2737.0,93.6,2024-10-01,Regional
Oct-Dec 2024,Cowra,Western NSW,District group 2,2304.0,86.7,2024-10-01,Regional
Oct-Dec 2024,Deniliquin,Murrumbidgee,District group 2,2786.0,96.6,2024-10-01,Regional
Oct-Dec 2024,Dubbo,Western NSW,Major,10288.0,75.6,2024-10-01,Regional
Oct-Dec 2024,Fairfield,South Western Sydney,Major,9439.0,72.5,2024-10-01,Metropolitan
Oct-Dec 2024,Forbes,Western NSW,District group 2,2139.0,90.1,2024-10-01,Regional
Oct-Dec 2024,Gosford,Central Coast,Principal referral,19618.0,55.3,2024-10-01,Metropolitan
Oct-Dec 2024,Goulburn,Southern NSW,District group 1,5823.0,65.4,2024-10-01,Regional
Oct-Dec 2024,Grafton,Northern NSW,District group 1,7530.0,57.0,2024-10-01,Regional
Oct-Dec 2024,Griffith,Murrumbidgee,District group 1,5593.0,65.7,2024-10-01,Regional
Oct-Dec 2024,Gunnedah,Hunter New England,District group 2,2196.0,79.7,2024-10-01,Regional
Oct-Dec 2024,Hawkesbury,Nepean Blue Mountains,District group 1,7854.0,49.9,2024-10-01,Metropolitan
Oct-Dec 2024,Hornsby,Northern Sydney,Major,12586.0,72.5,2024-10-01,Metropolitan
Oct-Dec 2024,Inverell,Hunter New England,District group 2,2567.0,83.7,2024-10-01,Regional
Oct-Dec 2024,John Hunter,Hunter New England,Principal referral,21250.0,51.0,2024-10-01,Regional
Oct-Dec 2024,Kempsey,Mid North Coast,District group 2,6917.0,78.7,2024-10-01,Regional
Oct-Dec 2024,Kurri Kurri,Hunter New England,District group 2,692.0,95.1,2024-10-01,Regional
Oct-Dec 2024,Lismore,Northern NSW,Major,10550.0,48.4,2024-10-01,Regional
Oct-Dec 2024,Lithgow,Nepean Blue Mountains,District group 2,3579.0,81.3,2024-10-01,Metropolitan
Oct-Dec 2024,Liverpool,South Western Sydney,Principal referral,22736.0,66.1,2024-10-01,Metropolitan
Oct-Dec 2024,Macksville,Mid North Coast,District group 2,3699.0,83.3,2024-10-01,Regional
Oct-Dec 2024,Maclean,Northern NSW,District group 2,4328.0,74.2,2024-10-01,Regional
Oct-Dec 2024,Maitland,Hunter New England,Major,14263.0,44.2,2024-10-01,Regional
Oct-Dec 2024,Manning,Hunter New England,Major,9748.0,51.0,2024-10-01,Regional
Oct-Dec 2024,Milton,Illawarra Shoalhaven,District group 2,4812.0,67.7,2024-10-01,Metropolitan
Oct-Dec 2024,Moree,Hunter New England,District group 2,2884.0,67.2,2024-10-01,Regional
Oct-Dec 2024,Moruya,Southern NSW,District group 2,3484.0,72.9,2024-10-01,Regional
Oct-Dec 2024,Mount Druitt,Western Sydney,District group 1,9572.0,58.7,2024-10-01,Metropolitan
Oct-Dec 2024,Mudgee,Western NSW,District group 2,4258.0,73.1,2024-10-01,Regional
Oct-Dec 2024,Murwillumbah,Northern NSW,District group 1,5395.0,86.1,2024-10-01,Regional
Oct-Dec 2024,Muswellbrook,Hunter New England,District group 2,2847.0,65.8,2024-10-01,Regional
Oct-Dec 2024,Narrabri,Hunter New England,District group 2,1726.0,90.7,2024-10-01,Regional
Oct-Dec 2024,Nepean,Nepean Blue Mountains,Principal referral,21781.0,60.5,2024-10-01,Metropolitan
Oct-Dec 2024,Northern Beaches,Northern Sydney,Major,16341.0,70.8,2024-10-01,Metropolitan
Oct-Dec 2024,Orange,Western NSW,Major,8282.0,65.4,2024-10-01,Regional
Oct-Dec 2024,Port Macquarie,Mid North Coast,Major,13903.0,61.0,2024-10-01,Regional
Oct-Dec 2024,Prince of Wales,South Eastern Sydney,Principal referral,16360.0,48.4,2024-10-01,Metropolitan
Oct-Dec 2024,Queanbeyan,Southern NSW,District group 2,6832.0,80.6,2024-10-01,Regional
Oct-Dec 2024,Royal North Shore,Northern Sydney,Principal referral,22246.0,71.7,2024-10-01,Metropolitan
Oct-Dec 2024,Royal Prince Alfred,Sydney,Principal referral,21174.0,65.5,2024-10-01,Metropolitan
Oct-Dec 2024,Ryde,Northern Sydney,District group 1,7132.0,84.3,2024-10-01,Metropolitan
Oct-Dec 2024,Shellharbour,Illawarra Shoalhaven,District group 1,9890.0,66.2,2024-10-01,Metropolitan
Oct-Dec 2024,Shoalhaven,Illawarra Shoalhaven,Major,11159.0,55.6,2024-10-01,Metropolitan
Oct-Dec 2024,Singleton,Hunter New England,District group 2,4424.0,73.4,2024-10-01,Regional
Oct-Dec 2024,South East Regional,Southern NSW,District group 1,6259.0,70.1,2024-10-01,Regional
Oct-Dec 2024,St George,South Eastern Sydney,Principal referral,20892.0,56.1,2024-10-01,Metropolitan
Oct-Dec 2024,St Vincent's,St Vincent's Health Network,Principal referral,14741.0,62.3,2024-10-01,Specialty network
Oct-Dec 2024,Sutherland,South Eastern Sydney,Major,16021.0,54.1,2024-10-01,Metropolitan
Oct-Dec 2024,Sydney Children's Randwick,Sydney Children's Hospitals Network,Paediatric specialist,8715.0,76.6,2024-10-01,Specialty network
Oct-Dec 2024,Sydney and Sydney Eye,South Eastern Sydney,Ungrouped acute - tertiary referral,8429.0,71.8,2024-10-01,Metropolitan
Oct-Dec 2024,Tamworth,Hunter New England,Major,10694.0,56.8,2024-10-01,Regional
Oct-Dec 2024,Tweed Valley,Northern NSW,Major,15148.0,76.5,2024-10-01,Regional
Oct-Dec 2024,Wagga Wagga,Murrumbidgee,Major,12293.0,61.6,2024-10-01,Regional
Oct-Dec 2024,Westmead,Western Sydney,Principal referral,19949.0,42.4,2024-10-01,Metropolitan
Oct-Dec 2024,Wollongong,Illawarra Shoalhaven,Principal referral,18597.0,70.0,2024-10-01,Metropolitan
Oct-Dec 2024,Wyong,Central Coast,Major,17983.0,47.8,2024-10-01,Metropolitan
Oct-Dec 2024,Young,Murrumbidgee,District group 2,2419.0,78.6,2024-10-01,Regional
Oct-Dec 2025,Armidale,Hunter New England,District group 1,5500.0,61.7,2025-10-01,Regional
Oct-Dec 2025,Auburn,Western Sydney,District group 1,9200.0,82.3,2025-10-01,Metropolitan
Oct-Dec 2025,Ballina,Northern NSW,District group 2,5020.0,65.6,2025-10-01,Regional
Oct-Dec 2025,Bankstown-Lidcombe,South Western Sydney,Principal referral,15056.0,58.1,2025-10-01,Metropolitan
Oct-Dec 2025,Batemans Bay,Southern NSW,District group 2,2839.0,77.6,2025-10-01,Regional
Oct-Dec 2025,Bathurst,Western NSW,District group 1,6208.0,75.4,2025-10-01,Regional
Oct-Dec 2025,Belmont,Hunter New England,District group 1,6906.0,73.8,2025-10-01,Regional
Oct-Dec 2025,Blacktown,Western Sydney,Principal referral,17037.0,52.4,2025-10-01,Metropolitan
Oct-Dec 2025,Blue Mountains,Nepean Blue Mountains,District group 1,5104.0,74.5,2025-10-01,Metropolitan
Oct-Dec 2025,Bowral,South Western Sydney,District group 1,6375.0,89.8,2025-10-01,Metropolitan
Oct-Dec 2025,Broken Hill,Far West,District group 1,5032.0,74.4,2025-10-01,Regional
Oct-Dec 2025,Calvary Mater,Hunter New England,Major,9439.0,82.5,2025-10-01,Regional
Oct-Dec 2025,Camden,South Western Sydney,District group 2,3009.0,85.3,2025-10-01,Metropolitan
Oct-Dec 2025,Campbelltown,South Western Sydney,Principal referral,23738.0,69.7,2025-10-01,Metropolitan
Oct-Dec 2025,Canterbury,Sydney,Major,13389.0,65.9,2025-10-01,Metropolitan
Oct-Dec 2025,Cessnock,Hunter New England,District group 2,3633.0,75.5,2025-10-01,Regional
Oct-Dec 2025,Children's at Westmead,Sydney Children's Hospitals Network,Paediatric specialist,15692.0,66.7,2025-10-01,Specialty network
Oct-Dec 2025,Coffs Harbour,Mid North Coast,Major,13014.0,51.7,2025-10-01,Regional
Oct-Dec 2025,Concord,Sydney,Principal referral,11555.0,64.8,2025-10-01,Metropolitan
Oct-Dec 2025,Cooma,Southern NSW,District group 2,2931.0,93.0,2025-10-01,Regional
Oct-Dec 2025,Cowra,Western NSW,District group 2,2464.0,72.2,2025-10-01,Regional
Oct-Dec 2025,Deniliquin,Murrumbidgee,District group 2,2660.0,94.3,2025-10-01,Regional
Oct-Dec 2025,Dubbo,Western NSW,Major,9761.0,48.9,2025-10-01,Regional
Oct-Dec 2025,Fairfield,South Western Sydney,Major,10108.0,50.3,2025-10-01,Metropolitan
Oct-Dec 2025,Forbes,Western NSW,District group 2,1964.0,91.9,2025-10-01,Regional
Oct-Dec 2025,Gosford,Central Coast,Principal referral,19563.0,51.5,2025-10-01,Metropolitan
Oct-Dec 2025,Goulburn,Southern NSW,District group 1,6404.0,68.3,2025-10-01,Regional
Oct-Dec 2025,Grafton,Northern NSW,District group 1,7775.0,65.4,2025-10-01,Regional
Oct-Dec 2025,Griffith,Murrumbidgee,District group 1,5285.0,83.2,2025-10-01,Regional
Oct-Dec 2025,Hawkesbury,Nepean Blue Mountains,District group 1,8241.0,60.3,2025-10-01,Metropolitan
Oct-Dec 2025,Hornsby,Northern Sydney,Major,13172.0,75.9,2025-10-01,Metropolitan
Oct-Dec 2025,Inverell,Hunter New England,District group 2,2748.0,83.4,2025-10-01,Regional
Oct-Dec 2025,John Hunter,Hunter New England,Principal referral,21247.0,57.2,2025-10-01,Regional
Oct-Dec 2025,Kempsey,Mid North Coast,District group 1,6985.0,75.9,2025-10-01,Regional
Oct-Dec 2025,Kurri Kurri,Hunter New England,District group 2,574.0,91.7,2025-10-01,Regional
Oct-Dec 2025,Lismore,Northern NSW,Major,11173.0,62.4,2025-10-01,Regional
Oct-Dec 2025,Lithgow,Nepean Blue Mountains,District group 2,3351.0,79.0,2025-10-01,Metropolitan
Oct-Dec 2025,Liverpool,South Western Sydney,Principal referral,24100.0,75.0,2025-10-01,Metropolitan
Oct-Dec 2025,Macksville,Mid North Coast,District group 2,3935.0,91.0,2025-10-01,Regional
Oct-Dec 2025,Maitland,Hunter New England,Major,14849.0,69.2,2025-10-01,Regional
Oct-Dec 2025,Manning,Hunter New England,Major,10156.0,50.8,2025-10-01,Regional
Oct-Dec 2025,Milton,Illawarra Shoalhaven,District group 2,5121.0,68.5,2025-10-01,Metropolitan
Oct-Dec 2025,Moree,Hunter New England,District group 2,2709.0,89.8,2025-10-01,Regional
Oct-Dec 2025,Moruya,Southern NSW,District group 1,3495.0,70.7,2025-10-01,Regional
Oct-Dec 2025,Mount Druitt,Western Sydney,District group 1,10663.0,56.4,2025-10-01,Metropolitan
Oct-Dec 2025,Mudgee,Western NSW,District group 2,4426.0,72.0,2025-10-01,Regional
Oct-Dec 2025,Murwillumbah,Northern NSW,District group 1,4766.0,90.9,2025-10-01,Regional
Oct-Dec 2025,Muswellbrook,Hunter New England,District group 2,2837.0,56.7,2025-10-01,Regional
Oct-Dec 2025,Nepean,Nepean Blue Mountains,Principal referral,23011.0,50.5,2025-10-01,Metropolitan
Oct-Dec 2025,Northern Beaches,Northern Sydney,Major,16437.0,65.1,2025-10-01,Metropolitan
Oct-Dec 2025,Orange,Western NSW,Major,8326.0,69.0,2025-10-01,Regional
Oct-Dec 2025,Port Macquarie,Mid North Coast,Major,13981.0,64.9,2025-10-01,Regional
Oct-Dec 2025,Prince of Wales,South Eastern Sydney,Principal referral,16593.0,53.1,2025-10-01,Metropolitan
Oct-Dec 2025,Queanbeyan,Southern NSW,District group 1,6864.0,80.4,2025-10-01,Regional
Oct-Dec 2025,Royal North Shore,Northern Sydney,Principal referral,23573.0,71.8,2025-10-01,Metropolitan
Oct-Dec 2025,Royal Prince Alfred,Sydney,Principal referral,22044.0,57.7,2025-10-01,Metropolitan
Oct-Dec 2025,Ryde,Northern Sydney,District group 1,7283.0,82.4,2025-10-01,Metropolitan
Oct-Dec 2025,Shellharbour,Illawarra Shoalhaven,District group 1,9633.0,67.1,2025-10-01,Metropolitan
Oct-Dec 2025,Shoalhaven,Illawarra Shoalhaven,Major,10912.0,41.3,2025-10-01,Metropolitan
Oct-Dec 2025,Singleton,Hunter New England,District group 2,4214.0,74.3,2025-10-01,Regional
Oct-Dec 2025,South East Regional,Southern NSW,District group 1,6106.0,65.3,2025-10-01,Regional
Oct-Dec 2025,St George,South Eastern Sydney,Principal referral,21785.0,60.8,2025-10-01,Metropolitan
Oct-Dec 2025,St Vincent's,St Vincent's Health Network,Principal referral,15167.0,60.3,2025-10-01,Specialty network
Oct-Dec 2025,Sutherland,South Eastern Sydney,Major,16826.0,52.8,2025-10-01,Metropolitan
Oct-Dec 2025,Sydney Children's Randwick,Sydney Children's Hospitals Network,Paediatric specialist,9291.0,70.8,2025-10-01,Specialty network
Oct-Dec 2025,Sydney and Sydney Eye,South Eastern Sydney,Ungrouped acute - tertiary referral,8769.0,65.4,2025-10-01,Metropolitan
Oct-Dec 2025,Tamworth,Hunter New England,Major,11072.0,64.5,2025-10-01,Regional
Oct-Dec 2025,Tweed Valley,Northern NSW,Major,15281.0,80.8,2025-10-01,Regional
Oct-Dec 2025,Wagga Wagga,Murrumbidgee,Major,12715.0,73.6,2025-10-01,Regional
Oct-Dec 2025,Westmead,Western Sydney,Principal referral,20310.0,37.2,2025-10-01,Metropolitan
Oct-Dec 2025,Wollongong,Illawarra Shoalhaven,Principal referral,18282.0,75.2,2025-10-01,Metropolitan
Oct-Dec 2025,Wyong,Central Coast,Major,18432.0,52.1,2025-10-01,Metropolitan
Oct-Dec 2025,Young,Murrumbidgee,District group 2,2422.0,87.8,2025-10-01,Regional
